ra,dec,zc,vpar_kms,zobs,sx,sy,sz
303.99186654901735,46.43179252925444,0.420571580830845,-144.64994982422198,0.42008941433143093,2.254944273721705,-19.01317250991714,56.75971780695451
109.19258138841388,-4.2125482525759566,0.5833820394550312,244.86773111720106,0.5841982652254218,0.9373711634780477,-43.63243112005924,51.16084083144477
222.6128388031194,-44.908858554760705,0.9097462559682401,289.6712856225919,0.9107118269203154,62.04344719931791,80.43319008791653,-37.970486136133474
262.7394293736463,71.79089183423883,0.6839839319154413,-16.71437072837199,0.6839282173463467,-79.85975838632683,-13.165632909243257,22.177394688760316
328.68397916564334,83.98914619873659,0.47700977655271704,219.18595666298404,0.4777403964082603,-47.90153792160812,61.005565402604475,9.739860767117861
5.055012059046824,39.54684355271175,0.39882354222426875,194.90698628893983,0.39947323217856523,33.63064024637018,-99.77143613711435,-1.284426706935065
312.33699917740114,-46.096042160316244,0.32520436274739006,222.28273926519273,0.32594530521160736,-61.78658169952189,13.50214812413438,-52.27681427695596
348.3144901044516,54.57230447037662,0.44796957143557037,-251.73250886847876,0.44713046307267545,-35.98907906549084,1.5881285041147777,86.56676484538136
39.26082453519732,9.228104296299222,0.7065614098668896,28.464546797054254,0.7066562916895465,62.8933726582672,8.056721394064795,92.76770919476019
217.14682606609787,15.771071551578544,0.4449890262755162,57.772116949863744,0.4451815999986824,-23.019770805467914,15.130202832977702,-41.934099519448395
68.1808782795682,-56.38868491400008,0.6127731798686067,93.99563339377733,0.6130864986465859,-4.693801598123855,-82.03512776088127,51.52078439328736
315.6373334961989,76.2085828703305,0.8424602231401824,238.90387281472738,0.8432565693828982,84.61648796403537,8.119984989610884,-21.740789953075023
253.90202394758626,-40.38585816381711,0.8116287085078785,209.69157911182026,0.8123276804382512,79.00779348533504,17.960236706231967,89.95297464642411
208.69020386841814,-8.898640806392066,0.660245378622389,297.75470361214366,0.6612378943010961,83.38824358949122,58.66501682604485,-83.52540236067051
220.6019178146564,-2.440043645549977,0.6301473404114728,207.04654540290915,0.6308374955628159,-51.39287558762875,46.29784415816957,-76.5731413582964
79.36579327241827,53.024934907903656,0.33253614921965546,189.54785792019572,0.3331679754127228,-79.87849595678077,-70.72830221753924,39.53412803824776
16.284264431620446,13.295886622050048,0.9100160146990397,20.518780956434398,0.9100844106355611,36.1178265124513,-94.66064106755896,26.999981982291658
218.2818303915188,13.671530645677336,0.3912094093228269,-77.91603579888749,0.39094968920349726,96.10333012945372,-92.72159247770284,-95.67269802899519
345.97126088626004,-56.7050505484611,0.12389516442443171,-173.6540940680121,0.123316317444205,60.14931807083619,87.39383172891615,-95.44348486626832
153.22277950805417,-71.72996051264944,0.259919889792832,-167.5024372102096,0.2593615483354646,29.385143967064522,-29.94120652069354,-63.93641969406243
181.3091418755594,-82.91183272475537,0.10092124118896661,292.94108923350063,0.10189771148641162,-60.128841906587404,-28.288939737679627,46.319661245072126
301.7975634696299,75.32677115915965,0.16942460609746768,103.58433814383153,0.16976988722461378,93.30978060863663,-88.38981123470026,35.24035685987565
304.3528537325819,-28.383742605854877,0.25068733928511167,58.074836081646595,0.2508809220720505,-11.53719326018421,-65.03610310971177,-5.67491698074241
147.56594243671964,12.440293114370434,0.5086001300626332,-113.13239939987591,0.5082230220646335,-28.56966348194743,67.5322348737958,-49.813467035572586
201.81607878726862,-87.76146261072341,0.7415743774106636,-98.45006731592366,0.7412462105196105,-90.86070128631667,-43.82336715633035,-51.97391843472921
343.1265623380076,-26.59939892720866,0.2878779148564,-84.4792816477522,0.2875963172509075,89.38116713157822,26.74957044985051,24.215369123733453
257.6229661085243,-20.156897643748977,0.4144179882772473,90.49971735800699,0.41471965400177396,-99.69515562865597,-61.53809175106484,-33.11966186749969
86.18974566694509,24.731892203274043,0.37864807032309444,225.25403502781035,0.37939891710652046,13.63028418203838,-17.118720663271134,-19.546584976184093
252.65866461612316,-14.719220407356104,0.6621958889738174,-271.932188425921,0.661289448345731,-10.929562056234033,-48.15461531055545,-68.46268557553783
189.92632686034128,-2.292191807574227,0.5614049256144269,153.29086035520953,0.5619158951489442,76.77503084974018,-1.0834659249426437,-37.588350716625406
168.08120472690848,55.628254324865225,0.8750163314802711,187.4489594182554,0.8756411613449987,-62.3997411898344,99.88407189106607,26.61775198366007
30.04813806326255,40.59978398303625,0.9868214802051282,-58.90990667247388,0.9866251138495532,35.703001048393645,-36.76457255573153,-57.29506758706078
258.2366915919734,-89.5756383505163,0.8227314105314157,17.007586115875654,0.8227881024851353,-80.44313163986814,-76.21922104305084,29.853084979230715
314.5153766041232,-39.60310620116294,0.9785151867733981,-239.89158656177457,0.9777155481515255,70.78762191946763,-20.660764533819105,-83.73091664635317
98.89698363093434,-8.46392673277542,0.7923415311856522,216.8159421823417,0.7930642509929267,-73.31588915949018,4.1731056828397755,30.156647629947457
124.93908525585653,66.9354904279055,0.27840981521636055,-288.8554034726429,0.27744696387145173,-91.86734526494782,36.199354022248656,11.671147219409377
340.74091950119856,78.91898395228534,0.9098511774051025,-274.79728081959524,0.9089351864690371,49.82696467817263,40.26496351897194,31.072372934945918
256.448754905847,72.48782711147953,0.6401411997932241,-76.5304422166464,0.6398860983191687,7.585756746364098,-58.431179261835055,17.425100939028695
3.202949537668367,-62.8158287044822,0.3334083880298664,173.77389535546956,0.33398763434771794,43.699884554307914,-32.348805994664275,24.107621663310326
14.833061822235344,-60.50510177839633,0.9819140701253054,-126.28148781847983,0.9814931318325771,-21.041603402341863,9.696859314502689,-41.31859970853269
172.10328089436754,-46.8529049450477,0.04825636228829444,-192.2478905750666,0.04761553598637755,4.610046340019622,-85.8274231811305,-19.366170710981294
118.26745560557528,-15.350110385140368,0.09940033823870109,245.19453263806827,0.10021765334749465,-5.199069772540724,68.16966652553432,95.24589152981139
123.7145737167964,-3.7644265526425045,0.6995952911506185,-44.078805873583065,0.6994483617977065,-39.61937675612881,46.95019824372304,78.8799556429149
331.08798399537966,22.813568425236113,0.3755713463285453,284.73631288781644,0.3765204673715047,27.775703500094664,-86.83306454453981,-83.06608617597777
269.953045841911,-78.99189182172611,0.007851005331251826,-63.71522893097432,0.0076386212348152445,3.800745740265853,-10.29114288068908,-2.276239114569492
210.55993271757876,32.274462126982485,0.4230380735074225,-79.00112619934447,0.42277473642009133,97.6918116198579,-47.81669291074875,55.42003090170192
155.2395688675359,-25.46633123828299,0.06385794894382868,218.14736658122547,0.06458510683243276,40.400829952387426,80.60214150818544,-9.677641462626468
243.69154805397727,-68.59614842030598,0.3979536016023134,-175.66081594975026,0.39736806554914755,-91.5797144218676,89.59227025126398,-56.82112630692857
52.68761633088205,-54.3653921595704,0.37803196431429753,27.834757389068216,0.37812474683892777,-69.73312630542179,97.7379777971513,96.59784210905642
53.42472615097074,-16.9367610297692,0.6799294831100022,226.59394974065708,0.6806847962758045,-0.918815017762256,83.40933455196301,-35.507937023738776
179.4387209366701,-0.2436134642983916,0.6700681513152942,-178.80521472032785,0.6694721339328931,21.954122083356083,-56.245380625568856,-31.9559369897936
346.5239267716854,71.82144684558136,0.8181183809177941,-278.71904287439264,0.8171893174415461,-70.32662350761404,-48.623617585619236,56.83331363783083
303.2399977478522,14.930672444319868,0.7181316517768294,184.23322798504552,0.7187457625367795,-86.72817379244296,-83.07137263338598,73.77906280087569
14.189698576090365,-49.48368233823071,0.04063202664590093,-290.8289160181639,0.039662596925840385,68.79093713848158,-33.88112654998395,-67.86198794745587
53.57501650400742,28.095059118660657,0.9685982716927071,2.999815563407026,0.9686082710779185,80.21809537680099,0.4857197904855042,14.774495498309847
244.28568844416927,54.91979802578467,0.7578463822613826,294.3195376233373,0.7588274473867936,49.393077830026556,81.15614467057327,-58.779033586883344
192.74986955828916,17.750567460144424,0.8256966171603538,-10.671862160450303,0.8256610442864857,58.20804234181912,-22.286221969977163,17.277691116289915
306.47397869318445,53.65070479874851,0.6569845518861341,-299.8555820848999,0.6559850332791844,-63.60621556275778,1.3715573702255455,-49.10812030332414
23.623503578183076,64.7790159818631,0.9429470213131631,-118.3170731105798,0.9425526310694612,-18.38536652302784,62.0075067634574,-87.54824822575537
230.75455052248208,-67.08225367209832,0.2870883399952252,197.9644119770436,0.287748221368482,-88.89459082206773,-92.8132333139622,-16.426791040741094
177.059145274655,65.39853295947614,0.7171887463451895,104.1262851597208,0.7175358339623885,-69.72524552004265,97.34118484373664,-17.771960742503737
220.23751115694958,-20.397059004017564,0.04703291581184044,-17.46647457116086,0.04697469422993657,-69.72644922103275,-93.5069075252112,23.480084736201093
226.7878648386008,-71.04729156185431,0.5491437662317772,-91.99921401601904,0.5488371021850571,-23.317185367022518,55.28397973993566,-1.9360644951508732
317.25958154840686,19.821553723120218,0.4671884150380703,79.38758403323072,0.4674530403181811,-32.42692403424951,-75.13524149434951,36.50592373850478
223.9334793887965,51.94196844729544,0.1271091249471088,247.06999087771328,0.12793269158336784,59.86824228436279,83.37748161820187,74.50694435469339
245.16232068854052,55.84515289872459,0.5190073092314018,171.29348961639909,0.5195782875301231,-62.17450642856299,56.422821271458844,-11.084079188731863
272.3818396670514,-8.015357373806197,0.7895587282777832,-254.79624886886387,0.7887094074482203,-91.0718189151175,86.85791647431353,-2.76697985025298
324.3857038736057,80.06098533877261,0.6665111524556335,43.07809565608477,0.6666547461078205,-56.804123178638164,-81.30475614019836,63.878843016454624
319.9579443475156,50.291227925079426,0.6985024327316249,-47.93333035510753,0.6983426549637746,-38.93768199460872,-77.3110208724582,-14.8059503855674
203.7646707291927,76.11850496475225,0.9357547693309531,-50.615282075452114,0.935586051724035,-80.15780238038086,54.76374649428868,46.85586833142315
11.052304542686212,-9.590652155909424,0.6864181042985581,-281.91945926863804,0.6854783727676627,83.85647068032273,92.44849730208384,44.50855441776801
28.273874274649366,-77.34069614225598,0.3592533148212369,-282.3734953458081,0.3583120698367509,-30.4244545431321,-98.0071517374068,94.86470256819356
294.8424116647906,-77.30682993392628,0.8934350918478603,-175.2131759975906,0.8928510479278683,-59.04184034613,34.75182910576683,87.6524536325096
44.34772364252546,-88.70677789459131,0.3691301471700257,-285.2099913383065,0.368179447198898,20.96964751610622,71.83512172384178,-62.601659515428445
40.46077289886626,-27.99907067905005,0.9591715206073138,-221.90538334278955,0.9584318359961712,93.30385209339875,-27.55202601103015,-5.325919447977697
105.34751494739047,78.68283195878456,0.9581478949874975,81.54942390464606,0.958419726400513,-63.19088996496889,98.59035772205743,-79.48391209061761
209.10577737386893,-61.84744918505842,0.8976753141502056,267.40703489736904,0.8985666709331969,60.87805960002157,-36.82171626637511,-51.432262008402965
271.7490287588536,-37.609286553836284,0.4197853778540753,-272.2465938584152,0.4188778892078806,-73.55323791323869,-95.89007587164467,-84.41577598129284
26.3560137713499,-14.358293608653568,0.5507771776374378,144.52729192255316,0.5512589352771797,-71.5433052315168,-15.562250766116236,27.39320748234408
30.440050134815717,-9.933992073683314,0.3692560392397978,269.35915736499703,0.3701539030976811,-88.42857721979655,-18.274755763370393,-16.554904040758984
262.14498165588407,-32.2792194825893,0.20399027594623398,-124.01300690021694,0.20357689925656658,-5.822491510128259,90.05366591432423,59.30340455266128
99.70928848070758,10.47268591074834,0.6882003035685332,177.39429340927933,0.6887916178798975,-10.767123210030476,-20.24461897405881,53.5281485642557
155.41793840308034,-45.36761959853908,0.4534470315306477,262.26278777427365,0.4543212408232286,-71.48650235627974,-7.512929094557592,27.460704872756295
173.9836757765161,-53.344817213333414,0.0018431606156659175,119.3950270820634,0.0022411440392727956,23.747103604690494,-98.44467011282715,-40.28797579637584
276.70833343542296,23.20566813803177,0.5452081159439722,-206.26733411457064,0.5445205581635904,41.25880859993768,-5.713015656839261,35.635749247192734
273.6323412204572,-48.174710140575876,0.7619950130977117,-131.94696918696644,0.7615551898670885,96.8030274236491,-75.83367784309627,76.7436037488113
14.596965015613677,-43.816352697334075,0.5261019087624684,48.96971006675676,0.5262651411293576,-20.75300299438156,-79.5936543545858,-49.478382835057346
102.02274138977592,45.94011382057167,0.9087743252220071,57.24594929185167,0.9089651450529799,-92.90980686179451,58.44729432834205,-38.879213432016016
122.36054630984765,5.433378776174649,0.24904704757555507,251.98685271442184,0.24988700375126982,-67.28904833183742,-17.033919899253448,-42.061610098558845
187.14027679258126,13.316724554827786,0.6271396891048426,18.825482302783655,0.6272024407125186,-17.8390995328801,26.91880247529319,-19.317424682636485
280.2780932594572,51.87193654589822,0.29225416811082217,-76.91740586653529,0.2919977767579337,25.76218118937723,-68.58600657686857,39.40638619738496
137.3139910730567,16.39124545626126,0.1395330992312218,100.95503165853592,0.13986961600341694,-29.188427877260054,-5.466884758553704,-16.978519830092864
171.61748927823405,35.04521392495995,0.31824017683207795,91.23268853912901,0.31854428579387506,-87.95557850005962,-39.96296950755802,49.04193803000916
18.866116102342914,21.805595150802347,0.025546799267838538,-17.082679014059693,0.025489857004458338,77.70900874269532,-97.97798120047922,5.365604130784575
23.924458677190685,66.07975970690788,0.6862965222396646,145.17231400885748,0.6867804299530275,33.8015159891776,-98.71530926037086,-91.76442754842029
223.51564944793677,89.94332260384405,0.8731472390917929,119.81148403522258,0.8735466107052436,45.41999086845797,-54.662595479667516,50.32278682716239
103.65267775083753,-71.01715193596927,0.4608948954667579,-101.88253648222917,0.46055528701181714,-66.34892026976419,-15.658021497719062,79.44019539277508
156.69729838734077,-9.487458855049539,0.708827757444238,14.497122091375388,0.7088760811845426,-74.1553929316013,82.07847950879398,-11.175132767606982
284.1615861211293,-20.002476595996058,0.806846018820692,-66.27815039552837,0.8066250916527069,-55.96809566679084,-60.76106661666627,88.00692886750207
211.15089308916723,-81.03721228951233,0.38834759617804915,-159.58244368504378,0.387815654699099,-83.06858707814013,-62.64882629571831,-88.60190400009931
229.70650616211697,-58.792704329255606,0.6107798762435255,67.50404873473781,0.6110048897393079,40.98474214798736,2.423730122286244,-43.115201933040346
315.88468341427006,-26.447205289767545,0.4582943249787391,79.12765903832786,0.4585580838422002,3.2248596334899133,91.29366971330674,90.94353548762442
334.7135462193935,78.13374293974647,0.580960135568696,-5.878761761998192,0.580940539696156,40.82336347647379,-56.91608140290641,-46.825592156894345
15.770611307913004,-60.68564233955442,0.0038745499388105342,92.77654591409885,0.004183805091857531,-71.91860219286362,57.335869115210414,36.10079917634502
349.44328560761846,-18.62739234865957,0.9213919134510528,-27.777496608280103,0.9212993217956919,-32.099252032758585,-79.53222601658925,76.56643701437193
286.12445708253125,-31.872784223689095,0.45574438492562896,-104.91392051205105,0.45539467185725546,-94.23417669238106,-91.12949492017661,-26.25917482358821
75.45287812636212,4.412628577906617,0.1877850356496189,-179.02704812015418,0.18718827882255173,34.53357626352607,47.120531352343164,-37.55358082517901
309.59798379601415,-44.16494856197209,0.34394037628155716,127.48823422176537,0.3443653370622964,-91.09941973415808,86.83669202323821,-85.53245364247493
165.93518121770165,40.428868672816066,0.04746853498479808,185.40161138230644,0.04808654035607244,95.77866866228277,-7.897665440874405,-76.37527274248639
29.331718435972782,-72.22852149063566,0.7654413741364753,-51.592290918888835,0.7652693998334124,83.84683163980623,-11.8720447827031,-84.57133797107838
153.69681150648023,45.86902081660017,0.8293384268467949,-276.3889880824849,0.8284171302198533,-63.92212174873324,-1.9973095952712043,-74.38290440967828
313.59335109918237,78.2029599203068,0.3195969983538176,-39.09379046878803,0.3194666857189217,11.410812884011307,-42.89884178328218,8.215139491912282
72.42661637056217,-36.60457477015568,0.44178363318767744,62.80194131468579,0.44199297299205975,7.233005217248632,-47.80240465321211,-53.642424916388954
42.74288521225597,51.02885446059108,0.09890076646638046,139.73100370761637,0.09936653647873918,-50.24526086738006,-43.08860319884349,47.21668660215988
237.4634850197891,43.54587999280048,0.5152830587943614,215.45749179916243,0.5160012504336919,-75.64122172490568,29.039392281301048,-76.35113750226881
265.42201253235413,-25.397160937478517,0.67488210437111,122.09034806476899,0.6752890721979925,32.12169152821167,-55.6884039344347,66.35997727747073
86.4489914724483,3.2675934981802044,0.6746457541533513,-159.83809512914607,0.6741129605029208,25.702344596787796,-42.63379040053428,-65.72352478312263
291.5095782695677,9.562098613924874,0.32788470660885605,51.258568323323914,0.3280555685032671,-94.94272051454233,-74.03542864793455,-20.88382966035138
351.2723686071884,1.8854132177021796,0.07645620506689521,159.024369149674,0.07698628629739412,56.28877418506303,54.960434878971256,13.899607609590774
250.45154563300656,-51.57757146390636,0.7325605908939883,189.70439240495665,0.7331929388686714,51.99330804438384,-29.3075194828226,18.205610115141724
226.43616869634195,72.14577365827509,0.1080138952733335,200.36026251024504,0.1086817628150343,5.287111693807844,-28.277175889612536,-8.879419701249532
4.548779615065963,-50.38675338034302,0.6527634200680049,96.50956785266936,0.6530851186275138,-1.0602119427373822,90.66517611946392,-3.81698229010577
113.01971743643779,62.60055105521545,0.259158299397262,62.58359582060973,0.2593669113833307,40.68377046446,64.33925973835684,57.07375003654977
138.27323898493606,-79.34754492670736,0.03828786548344276,135.8762327450757,0.03874078625925968,92.33827628137016,-31.36692514574122,-11.760980384897167
261.28728566703955,28.409624253698382,0.26010658848413604,102.95090747922148,0.26044975817573346,-39.01951608512324,-28.72841868759231,7.902661052618882
263.632976613623,-62.78108191776633,0.021987210892938758,76.69797269101315,0.0222428708019088,-95.08706444283274,-91.00735185676629,-54.84488465557329
235.39567438960398,-78.02188241651481,0.06240576762652772,283.25594662417006,0.06334995411527496,-15.46942124389004,78.48578679857184,-56.695143209447195
156.6767446036621,-25.553675769632093,0.17693553603496914,-102.71208854885,0.17659316240647296,97.35916373920935,49.46180195902389,-23.466344163368305
147.34239638397537,-42.52663779208806,0.531336678598825,141.38214728516795,0.531807952423109,37.32932315012022,-7.470032931736085,-91.6121906567686
331.7428103397367,-16.39191544270811,0.3902988670119316,-298.133931306507,0.38930508724090995,-72.35455718361739,73.77068350013573,2.7869192362606015
263.6765439201636,-63.32978044199547,0.33005100665524945,204.08193392271835,0.33073127976832517,64.13170423548493,-50.64114638275188,-95.60493833338555
290.32811047641707,-59.608079092904106,0.7876813921208954,110.19553793106422,0.7880487105806656,-66.33704793782115,-84.30227126601746,85.52988598445779
215.23622302202168,21.69183115017198,0.4575118028380537,-209.95741360662686,0.45681194479269827,20.393982589317545,-49.50542399249927,61.17893120350831
263.77882372994975,-85.09190669180789,0.9324230096450348,-278.21037100399315,0.9314956417416881,-82.07613623385852,-41.45308781915094,-69.83818790597198
85.01222984997686,-25.954292049920156,0.7354997154547138,-57.17318354109338,0.7353091381762435,-46.03204905491482,-1.5373692744660872,-21.481350042247897
111.87511109503451,72.09749841601393,0.5504484509596044,286.3965065848604,0.551403105981554,54.582481878687645,14.099859523915399,-47.51068214462719
247.26371626398193,-7.934810585441085,0.7213877150417534,-57.732714653363075,0.7211952726595755,-0.798992736410483,-95.86324651084888,47.99170046401059
12.338475968027044,32.530569452575136,0.5820036955379622,165.55056689287602,0.5825555307609385,-42.04448015251687,37.222163024665974,-58.58040487379237
190.53792048881922,-28.749531734787574,0.9784545513570129,283.11993442759115,0.9793982844717715,-58.20605290532799,13.207647177165867,-34.111462824345494
348.67374732730116,76.41467067358187,0.5861458530564896,132.05067306509625,0.5865860219667066,36.26495134181391,-29.3288735113278,83.27231387503201
323.8032732538885,-30.48147639394572,0.7473949106043586,-294.54472399533086,0.7464130948577075,63.27182211168838,12.973869079599922,90.46134255019004
130.74950683734284,22.628353482606727,0.3230024315033787,169.67122884239978,0.3235680022661867,20.140599356600063,97.49420459573784,-99.7974413807093
50.67314717692876,-82.15175122365358,0.1258478488128345,257.6311782418984,0.12670661940697417,89.72165990117898,-3.9174930603712568,89.33787891895923
294.61953966782363,50.15119214629979,0.747281950803196,-187.40724889824068,0.7466572599735353,9.775452220556076,-15.224153878231036,89.9576095195776
62.58007370405392,-59.425408159258566,0.6588617536380149,-205.5589262559103,0.6581765572171618,-77.98926540962785,0.784639466001309,59.33219424400161
217.81644179293173,45.85571511264709,0.2657585316255522,-129.02230018242398,0.26532845729161075,-14.259271653695095,98.16957685314262,43.58365130490179
340.6514246236434,6.8166820325534445,0.5545598515713968,294.0542012852304,0.5555400322423475,-62.002344868223844,56.51808743431624,58.30276480571513
304.1069859425271,45.00948765904789,0.15533301818854706,96.67657927300439,0.1556552734527904,84.74063691724527,12.657030499196892,-27.81169792394256
341.8272534988291,11.087757082560913,0.41163639453549183,68.48009883676616,0.4118646615316144,60.82500332629061,-54.33958187726991,-96.86159139540432
190.47416294633118,79.44433561364553,0.6802579626031922,78.5448000780039,0.6805197786034521,25.56302949799465,-0.6020575476565,46.18385394701093
89.70999841214089,70.51576751153422,0.2744726552452267,266.9670079264404,0.27536254527164816,85.29934200641804,-84.41509519049441,-10.3640597511328
267.8530625773497,-9.062267128547333,0.5088990248364155,184.09436260303067,0.5095126727117589,40.99843218985441,91.60084454458863,-67.10280114338426
332.48134302707564,77.03752545129109,0.6347489386405218,264.23449637824035,0.635629720295116,-49.462882522915955,76.35745668072948,54.695858592038036
219.48803989584988,-73.68673596334874,0.030134353730962182,-293.41830270352887,0.02915629272195042,-49.88838851036472,52.47048198863632,-22.674993521553375
279.16082105587674,22.615648367656462,0.3892618991218443,228.08797727174533,0.39002219237941677,-92.31655212836085,-6.937401958431195,65.97046787856314
45.652853870313606,37.88776107209145,0.32811584191028165,-285.4192328538327,0.32716444446743553,-5.255013822137826,4.338547789066993,-91.68274986523089
203.73096727864106,-27.4619091675889,0.004493207256296983,-185.53597159406078,0.0038747540176501134,-77.83786554426501,8.124390946480986,-91.37596739153231
334.12772523530856,62.11115503170706,0.9452976437314561,-111.11938032813993,0.9449272457970289,81.05347771237885,96.862484504007,52.946286850529305
99.02974088721007,30.76007474648766,0.5956631537339799,-57.47801870133401,0.5954715603383088,-38.780429197114685,-88.03036188645395,-74.92350504870817
48.22421616184308,-3.439284362224157,0.6418933847268948,158.44107146668847,0.6424215216317838,-90.65724800555563,64.75197452248355,-91.30575534180832
199.78085882088442,43.94661296544194,0.631221371794228,269.8072054098012,0.632120729145594,-31.060329377432865,17.17667104750784,-83.44018745313673
201.52677165562753,56.39378419373199,0.20160451382548072,-143.4212997796916,0.20112644282621508,40.08112804393875,-49.22360661278735,-48.150905195719005
336.7855036581485,89.73774555176061,0.15519843069219807,240.09743235480016,0.15599875546671407,10.54529719474779,-92.2797715178965,17.10054304743707
230.95787424147179,-83.91677423362033,0.7576919221586004,190.68008488451102,0.7583275224415488,-85.67135156260876,29.67998801323577,-8.69050381944676
85.9396634430916,-7.439331307952827,0.15938970975228217,-99.8004559606222,0.15905704156574677,31.041459940189498,-4.702888769625318,11.184018935508334
195.6394057696309,57.70696322009505,0.3433827981536126,187.77725446908943,0.34400872233517626,-84.0025825739185,-14.453390825478934,-29.535976692625596
162.56902993388965,60.031767696527965,0.5123994004879511,292.3479877769021,0.5133738937805408,72.29214405502137,-76.23065093739558,-36.621692887666455
8.181180549679205,42.07561584202932,0.019200804366837798,231.56310889487543,0.019972681396487384,-61.33142703154757,-17.23274194390632,-87.59213879877039
112.05175941315225,-19.887301891290093,0.052230973545080106,160.5303919067179,0.052766074851435835,42.269943905117174,-28.423275175095284,67.03851063081422
27.871848843704143,-80.27884781861901,0.35498029443727297,241.1047993010369,0.35578397710160975,51.29354038212924,34.46353571078606,12.547147049146872
289.3555939444128,-15.799195226133406,0.030688579780824843,181.44257186718016,0.031293388353715444,-61.90131314205358,-22.468230032782643,-28.478130554698083
44.41162533631323,-26.858813585037872,0.17708687785091481,69.6082980509338,0.1773189055110846,30.68687155395628,-97.27068942367545,-8.704829527801678
199.45895633521783,66.89933899844104,0.49603131023446156,-251.7297378570886,0.4951922111082713,-89.65522418079723,72.42181659032875,58.14588186698242
309.0412552145801,-42.79631983486272,0.6479973607947307,-242.5691716226941,0.6471887968893217,65.31462234272425,-33.277412714735235,91.02944746387885
169.69772360125697,-84.04781454973718,0.909055877600589,75.31928928826602,0.9093069418982166,-42.58374279762718,-92.63922124992831,-24.6627206538751
56.46980151525916,8.690456042258631,0.14688367516218315,-195.23143270913266,0.14623290371981937,84.17389714565161,28.024006902928704,-51.483717645475835
316.4026610276891,22.44884937322651,0.9455993400800832,-10.249923354775433,0.9455651736689006,77.58016679560805,35.68876146987719,-91.16628881331448
86.50457642109569,-39.316247111987806,0.17001668338644926,-157.08782962523924,0.16949305728769848,-54.79197030719916,75.66874984018173,-7.420241291394177
315.5442592765173,-65.16038097760224,0.5649184865561083,-291.91939311262587,0.5639454219123996,86.06028196759743,-98.872577120453,-22.018470289607222
288.57094512810124,89.97868066130718,0.019509740361318695,194.45129032428616,0.020157911329066316,2.0175918991816104,-92.36359589218306,55.4238541805106
40.28486852556802,20.065353710837996,0.7783252161231047,104.15455603681107,0.7786723979765607,-24.025135058607276,-94.71167263576798,-12.74720643752245
328.9300141268612,-30.073794215791366,0.24795871915323087,-217.30149970638712,0.24723438082087623,2.0504910002095045,6.669654548745882,-85.39035151929018
146.7930549666226,28.5626618795597,0.9660506851714608,-41.07532696856117,0.9659137674148989,-12.792932621172938,-5.773205486298679,-54.99330175468724
142.14155112519634,26.147650678552296,0.39705920905186254,48.825449059982645,0.39722196054872916,67.11645759995088,99.59351461511139,77.00793672589353
133.84678568871632,-86.08911582286663,0.6116045995026433,-15.269575073935528,0.6115537009190636,-52.59657759028398,-91.93918017899014,-35.68595220545974
287.3056726208271,83.54142123981111,0.10666013907247773,226.58364706886982,0.10741541789604063,-90.25646575658436,42.6951637751302,-94.6408573273655
151.57788562149466,66.64155092662725,0.39310814762828206,254.73859058984556,0.39395727626358157,42.639028222391545,20.836856159549328,-67.72419039963367
122.57848211205948,-16.00269042982403,0.5902048641324954,297.6228961255756,0.5911969404529139,-43.258050439013694,0.7125781662995223,86.68958152574669
124.35148575432302,23.148861709027216,0.7661315386941904,78.16183500908585,0.7663920781442206,50.686135968424736,-60.86139995286069,91.46753736977627
63.68321046564229,15.062611687487461,0.2960426090666165,80.65381515679888,0.2963114551171392,-41.7779169210269,-13.75732863709193,36.44450964115103
96.86475019945544,41.017658840652274,0.346877672777792,-220.7063416676271,0.34614198497223325,22.625743384605187,-66.84839422818152,-13.884510730659684
143.42306827654656,-76.28960746868668,0.7107698374020727,108.49413906555628,0.7111314845322911,55.55900100682362,8.98262817592908,10.78335514411441
60.923881046984725,-52.65649818178358,0.22824949048252774,15.182117233676195,0.22830009753997332,63.7965164974959,-28.605176657649494,76.37439761065039
264.9161766744719,38.96048577711392,0.335172129304652,-228.91350476788693,0.33440908428875904,92.558096221281,70.92212712480367,-18.226401845484077
310.7585484850158,71.85908070577341,0.34247362336498666,0.9368954682302615,0.34247674634988073,-33.6420319480726,39.03150281992626,82.43346270343505
354.4358774000981,43.88023346652233,0.30524235393506627,228.2959740526553,0.3060033405152418,98.52392580891635,-30.69476725121578,89.74247048984952
184.15670596224862,83.63437960906484,0.9958559900991514,187.76525749733793,0.9964818742908091,36.687409837870206,-69.19710614137918,-99.01654335336083
214.36950615240997,36.80278298694965,0.9355380451790102,10.271940112772256,0.935572284979386,39.369320540550774,29.47119429420036,-59.01597500475366
231.94803340082885,86.70981803850361,0.11118495663016492,113.12594591939285,0.1115620431165629,22.86102349853107,-24.829055241678645,58.66955077055255
3.774909090574523,70.63409198217073,0.8173639530127002,-11.577101118771736,0.8173253626756376,-78.37216902379006,-9.474288867273145,16.85057982307741
91.39805227484722,-2.4243363277927727,0.7757287638538752,253.63907736113845,0.776574227445079,12.329005526946318,65.44835700791646,-84.4133574060798
308.2924966728475,75.74662178359574,0.16800137628452116,196.49241705184357,0.1686563510080273,69.91323406519763,75.73177366515259,3.4279039634784567
218.97152779872368,-52.54501582031417,0.7081315493857046,-56.9896179551144,0.7079415839925208,-95.7661828585889,-73.14657729914897,-22.356393677987185
318.66473018189197,11.689612788390505,0.916257034056247,257.6903066143857,0.9171160017449617,-82.64100157610004,17.643082745653786,-33.09439236954519
182.4462440194927,-8.005535550124307,0.4799432726204613,-238.91651510287,0.4791468842367851,66.63201675936611,-1.9440076488372853,28.99751125885669
170.16435098283367,-57.416692217001966,0.5410005849921866,-204.2761565635192,0.5403196644703082,70.43585122951669,66.32080512762897,-71.27224436861137
24.783823091315714,-77.67145495071902,0.39324402485877463,271.8248624055791,0.3941501077334599,11.228083211543264,-46.894685205382224,-54.07023457516424
39.91435011334513,-64.60718211007631,0.811863266633069,-216.81992117269056,0.8111405335624933,72.81231143580152,64.59961483708884,-72.63823958263558
201.14091717795327,-88.7300517711681,0.8620361343350499,34.96627226376853,0.8621526885759291,51.06807887810879,-1.930934616748317,38.08439985967357
335.2460847069795,10.718245823014499,0.874705476910058,-94.17273459172728,0.8743915677947522,-80.49349086621561,-98.97107147918783,-54.66994420030558
301.89126129691124,-33.93081672935015,0.2246161476446097,-2.6217459669777554,0.22460740849138644,89.38082449869157,1.795689652139984,-31.82566748311224
27.900644762185408,13.260048002099794,0.2262569795471856,-79.50052337241718,0.22599197780261088,-23.767526655298866,51.6368674419474,-53.6742310406227
336.9212012868537,43.62985223325984,0.4811195407808191,228.2846947680531,0.48188048976337927,-28.16640394494148,-23.13202528295446,-74.1261738074535
280.2801940069015,-17.785322488020256,0.500253028189022,-17.41880076238141,0.500194965519814,31.23636351421544,-25.21231378293116,83.17226522974843
155.4920132448395,-25.34148398722766,0.40087805515024044,159.7774328933781,0.40141064659321835,98.61131799683787,73.30292926026675,-4.0545003062503895
104.88936367203226,-9.722330214322326,0.34401555309356413,-153.8807686716834,0.34350261719799186,-62.611816928310084,91.17514690473021,-0.13896192804440943
39.59095452128287,-20.896810177296757,0.3887169172228757,8.120716192315967,0.3887439862768501,96.00826492273876,95.32669931480956,13.178822142629642
222.51294910487485,31.613233475922627,0.5022221826851782,-7.993165108607116,0.5021955388014828,-37.09521216464318,36.784347894253216,-81.62094433342506
114.17228864086138,70.37614070597039,0.22737815097545244,280.5494268149936,0.22831331573150243,96.83394439314253,15.076532619247246,-91.9128039382356
33.65215103958959,-53.94570521580136,0.32681156827935265,-232.13507303227533,0.3260377847025784,59.44215461410366,-27.169085996951864,-53.25326032506554
15.729793331870962,-21.119065312863498,0.004506730509222345,-230.1051296822476,0.00373971341028152,20.92910201233451,86.98908226562213,-60.12681561475341
266.7820343955797,-54.413006211832965,0.0014951938407173904,237.9228276970814,0.002288269933040995,69.22174754024138,-86.6442568049851,-64.5729423672261
84.34833408670049,77.097845634643,0.3819290956458814,184.42905396388397,0.38254385915909433,-12.837293431008462,-23.75106666078304,53.069610955112296
221.67395877564917,-41.522815040204705,0.5828105982174631,122.31170997380963,0.5832183039173757,65.4156183262549,35.43581583188808,28.149414262739555
214.52484329142493,-73.43082915761107,0.9451890595499945,128.90514628657996,0.9456187433709499,-45.42577412108819,38.47013882085267,24.163487214016115
237.18652046416364,-21.796385219127075,0.5731758548011724,96.0163384059232,0.5734959092625255,-59.66878619615412,1.6024328773768701,-75.931668937805
37.99097932521476,73.9909035371987,0.12454722455886658,235.96018305878556,0.12533375850239586,-6.0401600917040525,-9.019476849176428,-32.0369360910628
149.83837791976626,-22.09817145661279,0.5649829470026478,-98.6440085466686,0.5646541336408256,64.39517269026081,-53.28764996856199,-50.30597545050286
172.9985567858757,78.31463108845605,0.023915674142529042,134.0481693507465,0.024362501373698196,-98.79868246247796,-19.027957381941278,52.841449939103455
160.58848381514892,-12.691992794046527,0.2532168289812803,-14.942617084119945,0.2531670202576666,-54.34810006483066,-43.295742034946194,30.658712217487988
215.80094021166357,77.31819277096903,0.9688690813748525,13.428115924445137,0.9689138417612673,-82.4886974877018,-40.01938114647652,3.5609791143289726
242.33864161515336,80.31550489827578,0.15510743366786006,-277.9891788910016,0.1541808030715567,74.00713655618722,61.03287363105278,53.149655312352735
168.69627640029478,32.00052673946129,0.4114692248113424,-184.76900532464197,0.41085332812692693,-21.82124697099121,57.40931920425217,60.37112440491131
346.00840778668936,69.78008252956872,0.6820845367745056,12.547213677956847,0.6821263608200988,44.78540469415708,-63.35928213714001,84.61690625962294
256.52756680900706,17.007399982847147,0.4340417172919838,80.12495348781965,0.43430880047027653,23.53574558115652,79.77082530141345,14.147262169132247
76.81577485280451,-10.551715002035692,0.24296851074515258,242.97010125503755,0.24377841108266937,68.70516287935891,11.163822905868955,-60.721686481663006
15.675124693030913,-65.84949833368547,0.4432192807954288,104.52244703459468,0.4435676889522108,-55.20037910218356,36.9040699438068,72.3898767913175
272.6067893628766,-13.405054461738345,0.6457279073749899,293.02045979973275,0.646704642240989,77.08232057545311,-32.370098690048295,37.08941071055264
58.756061301751146,10.326324789098038,0.35653396485377764,-37.11220894388367,0.3564102574906314,-12.220229223334655,32.64658796418763,69.19920145250737
168.6858631986108,-63.614738139813014,0.7541542732216177,150.98580638663555,0.7546575592429065,90.76904794037654,-21.18879862023806,-7.22419812119881
194.6144669920742,70.5822113619576,0.7042165178552502,-287.2331258380198,0.7032590741024568,-58.53546248738726,70.7789695446746,17.09476347209764
314.6070477713623,-15.948155244053154,0.2104678871734329,-297.5155638425577,0.20947616862729104,99.21019176954576,-72.72369335466675,28.5937531388235
176.2952076726219,-21.57310964238144,0.5372021501216685,-253.02986381271592,0.5363587172422928,94.0068404830713,-1.4526117558971947,-96.94209664470476
150.9636353114608,46.296342945114304,0.3120836696305366,147.01344530240402,0.31257371444821125,53.47254396750719,-52.175856211982975,93.59449724191165
10.039949801879926,65.44898713008214,0.5126491216384761,-207.97230691126657,0.5119558806154385,-48.321410849414036,18.703458379436924,-44.30856722886669
301.8315875020756,-50.484867476752946,0.3840612973718244,4.087900790871686,0.38407492370779395,-32.045407253047074,64.82856063579206,-47.22355911792946
32.0317823875207,-62.13866608741499,0.6269454552544671,38.13759007322767,0.6270725805547112,-87.34033561465341,98.60983271496602,-4.111873455793685
114.99739243679723,41.24923226974647,0.024291858945771794,-39.45051309248038,0.024160357235463528,32.88276781990501,92.42724498149698,52.32755562922486
318.65731545689675,-68.59693671025481,0.4297706056228291,-280.92574493890766,0.42883418647303273,-45.60116043066087,-23.14062697376383,-31.2357838576591
134.54668687152656,54.554400851491096,0.1895436327536002,194.6973660963099,0.19019262397392123,8.384217410691946,-32.25097430439001,10.44715346985123
58.11239962945282,-0.8181450701478639,0.02195329693820869,217.78504665728497,0.022679247093732972,-33.68379304160456,-31.19141013060576,99.0303994705121
220.84406347607464,-14.822335005140374,0.7906567212777874,-259.4011757454724,0.7897920506919691,14.100840843007887,4.140192382159967,72.24563360064141
211.0321233136519,-2.6509652567011415,0.520225858991121,169.13838486399482,0.5207896536073343,-30.535840843892288,11.557882780340705,41.47805454874825
358.39996355614636,34.86315518174473,0.9618711712222828,-60.58040320245081,0.9616692365449413,21.756198552820294,49.05897146312046,-30.316810074505838
96.90297796929795,85.10995999742607,0.3485339729028927,299.9416062859185,0.3495337782571791,70.45419693111293,-56.786377033993695,65.64384447594759
354.1057655680714,-40.17235963793378,0.6644544137730121,161.75353378261576,0.6649935922189542,-83.34360024290231,63.86636097443318,-38.327853572029234
254.29744661997208,81.02487979969584,0.03510902139968519,67.02772832268533,0.03533244716076081,-41.51907443501266,-77.0682421826086,42.37096052662358
352.4567624368303,2.2878901648601584,0.3463442092021397,-30.546243091336805,0.34624238839183524,-17.076423015104055,6.380381929105553,-18.164832707184317
28.93408725921368,86.29699247578188,0.9967072779247954,-195.5192671869684,0.9960555470341722,-51.792006748431675,-12.608741710139483,39.74658740569993
11.284176768704498,60.389559130964926,0.6384333733145956,-138.42386271279875,0.6379719604388863,74.17344298338844,32.24184261726376,-36.615143749553546
197.22455796045844,86.26276054783307,0.04843296694217536,125.07720998888925,0.048849890975471655,69.88272203254763,38.46336978168051,-71.99631741706752
214.97385725521735,51.47194422744613,0.41859591216501624,49.456966931104034,0.41876076872145324,-49.30640913426354,-37.45028985958254,61.714028615943874
176.21932953729004,-9.213887248278056,0.12288383710126849,-75.31746103077052,0.12263277889783258,4.144211189872365,-53.79753305583097,61.587112363159434
138.13225426538753,-47.07183737607148,0.3082974932970215,194.67811964132625,0.3089464203624926,80.82869519096622,92.05956971298014,-96.96118400466982
271.4018870173585,4.587126482299212,0.1245600769470302,-152.07985416129333,0.12405314409982589,-43.66183389939202,-19.156662476801216,-5.8557455280659525
337.24398831784254,-79.49608974485243,0.7091693050184652,212.46365692124073,0.7098775172082027,-28.540016409064563,-50.15656031496767,-55.738301874802886
108.30210360879494,-63.8463616853174,0.5516779868522678,-149.76029748840887,0.5511787858606397,-94.54969289712676,-53.47331335516281,64.12642109657853
150.25327990270398,69.0365258376406,0.94361563143763,-153.99100292507381,0.9431023280945465,11.994490219384772,76.21338193605692,16.284067453754588
60.48010310676202,-45.368415457585904,0.9876248298134623,-120.36788106589262,0.9872236035432427,73.54059644861982,59.00246755614626,48.39694056069072
259.89921246406516,52.19673546306106,0.8474076852186397,-262.58013809304975,0.8465324180916629,-66.43803509918419,1.1058649240485607,-57.50209482787882
191.95848814701597,-1.2271788824613736,0.12677144896838677,-248.4233087324697,0.12594337127261188,-97.66944065820779,65.00722601086991,-83.65166632749529
346.1635183459202,87.08973380733568,0.7456964432885294,-29.770031538163266,0.7455972098500688,-44.84230729239329,-17.509515623776622,-30.941346791629016
142.66625026592246,40.71524093891924,0.8925262075815481,-205.37098384187448,0.8918416376354085,-51.46588423733465,-58.02061876952103,-90.93080198525467
307.51220866529405,2.029597801263492,0.06703477869274044,-32.24684335743751,0.06692728921488231,-9.877841606528065,55.59119119792106,52.279489728067944
48.41603618812545,22.837610829058548,0.5096862933721737,-291.9049340559588,0.5087132769253205,-70.45283414244562,33.3696847527913,-26.594838753799692
346.9267423976005,0.3150652013593316,0.6882831696682284,-219.8294161744326,0.687550404947647,-4.110308279226089,46.824294232189345,66.69633515987968
71.85867442997711,-18.556790194750647,0.4735270090506948,-35.77656385605553,0.4734077538378413,-4.91166588854621,-40.81995496516999,61.74414858368354
328.70806037989206,-27.179868865239797,0.6378600716821179,-71.5764489954926,0.6376214835187995,15.750398339734943,39.10778894324173,0.3032554654840709
242.8495452803125,46.28623397385897,0.8432956355455586,-186.71406612698473,0.8426732553251354,-56.723020575706244,2.874270330981176,1.9314037863393168
290.78117769249604,3.129007042838211,0.9000524694601582,166.5617014971624,0.9006076751318154,1.2631622496171104,65.26522434870674,-4.828807835178523
123.01745722614757,-11.983780903389942,0.45620801230041197,90.319170922301,0.4565090762034863,-89.56858100077861,45.901735416537804,93.64655503182388
165.17432487677607,-77.62098712257935,0.20125638393453993,-238.07157640599172,0.20046281201318664,-48.729267747703986,58.78142110001332,-99.79011293431968
314.4885596481696,79.11848709931249,0.1850030840795749,-195.84813904517458,0.1843502569494243,93.1525925715087,-27.92396901637646,62.35526094984155
3.2438439340877556,88.34248422235132,0.016490206276260078,64.54235725018566,0.01670534746709403,85.69007093828631,66.25217179976471,-37.91948860539147
295.94894859946777,-19.25142535434884,0.49980641706540396,-82.03319970560023,0.4995329730663853,-29.056386518759282,16.415045308971756,56.41359704038652
251.81680626350766,48.25403206791216,0.014273267938753498,19.016036119503553,0.01433665472581851,-29.44227943067439,-58.277033462219464,84.17036441557406
70.85089798969477,-56.7945061384705,0.1788140944861366,94.85694386577501,0.17913028429902253,22.347986089306573,1.1266937966468333,17.360351424621356
338.60747313348554,65.01781568530595,0.9059345200862647,-267.5052995854571,0.9050428357543132,79.48255480003453,-93.72987054827524,29.528589022531037
335.0995842277792,0.4434162031059401,0.41932066761187803,-100.95422730026164,0.41898415352087715,83.22472367625375,85.1938528215114,23.825101836122258
257.1944342712054,-28.957132586291763,0.13817476716729027,287.40058681390076,0.1391327691233366,31.404423336721123,-45.1224900990032,95.41671049781007
219.2291761085463,-30.494684364472086,0.8958130005446239,-253.2597431898492,0.8949688014006577,60.83073281444146,-68.08419689827821,-78.46511079008866
93.2198646755027,38.66859788314122,0.608008298633929,-47.23297355647878,0.6078508553887407,-68.19076149541523,84.75037279599547,53.25703490734611
247.05598619935526,56.32363191899532,0.7742452605631767,-232.54499323132939,0.7734701105857389,54.67084364807209,67.74508682791199,49.35117209500447
173.6198194765624,33.56021591435271,0.10000761363339372,158.60721510247384,0.10053630435040196,-47.554446345382395,57.02527926957447,27.056816750312535
183.2682443937457,6.483088018945423,0.07473080611286287,-275.46125378685645,0.07381260193357335,-97.03503702027912,55.108493497035965,-72.3009364480452
44.23195322540921,-20.68869783664043,0.9777029714087606,231.55457687548312,0.9784748199983455,-37.342194271209614,63.95968964761542,-82.98444494172463
141.1345221981776,14.25704162501431,0.9862469153487261,-270.77582533998094,0.9853443292642595,-17.515796549688318,83.92208800092138,-94.47786353950501
215.66965640728034,-18.10912576431363,0.5602684671516923,122.00964822113639,0.5606751659790961,-18.66091727506955,78.41044810082326,91.14290451011988
354.6212872615781,-80.13987009461624,0.8368294570273749,227.0235056090346,0.8375862020460717,-70.9189481130727,88.285899016152,-74.57722925507812
74.63306823282683,81.99840881156794,0.8307831592059317,45.93071253420209,0.8309362615810457,-42.43833382744842,-49.45690302307308,-19.372293822995815
3.237659270828752,24.544653111742264,0.05155010911426916,164.31128283516745,0.05209781339038638,-85.96727121441994,-97.94912391978654,-43.06859947069584
278.1691346370118,59.874664523506084,0.5073027620805991,262.97837642636716,0.508179356668687,-77.09659493972272,-33.55611859794732,48.06905809124754
116.3951705509519,-63.83506536895264,0.5783607643176687,-262.4556045853948,0.577485912302384,-25.39663581981395,-49.226252062524026,-33.63752710477176
174.6655998333371,6.42644073635563,0.0843574559753445,-110.6831322367936,0.08398851220122185,-23.2606518618083,-19.339119580076442,-3.9929292331894857
153.31392874355885,-76.6750351849117,0.2193245823958755,86.57161921088937,0.21961315445991178,65.75280260218096,2.28812294213634,-70.36204654082019
25.368121352362923,-61.93904439955659,0.38404714796346684,39.12385008877169,0.3841775607970961,32.85144726651018,4.871863525527573,13.058132384282246
126.804027391917,29.807443592580412,0.7268602436554543,-58.724759855233685,0.7266644944559368,62.98249560472115,48.78640572678222,80.94879779568075
168.02939105382535,-27.86005242308068,0.7772036679251233,-277.4439421659557,0.7762788547845701,-23.224743035954234,95.43864185509949,-31.547223340721487
184.4360599106715,-45.04148361544666,0.07694697734187284,-233.42895194296372,0.07616888083539629,-12.957984556875985,23.800462847790854,9.149681067898513
186.72559755154725,-69.90283149914839,0.040259283556826286,-84.78228432052472,0.03997667594242454,88.49697763585561,-64.03648951513935,-46.14772277169652
173.93074774854077,74.55729677382561,0.9469743625751805,-299.21785528436965,0.9459769697242326,29.579120531079553,-52.76837549455351,30.896339531861543
267.4247889302419,69.68509019886574,0.6834174826949725,208.3257563081658,0.6841119018826664,56.89598281032099,-67.85677236017932,-91.26144683181454
265.9603101975121,4.665401716008063,0.9978655049817808,-201.0656751702845,0.9971952860645465,-22.946012474084895,-42.44328486181783,75.73946353832807
174.130474304336,74.45692468369839,0.7071900029051184,299.2837009865516,0.7081876152417402,19.955803194477568,95.23183058333277,-65.31873254243905
159.00482202685833,14.110416762508578,0.978295910581493,40.72789446763289,0.9784316702297184,73.05299619595513,25.701111769805692,2.4802050434547027
140.9188983246844,-23.64587136673319,0.29521803737147234,-173.17801748998116,0.2946407773131724,92.51540488272568,7.292243223122142,73.17390729154724
318.58695398228883,79.61397500333419,0.238166806096774,-97.36266453274118,0.23784226388166485,26.627975920533586,-35.58919095460334,-71.2143810926704
273.5493169159612,9.070541792628106,0.5365230195570996,126.28262309631549,0.5369439616340873,-77.0519496594707,84.38180155588987,-4.035383157708424
249.05840147545777,18.058366957521287,0.6052329260786896,125.94700814254873,0.6056527494391648,-82.24087127921266,-0.6533564556523714,-57.9421158228175
140.28618677284948,2.1142421392068513,0.353948636681213,-55.9722558468967,0.3537620624950567,46.17396447172314,-91.33454681621451,91.3187178924693
217.41030826611095,-60.56016525296633,0.5572187636668521,-251.43866277849162,0.5563806347909238,0.2947409268704462,37.72628528839496,-16.04441283058864
113.10527492656588,31.268539232700377,0.9352851860227156,224.18150468351234,0.936032457704994,-22.926357307355815,72.68044786852886,-76.99316756047124
21.139415506064992,86.97365439495687,0.7629087214628383,68.99305754990445,0.763138698321338,11.756151077335147,-38.224210518663206,79.81643291543031
306.9901619092088,-3.2912992872620634,0.22038280178642822,105.83710710556278,0.22073559214344676,45.23784828212462,99.10125281462987,58.07563309095613
32.84887032365151,88.18935202922944,0.8545128156252924,49.514363019474786,0.8546778635020239,-33.813770181388065,46.58554020030064,19.324260942076393
34.47560969297918,11.432272510876373,0.020196929881345582,173.21798844102887,0.020774323176149013,64.71715112494104,46.02310107959687,-81.70431730781334
211.71373898768277,-19.548797996631777,0.12839305231099996,235.2542664517523,0.12917723319917246,88.45882404898421,84.45673825013117,6.2435656166113915
311.19425622545225,-54.38948132105018,0.295483940532401,245.226744638549,0.29630136301452953,18.074794040886857,-54.79683855637219,-73.9805104197157
82.1922914150098,-0.7187612211221222,0.30348909754506237,140.65304524992638,0.3039579410292288,-45.73779820734798,-84.31247899479943,79.64252955230279
238.98215015608116,85.3315722302091,0.18199708460923214,222.23253513330963,0.18273785972634318,-96.56089044891496,7.564426449672197,-4.051512959445887
45.43070042080909,56.72136838312056,0.27085193307372346,239.06049156293318,0.2716488013789332,39.882689145130854,70.47211034783163,73.2961927045416
285.04187267784465,42.56790324824527,0.0040705196130683685,-213.9419950965991,0.003357379629413038,-58.573592096068424,15.49648296154848,-99.32507661253594
45.776349696298404,-2.7059927810790043,0.04106427359074971,-108.75216745028587,0.04070176636591542,-56.0023312720513,-65.11858931686623,-36.67887052273257
317.2380363891429,-48.34032126283769,0.6491588252584514,140.39890889231117,0.6496268216214257,35.05611674113942,-62.25090756955276,-30.039855107451203
97.97653382230634,6.95633937384072,0.9690351581776423,-169.27645376739537,0.968470903331751,10.474138546684088,-86.90467301726228,-24.88656623095993
343.50226232706626,73.52591601987402,0.09520613787254661,211.5155256024571,0.0959111896245548,43.141278431184816,83.58469145785577,-7.8369078871898665
152.11980323623993,71.30753481418236,0.5361573114624753,156.8204989640284,0.536680046459022,-64.47157898684617,-86.31333222231189,-11.901234128724354
117.7385510163032,2.137221762741504,0.3443233358347426,217.55280818053916,0.3450485118620111,47.120987954634955,-23.208627775940727,-74.82670579518748
255.54404598832986,7.395399529201924,0.1519452829365675,-279.1291491446255,0.15101485243941876,23.340036636103505,3.2495897433302474,15.091055614652205
149.71003678179113,-5.631868864443888,0.3914262130097276,-247.3647903014583,0.39060166370872274,7.061024609378492,-75.67915393901089,34.697724083907616
269.7905426862908,-59.772773043731675,0.20151169771708288,-155.57332592396142,0.20099311996400301,19.702023830982967,-18.70148320546339,77.5060606428442
197.26818022536526,4.614528982103792,0.218493889956074,-245.4856476569252,0.21767560446388423,84.94199791443074,-80.07220251380858,-73.9549955669126
70.31101016763812,13.828746181451109,0.6390334414021484,-41.01809888739689,0.638896714405857,-21.020482682099598,28.205457200039888,-47.581109892346205
288.16216118396716,25.208951484071562,0.6028626247397026,-282.6740368420236,0.6019203779502292,-30.925141304309193,53.77195892990315,-58.81847187570413
232.01790342091988,85.44954952275373,0.44054047923715856,10.768356988311382,0.44057637376045294,-57.5919735049105,-98.59664716817646,-52.679773489026324
169.86238742550546,18.76884646484031,0.8359294284057364,-125.98868880190167,0.83550946610973,-34.19111112056048,44.129727686990606,32.85625263642146
257.22809930954514,67.91125730241828,0.08868130754144987,-225.30817317980274,0.08793028029751719,-0.7314944705830442,22.520918579938098,30.814303589399884
82.83509783474017,-65.50272335347246,0.9214358618820164,-155.9574863752502,0.920916003594099,-96.4343525694009,-43.41749229434586,3.439984984077597
228.0074493084614,43.057624264731174,0.1455887639206288,4.725696093446061,0.14560451624094028,-35.961170966216386,44.93670325813369,-28.101153815280597
292.0116122268422,-55.50846683948274,0.9947020060955988,12.863779205010246,0.9947448853596155,-15.23097358491205,45.13144155985651,-24.230934091268068
12.772371257696285,-10.64224352033068,0.287794132750106,96.72698447881191,0.28811655603170205,5.342914444252571,66.01962387913971,-2.144175246472429
55.92452087064104,-63.25122015392739,0.5726231592103207,-141.07560780169618,0.572152907184315,-57.6801432419207,88.35654282238625,-72.14074814104423
329.78537638197975,6.520956279985683,0.9369081942697894,203.41984944781922,0.9375862604346155,-40.22434093050025,-5.960670749995131,-82.94339972368137
132.0016863425019,76.81091053585834,0.10099967937376109,-152.61765485812023,0.10049095385756736,-91.45471598191838,72.1656526783739,36.717517381966275
212.1642782617815,-6.1824906776312645,0.26004358185176,51.50612111474197,0.2602152689221425,40.543115977184556,58.59993007238208,-67.50516260029447
225.10928961567615,32.18864297900056,0.5811737548420965,136.65252676451087,0.5816292632646449,3.556727111128694,90.92801287273636,30.037073691871086
226.0971636142499,-87.63160243060197,0.14354178836173903,60.64292047089242,0.14374393142997535,53.382330941898914,-71.14837636922424,27.365715759214964
55.56469518962145,47.37672795293787,0.8212052255275862,72.36839165082154,0.8214464534997556,-86.41722037552901,-44.11231265148532,-46.093741621137376
168.420073746073,50.41172449614825,0.578317831604538,295.1736690469256,0.5793017438346943,41.64942961147662,-71.72818656637274,95.82582928465223
21.10060129265173,-30.085703837059448,0.6372512758358849,-65.70806843532296,0.6370322489411006,-95.56550087954446,-40.703082601865816,-51.62666259363506
279.4136526591529,16.65970809571978,0.14399589782846844,223.56343354086403,0.14474110927360465,-57.40028850290217,-36.06432978200536,74.94467945498445
275.4778895540018,-14.25040405926606,0.5192717429080365,287.50141171740006,0.5202300809470944,42.1612714706184,43.14583028775809,31.156434913389575
355.76584979717467,76.3216073518841,0.2982393659274032,-32.90522553453093,0.2981296818422881,27.137223287937886,-52.619916497417464,29.456790181731407
325.1782289072027,-34.87037602630804,0.3679225381088106,-30.03621685685073,0.36782241738595445,-22.736463001316892,28.664483796507596,-89.60615749427087
279.6249884192912,-38.63838827706415,0.6220060867962606,-45.67902325895386,0.6218538233853974,22.257818047633975,13.789739822734589,3.5115691939828935
57.71633641037461,-88.64590519650366,0.10697676122016819,-69.06396430154729,0.10674654800582971,-48.580503168941114,-3.0405955311480852,-5.833726726861002
185.53980071467896,-66.1122537436945,0.49740877947309825,270.2920803733549,0.4983097530743428,-65.60252652468768,-96.89132689275056,-32.222327200004486
255.05977313597555,64.93514945025134,0.10926794750653401,-281.27834452952294,0.10833035302476894,-37.9726509413135,24.406894625084448,84.08136992534762
118.95247331045209,50.28521364652991,0.12751669408471467,84.58353336420168,0.12779863919592868,-50.0072965659347,52.23565507087207,82.4251733308715
158.90638457652807,33.69930334993502,0.35403760841256093,209.44353388113058,0.354735753525498,-17.97325109745455,16.815573134374077,97.2908945199803
200.74938869689765,-8.490555259709794,0.09606024634505095,269.772482530875,0.0969594879534872,4.97994252850971,40.15826342442102,30.91643673182338
85.4796768843413,24.672721697003098,0.0966287957270211,-265.6269564838152,0.09574337253874171,68.18266406108515,20.156409100321497,-39.725485028981055
189.66225329631754,10.422446879606923,0.6777782688839528,-299.9194310511473,0.6767785374471156,-71.1103260494449,-81.36603334649905,50.61720958014914
162.84049767910022,-54.288611533515066,0.37448605806775714,101.67275624647192,0.3748249672552454,-7.755185273993632,9.171809511195633,87.5066540386162
144.1163510482572,-71.41429378947396,0.10713844991944721,134.83041468735564,0.10758788463507173,-37.50608482245645,-76.99238881316717,55.63623205011851
319.9750446774698,-71.57576875346535,0.6165138355544916,144.29301497754153,0.6169948122710833,-50.83307039581004,67.33377592453908,36.80248285018018
160.0451271206637,-60.171187790159934,0.2578327872174532,197.6808951539375,0.25849172353463296,-66.43843436262443,40.92666928730202,14.188516180594618
201.85847830969644,-87.0602989722756,0.12270128801796121,-114.11725990683871,0.12232089715160507,26.065848422839565,-23.712916361301822,-48.701629454955
138.18269642166604,-6.639163821013057,0.5945831872871431,35.84847377363036,0.5947026821997219,-26.396396478157286,-14.907545388046302,61.247849476886444
212.0455163086497,84.68724526802308,0.6024737151988286,-130.0256236785075,0.6020402964532336,2.623115947605399,-5.419633345477052,70.58521771928679
265.4998365664516,68.50579853371465,0.717829353390325,-148.0345248672956,0.7173359049741007,-45.436939931807416,-67.23831864222086,75.80840322709187
324.02981077446515,-31.75841066478052,0.023223641308501963,-15.439458391520247,0.023172176447196897,57.67589053736762,40.59130741106935,35.12074388145655
7.565352869020163,-71.65518773592073,0.7292159089264358,191.13068685486337,0.729853011215952,-63.55649352411166,63.27603219251816,90.25608256461388
216.58849417744437,9.309629827151511,0.03292235353249551,-51.63418251841557,0.032750239590767456,-6.600921165847339,90.69081675577135,-11.827761876974492
4.287948839836848,12.078019654195018,0.0681208930190953,295.2117568173628,0.0691049322084865,31.9384993430277,43.81789046378731,38.69743745295429
338.75860392616795,-17.10948459491921,0.278940545081066,-252.77117001381544,0.2780979745143533,-95.43579288638561,-4.564898137090495,48.74034575034676
266.1268309449616,-89.48251042080642,0.6166599936423094,199.06930520185375,0.6173235579929822,73.38994277650153,53.924970033635645,-16.22385017741135
253.42474896444295,36.276032410853446,0.06420344101220787,-276.6669582453046,0.06328121781805686,-30.773478181786402,28.67114754395618,-23.806739178899818
232.19629891516553,47.072294319180685,0.7713775950089601,-130.09000501913164,0.7709439616588963,94.34743434271547,10.758921505002618,25.58071678120271
228.67507505321134,31.20231246441901,0.15400792955670817,104.74788319109672,0.15435708916734517,-13.692505779953294,93.73793362809099,42.83003497032652
350.63644827827255,88.39082850599041,0.8339999986429836,51.71586299737544,0.8341723848529748,20.135191532933845,-6.0629553382612045,-26.065088355459835
150.74665855199316,74.42869250063515,0.6463048366636636,-198.04366374018775,0.6456446911178629,-92.54787053992982,-12.169764997602542,-11.826747193391938
23.69690005047547,-49.183714998948695,0.3314005228209397,-73.96026839001306,0.33115398859297296,24.98074671455852,-68.80176785133759,64.35741318898448
178.96006700254358,-77.55743384634506,0.0995868234125521,265.9041506228356,0.10047317058129487,-93.60295649046424,29.7966301286462,-64.20258431149784
235.51387717774767,87.7668583702769,0.9182040816476366,-37.646119258509486,0.9180785945834415,-13.699297339447796,-42.11202949754642,-11.917198730240457
344.85253446756934,-83.18526038012662,0.4788353752929627,237.43551178053372,0.4796268269988978,-78.67777547097214,-76.65586102962543,62.9541720941842
101.81743937832995,53.628491125606985,0.3018071680604456,-280.61609751295777,0.30087178106873574,63.96681110143555,-33.63608753664987,-7.738886672535855
21.546608175965734,27.149933487178302,0.8289528734513397,-168.1464183478225,0.8283923853901803,86.64126910981702,26.719014807580194,9.63949699325677
74.10638374046871,67.69231715982988,0.4239490482244015,-274.4029784449942,0.42303437162958485,85.15568985258938,-26.230503608178466,-41.082001762341335
20.880077186392057,-84.04276197812318,0.04310384508843679,224.97650650424373,0.043853766776784264,73.57602889722702,-6.05360619818407,-83.7505048729338
50.131068581930336,80.55407757800714,0.5607111911099838,177.35501871238972,0.5613023745056918,-84.63360263556692,-86.93618236850753,55.425306649564874
41.6911711740223,57.72626115396773,0.9344493261518333,-40.30136132105622,0.9343149882807631,-76.97382796767324,43.52444538414284,-10.862766225341772
180.50805793529173,69.83759232051364,0.5398563303192814,-217.08198999596488,0.5391327236859615,-25.49772898872378,69.93229452093541,2.289170220496459
29.068897854909284,1.1778249776461962,0.035095101076515145,227.58409181107447,0.035853714715885394,-50.377030530185095,45.835618363600105,98.92858770212541
322.6913158136245,5.153246258820559,0.3241472137100502,119.24860137043697,0.32454470904795163,9.322263885126688,81.76044271396856,-51.56494145693207
249.6438523602231,-62.55263113311601,0.4050921786562762,166.43438622354006,0.40564695994368805,-27.130011118668236,-43.27514031174893,-29.419542095950973
134.51546436211154,-88.56411695314206,0.14312304003390575,144.3457455105692,0.14360419251894097,38.55745078547105,30.496477936546796,-72.62929799226659
41.6995413470055,-1.8806338888566643,0.4839041878777971,-224.5202722749827,0.48315578697021383,93.16458293907283,63.46884539552252,74.44338804606701
61.989125090087356,28.17654984618396,0.8132308181152037,-105.89110314798876,0.8128778477713771,97.0693538081585,-80.98505213606934,58.645807944219825
52.06003716308234,-44.763597713693066,0.18951847877198646,-230.55619768388982,0.18874995811304016,34.17852474807253,-51.40816218760311,59.850592016268706
277.0001232410381,82.33588315152133,0.7746918047115108,294.0184968167273,0.7756718663675666,11.465159590418665,-93.60189789864882,-33.5983079201451
141.8687806438595,83.93683132752062,0.4211298490843649,-137.89726147781892,0.4206701915461055,59.94926267749631,83.9564789264391,-90.66503235024126
353.1499097970862,40.08254806936725,0.9957520539680597,89.13447447051124,0.9960491688829614,-98.44304952985159,35.66496560971041,-54.653938627763424
355.8471088956438,77.77511468101375,0.8607582358944526,125.19636234292255,0.8611755571022623,-49.32127539918119,85.32810650867421,64.52301073638247
228.21422815938217,-59.228518683194196,0.1992472847673573,40.15157197509018,0.19938112334060762,18.659941962287817,-18.397742084925568,62.703726729419884
244.2158122014051,-43.55000182290272,0.030044144383287286,64.07253813155421,0.030257719510392467,-34.12040893437921,77.96719134530079,-53.159085537419394
197.50799011171787,-54.37280651428274,0.9667289557425227,85.76372508599928,0.9670148348261427,50.61667093287184,78.17126540761151,-9.223646110686616
196.82655034185106,-9.064955064898015,0.6190781441460851,-99.14768205444491,0.6187476518725703,64.39272067941215,-26.95647609676209,54.276601660225424
6.01155303988282,-24.53671102607457,0.4798943092631698,240.63096744439224,0.48069641248798445,44.47324973451103,46.76085391957923,27.328899212817376
324.2694561879864,40.48555105918226,0.6314746432153325,252.51360558733734,0.632316355233957,52.83904314022959,-97.04228987260106,73.72387637344798
67.74928615444057,44.707519180921366,0.4133822303830361,-64.61703854017617,0.41316684025456885,-69.22917711924323,-14.227115539797367,99.88878882636573
297.8245898028062,42.613455874651436,0.6429373677738454,-171.19459098861222,0.6423667191372167,-87.36630573710292,86.54415034991263,81.70941556771447
0.7988082490199844,73.99548812174459,0.7488605840845629,-240.7528013166379,0.7480580747468408,-69.15549449579163,-64.72606301615977,-48.67837947367117
325.01657986754464,-14.187613891976525,0.5384771878145611,-45.39385963756882,0.5383258749491026,-7.180540084888662,-49.838677636905594,-36.97580954878179
90.88178887820537,-38.718463126012715,0.6079208293099072,-286.01185753966723,0.6069674564514417,87.45738364182876,2.748157005450679,0.4245865389638226
151.87602801629126,41.58105073946476,0.7613046274086517,133.42189656012226,0.7617493670638521,93.07930472725323,-17.100619441948695,-82.87132836562614
287.4009685231063,38.245108470742736,0.025450282017265624,-4.307839220496987,0.0254359225531973,61.954844579123005,89.65387870896944,-30.06383843824696
169.82995531419724,-9.917198866164782,0.7440909201878887,122.07253977590932,0.7444978286538084,-5.019501480215865,-62.99633412631272,17.428190640754465
8.996398885396095,-25.965558604563498,0.30786180816912956,-259.9890222286964,0.3069951780950339,-80.52128826780474,57.66324640265242,-9.36872120368895
46.33754248842707,78.11831898599294,0.3156474221201472,-35.86383971521582,0.3155278759877631,38.962870809653054,-69.09379141220401,56.49950348684055
304.31526281574116,-1.5746426477626443,0.709456172026342,134.02745336516688,0.7099029302042259,98.3738768459468,55.04955209034949,-27.84598630313542
183.848801664777,-19.10896788264219,0.5351054493348905,237.4590736411419,0.535896979580361,-80.7610209186112,78.84259988328299,0.7815750534224293
52.344403438166744,78.10039625461215,0.19456417891585454,-283.8134654329635,0.193618134031078,-5.82587707344706,14.733860676799864,-89.89181199776297
226.394428073789,11.361724915866489,0.5631497372559444,-251.4296056219933,0.5623116385705378,-28.65050596003411,-73.88426679112952,-6.416687499230406
133.42353444839412,-30.6297955022374,0.8817984841814537,74.54692875067491,0.8820469739439559,-77.98876269692245,31.473665398879092,99.24925801175715
131.50510895980543,48.69416759371629,0.6571483742776576,-14.968758501302034,0.6570984784159866,-19.079700659410776,-57.2101815174092,-16.447755910768635
96.05261370327551,-2.464930729947426,0.6693754903435739,232.12018032418268,0.6701492242779878,-70.91494436679211,61.955637046228134,52.39221814882839
226.10501049126702,-55.426573543440355,0.07170711315686995,-217.88903266944078,0.07098081638130514,-35.62992012071666,-41.72545105233911,62.079416885783104
123.69287497233529,-60.79149959228977,0.9757208982672713,122.9360476427915,0.9761306850927473,60.66170516475114,-0.5558562959004405,-80.62020758288341
211.0533435466546,-9.946249639608894,0.31804972271765364,-247.510977115017,0.31722468612727023,-36.777595932520235,-45.53791890280978,-28.747562076992935
256.8002647132744,-69.0059824269915,0.37884107472047357,155.31948355320702,0.3793588063323176,-38.06232760357864,71.19448000501487,72.81201482043184
68.12006948148903,26.925803530488466,0.6394164576124598,-198.14687290240136,0.6387559680361184,11.555341123094948,-4.951597811898267,-51.852361739636635
256.6793816426692,71.16832350737627,0.8964844249572771,-236.53893447971012,0.8956959618423447,-24.229562663708435,-82.14988948245387,-7.227581017259197
238.7450099788047,37.23944816975363,0.05770529748022479,-232.17456869247417,0.05693138225124988,26.432700633609514,66.98627681144947,21.502527433749037
33.808502415360735,-75.26914101982004,0.5806107677494748,-169.85720759605647,0.580044577057488,49.52630832738254,-39.57396917764486,65.18781096184364
324.75579009917175,5.591120283822718,0.7026649733396602,158.4398359256225,0.7031931061260789,25.33424224642151,29.359106434159116,-19.263656048635696
321.41244532434814,-58.103583567610244,0.16184186059991879,134.63135847004855,0.16229063179481895,-57.71566534445975,4.02422222004752,80.29274607645894
128.72934314060802,42.4102084491513,0.8690669752737841,95.1920665864456,0.8693842821624056,-81.84098849890566,3.270297384759587,59.40850047575722
359.1968025924447,-7.4412580907525125,0.05626156285424799,-90.51461141397016,0.05595984748286809,-0.10030086907684677,85.88052873485876,-86.96392308823577
329.69138082321257,-10.804564966579079,0.0995321002656151,150.9700487167725,0.10003533376133768,-75.7841060722464,-73.20397168497543,-52.627267514263764
197.0064478606422,28.85730810004837,0.8603698636850053,53.84220767398455,0.8605493377105853,27.49788888772457,-3.7612350264197403,0.8609115868525805
238.66768655221975,-41.40991047573392,0.29599189026822026,73.78729142715247,0.29623784790631075,24.34797721630177,-63.960800660270145,-60.85794940518985
197.43619244759506,59.98355597128395,0.3117826986291504,-195.60305576168707,0.3111306884432781,-90.29059789282164,6.033049498024596,5.690955462264526
220.55903049266897,8.381863927223165,0.6589534757717525,222.0788840345906,0.6596937387185344,-36.50012074677613,59.208398070768,-54.65217232926787
119.11355225030313,-1.0109445000451132,0.51963347734458,142.61015584182735,0.5201088445307194,-94.78956911668047,47.68276435410442,61.22577211231777
0.5034159888111756,11.158453322730011,0.018727167340891415,-217.0087482109099,0.01800380484685505,74.23787878362813,-89.00766920874091,81.4800371405955
240.29656074766686,47.86666863626192,0.6752260181897723,155.02869589516752,0.6757427805094229,46.39262583455272,78.9719041955442,-28.03094393694417
137.81290229504484,26.896705115395633,0.5301642091542668,107.11357884621253,0.5305212544170874,-26.36814430955006,-16.254986509976035,-21.572643936094394
14.268535484979585,42.63218641381263,0.5689624250482967,231.5689509179756,0.5697343215513566,47.58137764151661,-17.019173274239478,55.08917898113589
22.827724579027084,24.502687627649024,0.9311912425713877,234.96703410638838,0.931974466018409,-36.71835847139866,-43.88633536841251,-41.02837476577539
319.19435384024405,-28.394830865722867,0.41334943839283056,-102.18498047158255,0.41300882179125864,-46.754797523637805,74.01970968300327,-11.266631198883829
192.31736182830832,-17.759178573514575,0.33534058876203476,-57.84467164294239,0.33514777318989164,78.97715979176877,-43.93646429679505,39.34566529731791
77.06030981735053,73.6581946051777,0.4669257458502536,-120.7341608263539,0.4665232986474991,-14.28589114645682,47.95145068689129,71.28171314082391
292.53440384325677,-66.63422595343083,0.9673060862637262,-13.606063170606376,0.9672607327198242,90.22090582988142,-65.8374985686942,88.18275768344554
69.46686139743547,66.49033731010098,0.2706808932319943,204.57038062621757,0.27136279450074835,-67.23692478649102,70.95160660886356,32.27292073511563
43.70358506779711,78.63501671449055,0.4340229032084959,-189.78456206815832,0.43339028800160206,68.7338559908682,-89.12029785531283,-92.35333397536272
265.40741442186703,-73.82319135878495,0.7464114481410913,-243.31960879390454,0.745600382778445,87.93325214278792,-72.53160007723628,12.588769510184378
232.5918943381049,-24.08271642046617,0.0958022279789047,-7.024959658322246,0.09577881144671029,-32.869336644618684,78.18724590878503,-59.366936076828836
80.56041534883147,17.494658102219205,0.44398998918419375,-127.81222121962122,0.44356394844679503,-71.93167892341495,67.9625168325569,-80.89031912526261
325.4275386620741,79.27970639697622,0.13025225086459702,254.78217462233715,0.1311015247800048,-46.85795117076423,58.49394750054947,-35.06765787430956
160.4139572035294,37.88869053487332,0.5462393619123166,152.75217931125923,0.5467485358433541,-20.738340897086033,-87.53877552060595,-31.307830758090688
318.46860654177055,54.41916882664839,0.9261822285316078,53.514817910971544,0.9263606112579778,-34.35788293851607,-3.6571270107849045,-1.3619224772784406
88.20415480510631,66.8281250344107,0.05907070148638727,-101.05852707168822,0.05873383972948164,95.62866701154812,12.068778687839313,88.76531937450164
2.237720825264744,56.096312937629705,0.6255238664127385,213.84337458568143,0.6262366776613574,46.92251616389851,99.97261251115651,-32.45081353169962
267.838130023342,62.03142491424734,0.6932835956484599,174.76026440960845,0.6938661298631585,63.832533322749924,-45.643030899438216,-43.35341449209782
145.61161778210527,-85.72060148700186,0.9050500575872604,186.64183219355175,0.9056721970279056,-73.63497941671639,63.72214153495497,-34.088170084616934
218.45260214803835,-1.9444033198566189,0.44468569760708165,65.40689762521635,0.4449037205991657,81.47426419738383,-17.17916904761927,-94.66779485536749
306.49705189633823,81.3421237764656,0.8071768120798195,-205.9964325505972,0.8064901573046509,-15.764209829857137,51.376477646717746,72.72220917466527
313.1505707905395,76.25459146615898,0.6416137649017077,-216.80149328409902,0.6408910932574274,-15.968430308408003,91.89914217528778,-73.55484412330824
335.8616814179617,-25.275936149542105,0.5908791882434611,188.0715433467833,0.5915060933879503,-81.41617589845826,-77.52803980972843,-4.326449349842591
325.55664016558984,84.64963787907641,0.6543029244442452,-185.11076855193647,0.6536858885490721,58.68431457440755,-24.755991503877624,-47.1379006578841
212.3680702668756,-10.27344268897194,0.5191911440308125,282.2672811849209,0.5201320349680956,-92.32455296586379,74.710182019732,-13.301952314348028
304.4646054522629,67.69355458209128,0.7368546705318209,-15.745760434047384,0.7368021846637074,4.347623616141604,19.215713038608854,-20.89703382418871
256.87491810333245,63.8553698814072,0.3369465411780225,272.7027876861422,0.33785555047030963,12.544143719806527,-41.27297133085659,-67.45216522058533
261.4820651557026,-39.40424788037895,0.8088845086855356,268.17074471165404,0.8097784111679078,-29.50040439364014,-24.403519698458,-39.640029055520955
92.0398728241283,89.75924307194916,0.8277110767937762,219.05003520427863,0.8284412435777905,-94.4614191844251,90.47830984950758,64.77397244819417
296.37719532021777,76.79055832519606,0.41171666293087184,-253.87691403955876,0.41087040655074,13.889289274762277,7.138499718005463,-56.81379687187898
267.261857412547,87.33286708906812,0.7162718818171823,176.48554488181594,0.7168601669667883,54.54737420312438,62.10118665717775,-68.08070873330706
218.01426598282532,19.497181241981608,0.8740325716056958,-37.259375559581315,0.8739083736871639,-47.96581832497697,7.324338050005295,-1.2799068193633616
6.057794940242904,-81.2202989536483,0.1881063965807689,-4.4570099353587125,0.18809153988098437,31.708680390233837,4.19664128259231,14.976808042279032
357.11984011863944,-74.22420660360281,0.3727013680778508,27.220196162330637,0.3727921020650586,58.13055932644224,76.7427220750009,24.04798170090605
236.00497030860726,70.98335473522013,0.7919891791506393,48.462475704219,0.79215072073632,-97.56397817443867,-17.478259870347898,-85.8228186835031
346.6719083546444,58.794140651638884,0.34597248450447504,-239.73148181858855,0.34517337956507976,12.817277236417837,-29.578365328381267,44.65310575738337
301.42691098964434,17.456021336011162,0.8183181762730906,-294.9152986766206,0.8173351252775019,-53.30827113857233,-13.869631930777615,-6.995097854880768
292.58618206917987,-58.40915453285936,0.572892177509567,22.75590181744593,0.5729680305156252,29.57804020713357,-97.26165284389334,-91.25389486908249
32.72137854882302,-19.189017645569535,0.5977515144292709,140.404085307784,0.5982195280469635,30.181593519445187,-78.49760051099541,73.1653497232378
142.02287723076535,56.94455438060311,0.17115945251470888,-71.82497072383569,0.17092003594562943,34.087045965860796,26.01757559175222,3.7580999746785153
332.3298798873947,56.080578745372435,0.5958526078318164,106.59915372243734,0.5962079383442245,-16.960150759746767,2.58036699027042,26.051606308957176
301.4669059079477,-54.00396599700382,0.45772409236385136,-189.57554891150798,0.4570921738674797,-60.55997280424788,-92.86404073233983,-76.16361782899173
272.6461368536616,-30.608770162447193,0.3047506048850722,-213.6696732916011,0.3040383726407669,15.276357115162128,-16.98284406109272,-88.94703247361522
137.7311829266786,55.369571744591326,0.7567726788584154,284.84350201187544,0.7577221571984549,71.49513947647094,-0.46189254178541717,58.47521778940123
282.73999988966233,-16.195394269297196,0.38714903688979985,36.05700119660037,0.3872692268937885,-11.487658495229411,24.58767993560454,62.754521314271386
330.8289949339797,25.7987571584449,0.5248078869858308,-170.50517270111806,0.5242395364101604,-20.084641149289226,-55.15071366464144,45.76936822867589
194.50476169566852,-62.4087262276677,0.16522056835392296,-283.0957383551943,0.164276915892739,-77.2420538496921,23.833669667438755,27.528546744260794
190.17569111932352,52.09838861485039,0.5464886830457374,-146.15217441379863,0.5460015091310247,53.110401017364325,-26.71350965244541,-91.10231173772254
77.81992448499985,-9.945292174286891,0.6131156107042327,167.70684607367457,0.6136746335244783,72.29090621459332,54.85771903391304,50.291733815036935
212.16410708317622,-55.224055940652,0.6661420695858326,116.62836152026904,0.6665308307909001,-46.38113008130136,-25.779424859355515,-41.234344157378366
358.43422096483846,35.48104822185498,0.3591722643723203,-183.14373977484468,0.3585617852397375,-31.89121599107878,-51.763772995340005,66.15606129059069
67.68558119698059,-21.878491774929742,0.5349324716920644,-149.13753718972697,0.5344353465680987,-66.22287784484229,92.27619371762825,80.73446659844154
9.6710797833431,6.044267717216329,0.043731946756339735,-39.766521670287034,0.04359939168410545,-78.09589318343997,60.90468869984224,-59.80131996991611
108.21744490511682,-74.55275876978841,0.9682195268912626,0.07447142335621493,0.9682197751293404,-15.561768898221203,10.570429791393622,-64.10639413088091
287.10174086606037,-38.31936201677749,0.8469264566765841,143.50521754684615,0.8474048074017402,-41.061107555077434,-2.792263180755697,-41.10621475115956
338.4708923840437,62.81549100589882,0.5389903230984802,113.84260314947,0.5393697984423117,-84.46260470509417,60.146609235909466,-28.34065045941078
96.6832492883242,-31.012367255144525,0.8892022594518819,-238.0221569912673,0.888408852261911,97.30113020607388,-7.284009729149858,25.477836059392317
182.39209358902423,-78.71430927432121,0.7657348324426039,-59.37064393835095,0.7655369302961427,-3.5765315310760286,64.30529744877234,-37.685292237820114
50.74556337316938,-81.78763736843436,0.6899677947161881,-260.198966576518,0.6891004648275997,18.689278032647394,-86.3715816097227,-77.41875817046201
141.80187883418193,-37.46208256007048,0.10724073965350744,265.1224745524528,0.10812448123534896,89.29440317075651,92.53327145472798,96.08462682544427
327.4310786366955,11.886128848991603,0.4042665733858254,145.09400909721637,0.40475022008281614,4.7536542531519785,-54.53374253640511,55.142373212276425
58.69973834783953,27.32150420181911,0.9497664057960128,21.18032994234676,0.9498370068958206,-70.91697261340488,-28.333043328825383,2.1526042315477554
155.54955065149952,-63.16343808433227,0.5981803730043651,228.0075349818328,0.5989403981209712,94.3366651857753,-63.723487018328264,31.66169504425028
7.835009697889741,-63.03249643360218,0.5133794569559696,63.852528742870504,0.5135922987184459,-50.42458161385204,46.94454780968525,78.41027313757019
349.22586390721625,-71.29317229600477,0.6833388244920795,13.794152208674518,0.6833848049994418,39.615930501086865,86.68257667643334,-42.70814011224404
317.2723959524095,-73.69022296682385,0.041328971340444665,255.0517621814547,0.04217914388104951,-48.21413083045021,42.12963333735044,-56.046909107092915
211.78424898884876,-28.74864275109895,0.7229989229346412,146.8860255221124,0.7234885430197149,80.46707669853512,60.67447338833114,-9.967932404616846
45.83273212438629,30.850407462070834,0.43924965660609516,125.28251982187027,0.4396672650055014,97.63863349383263,-33.045367517730114,-11.26506474929127
123.57631820243806,-32.16730270636835,0.24250211429325075,-88.27971191379936,0.24220784858687142,-27.593776617641666,-28.314882651199483,89.58333688690752
135.07093960407184,-86.86454138990538,0.9648469435309782,48.6172983278862,0.9650090011920712,-38.359791933746166,58.75357628292653,-95.59798606471162
307.65898941698,-68.61278372581381,0.02419811810608241,-213.97472131524245,0.023484869035031605,67.04293657099635,-89.85368809638442,82.75687181402432
105.0569154841914,-54.5413513802923,0.6550393876542286,-154.54600008016456,0.6545242343206281,13.047334675279032,52.7800980553219,33.53742723604455
114.25801271149518,23.99904463667572,0.6288085228700342,-287.55818874406106,0.6278499955742206,-7.83215422178813,26.545035751917908,-23.68384418813585
57.7540801547499,74.27460746111663,0.010865987523215881,219.16505546552287,0.011596537708100957,-66.65947054048385,98.27740740741677,82.13722713243087
33.05899689444514,48.17530639301117,0.6678130643399938,218.78447335736973,0.6685423459178517,-0.721788025843324,-37.581135979593114,58.1566637375071
265.10726895686804,6.548907432187022,0.9854026411063748,161.68487682338798,0.985941590695786,-0.5718365499526357,85.1618567358316,1.1639503057379557
303.5191523970427,-81.00849342435612,0.1299088056464366,-172.23550842850435,0.12933468728500824,-53.578172477761285,-71.91394253739153,-91.69332444597565
201.46301800723438,16.194744637220055,0.7265297681367185,68.91329184334631,0.7267594791095296,-9.368648155899223,-10.01762241799797,-97.18734214304688
221.90377797548578,24.463977175445933,0.6257350510508559,277.0189374034629,0.6266584475088675,40.65519947130457,-57.8534377713005,22.12310329003546
199.4127245679818,31.105088981507024,0.5948262998588864,154.46186386179386,0.5953411727384257,-8.394411846026088,13.372157882720572,85.12990086176384
95.00779569455987,29.247105236043694,0.7379454979372904,192.70351818502303,0.7385878429979071,14.66212973694266,94.8377031917712,92.58560791034887
184.94113397742487,-8.601641204939952,0.1032524698686379,52.2985643874037,0.10342679841659591,-37.791095193189946,37.5998587552254,43.243264311136585
311.7691809141605,43.75799105486354,0.8093983613582874,204.65911909297267,0.8100805584219306,99.1742696090692,-34.18416703831019,17.76940093257471
200.60513519275776,12.757556596129646,0.6677757129446763,262.15530453806366,0.6686495639598031,-96.34169784474342,-37.97479160318326,-7.481387093409936
186.05704664990682,73.23833274539396,0.4996422733423538,-158.08879461432323,0.49911531069363935,71.45413593941618,2.940696926984728,56.8600817349799
95.07774406886864,80.09310911571524,0.4013826594010962,-31.88781332525076,0.40127636669001204,-4.6483556824772165,-33.80326477453745,51.71601155197919
207.44244962397744,18.6282566891783,0.6009530855299121,-123.35513633460346,0.6005419017421301,-31.655507246447343,-81.76611937050806,-23.000592803413397
94.41371659174756,-27.238737418479502,0.6247323745246212,110.99895066378173,0.6251023710268337,49.6984806153562,-55.69900764581772,-63.38714130047707
348.540528741197,-6.03464002437326,0.4757560945599204,-250.1795995414471,0.4749221625614489,37.414264675020405,-65.50512529495052,-89.55655280417155
90.35190410659429,83.90727084253058,0.33243743598441666,-265.7855657463093,0.33155148409859564,34.058997543473254,-65.19560818199318,-43.05378216005102
171.40411299432566,7.306991150765697,0.30284010111708626,254.8615974342806,0.3036896397752005,51.56764182492702,25.361392378586118,-84.97873993909381
294.48924515884966,59.24992608700816,0.8083825368347912,198.6344469592246,0.8090446516579887,-65.24132287667945,79.79006411958417,-41.08359412162863
95.1947025716635,-89.6710224435527,0.1577637660798923,-91.44966170161223,0.15745893387422025,-53.336712548857726,74.8270476472508,-90.46689513320567
160.26324603808322,-21.805223849541548,0.8647493913670601,201.26424746229497,0.8654202721919344,-35.114698074041755,35.636924226114616,-8.157357622196898
90.01627353126366,35.385998872614564,0.4652134783766647,117.33285233944576,0.46560458788446285,47.5895038250745,12.393605792151035,-47.13347389594631
49.385446764689796,-88.11164001842803,0.42310791108430446,96.35303366718244,0.42342908786319505,65.33527609857816,-43.020648059207936,-86.35258475912453
173.3826244650414,-29.074846299076142,0.3343867900328831,-271.63092461326795,0.3334813536175055,3.9863396258362798,-11.558578128631396,41.48311021602706
244.17916725863748,-21.12854050573138,0.04263651016599013,282.9411769435361,0.04357964742246858,-59.409094280690454,47.80730175106072,12.283678716211071
10.842467362405262,41.97248814245603,0.9724465110373224,-210.18430084750236,0.9717458967011641,43.0693942919132,14.4097007698456,8.13469662351784
156.064095979095,-9.59311599103971,0.17196647851439917,-83.58319869499346,0.1716878678520825,35.09325131106573,69.81843389277861,47.22596159819338
225.4505850277323,-48.777849298777866,0.005472608352581565,214.9690250296453,0.006189171769347049,53.273292899308814,89.35723170676576,-72.84869850169515
350.61296742772595,-30.581269256645122,0.5637915742771472,-288.37826531419734,0.5628303133927666,58.88771643309582,86.99251437578928,89.25041344665507
55.77259651032768,-64.88110298516995,0.5477570681771882,-55.53078179534768,0.5475719655712037,-96.25436757617165,-42.357380175170945,55.740115886190836
275.12768898720606,-47.29560266528928,0.9193394482880498,-79.45108216155654,0.9190746113475113,53.92479504249033,-31.529289355456143,97.26160403292971
243.4366107487658,-23.227784739835442,0.06471455402251158,-187.36609804229846,0.06409000036237059,89.42786150548955,15.031402189009711,59.963013455738235
76.60805449636678,4.3865572913743875,0.6002883623162641,263.3943013378354,0.6011663433207236,1.1160400268653348,84.78286580972417,-36.25980826930595
209.78347302563978,22.5500240305051,0.09606314164743557,-200.70262242401722,0.09539413290602218,-48.91726751928951,-47.54625343285062,-63.01540971553629
150.69310702189264,-72.46752040759387,0.14971468045893999,213.38718291094676,0.15042597106864314,-64.13470158553874,-10.47610376680899,-83.81865862881025
286.7774758828914,-41.74668582914908,0.6624720346318367,191.60049475035044,0.6631107029476712,-17.195372332914644,-58.614076376369574,-68.45818075213145
165.50386724875437,17.028506076662467,0.6588860734988079,51.97289006382698,0.6590593164656873,-51.15437244570613,-99.6852794802576,-72.70390386754022
158.79147132709238,84.40393019672067,0.5676110745122525,287.864940291896,0.5685706243132255,68.21632244023098,99.19618127991566,-42.12082233301588
248.3542170506488,-12.44248732511872,0.8710053616057333,67.99522442793636,0.8712320123538264,-19.20823512301142,88.64480925352197,68.23386392534752
177.73201686119896,-13.467776500476077,0.4032727474676603,-56.97256001362794,0.40308283893428154,-38.005807733459164,-66.5307300349979,66.07401865782231
43.86883870833608,22.121685749812286,0.1591595752181788,220.70905740540775,0.15989527207619683,-54.438195052640694,-74.85166452006578,-96.4443654509572
325.7031497712942,51.96041389334414,0.3136096185436008,218.69297481234923,0.31433859512630863,1.6050960955881806,-56.19049621780119,13.51670598018731
10.284102982460904,35.22534925292679,0.27124937777977787,-75.71751766415011,0.2709969860542307,72.5553546650846,24.676284837168012,91.85500403172847
81.58188140177681,-88.79656627981575,0.8519898339816417,65.47139608985628,0.8522080719686079,-73.38577976790666,-49.30023145301299,89.41995149185257
207.80644423278613,9.67098247943369,0.7708637053172543,240.7723232558742,0.7716662797281073,-21.96162556917207,64.89973464881703,73.81648712253622
343.82548768742276,-3.5273860021507915,0.8926365142625544,193.98748430725965,0.8932831392102453,-6.07608465440434,43.581729828945186,-72.99188668909792
268.011993883056,-18.679425728797383,0.8279099346958143,-93.01714758725893,0.8275998775371901,59.5095338560715,-41.97511381341561,-0.2534638937254243
142.98497569128082,89.34861159127274,0.2411062404138471,205.22077141080007,0.24179030965188308,61.57642443618954,89.34875905818578,38.54976770700716
178.77165224020712,79.5081900215068,0.037760643190397625,244.64220925392442,0.03857611722124404,48.41129840917006,-59.50130890809309,-41.50658147008925
311.00847179533196,-71.32570001751785,0.27029413106354305,-209.5948096182243,0.26959548169814895,-58.137294192122724,-73.92369335318251,-30.579304383484555
314.32414656651775,16.73527541643007,0.1591843222080901,-237.15076837020578,0.15839381964685606,99.59681471378775,-49.52322308007571,-42.67820077603779
66.86054812363645,-39.77467787920554,0.9446133362930865,-77.34319072432189,0.9443555256573388,-17.267854123470656,-33.13282770894608,19.15462398691126
188.86343378735725,-43.08119346864778,0.10767115623388912,32.826009113591965,0.10778057626426776,11.477474583739848,-88.68450368988547,-31.70411329179086
152.69480808576728,-2.896820880126697,0.3176177284868147,101.64559448076398,0.3179565471350839,60.25355045332884,-76.13551851324505,-15.628247038137829
240.34251742141387,16.666813623260907,0.8724155519164895,222.28595212837797,0.8731565050902507,9.099090611691011,77.57901806298472,61.30804269671114
54.0924284943911,-88.33418307684862,0.3864733712665197,-80.9720062730567,0.38620346457894283,-94.36327908549225,62.08489587141651,3.270312536471039
351.3525364621635,60.02864622965012,0.8078279986410681,-60.58936027107049,0.8076260341068312,88.68481503861395,42.655919657823574,-78.99257895675797
199.3757259063359,-51.977130635851424,0.6424640085916056,-58.536327730210616,0.6422688874991715,-91.7931081692503,79.89755732270157,83.89844750266715
229.2202905386926,-52.594000410638074,0.4117126209296972,116.78964188252951,0.41210191973597227,-76.82814387741554,-58.56272378803502,-81.89541086094489
336.24266550851536,45.885324485793944,0.137426356027473,-158.61187611150075,0.136897649773768,31.45398607152353,94.74097664825806,-56.92324353316438
305.3678612298342,-11.656644077478248,0.8574682489282628,-293.15607118467346,0.8564910620243139,4.459260822127064,-16.268176265462685,57.455717347843944
346.01784157349283,-71.68633709724915,0.7532409698961434,-82.22530401882656,0.752966885549414,76.31244753994014,72.78064091946467,99.47923310284133
183.36100968755332,-0.21917995616038866,0.21204346840192,-269.30670187099133,0.21114577939568338,81.0914049461912,-78.36424519804422,-13.559298752564558
36.52250767873103,-83.26012896012081,0.3278273070650538,-231.29474391854058,0.32705632458532535,-43.39647148911576,98.55851545607729,-51.893492229731876
283.6374431035287,52.00779484733823,0.06490108442843001,-65.06167584577597,0.06468421217561075,-70.16380443209619,-35.067145191155305,-73.90976363716405
49.650089548923845,38.591730018332726,0.05418731620663708,-14.026511249949749,0.05414056116913725,10.35410498846862,-15.136885838258422,-50.49900827187936
224.34659461407736,-72.48541876794249,0.17467706438958774,-122.78144761020212,0.17426779289755373,-10.164433046105302,-59.62535151577417,29.866323584310123
94.26906230226263,-3.7813646025182805,0.8048965517632937,101.4485306728348,0.8052347135322031,20.540663918842085,66.46507318315719,-19.20282490437164
154.80293225030331,-19.693190082254986,0.13088407907637,57.936722971520794,0.13107720148627508,-1.9631786496644281,59.600079408905486,21.7135204434187
124.29913316369203,64.67038826532303,0.2765224353030423,-116.65418544680901,0.27613358801821963,73.87818838522278,95.98402364186768,-57.65443534333943
80.90731221561026,14.276945715272959,0.02441531688218279,189.03317318091035,0.025045427459452492,-14.712509621012316,46.22544013238564,-94.94160477489444
286.0461856798574,8.7119259116741,0.02193061075472813,-271.0507614014651,0.021027108216723246,-18.597854740366728,24.642633349839443,-9.392180544714705
231.74480087648422,72.07080140743139,0.3819796599906965,-47.5504237110313,0.3818211585783264,59.02833452292094,-91.26768439987083,-32.19508224062422
22.494480950055742,27.654086983100854,0.6742623430855993,98.40521567388964,0.6745903604711789,24.0989650636171,49.201592611311554,-97.21640962822322
226.87323472852736,23.471152914202463,0.8342715991499712,152.6237660974008,0.8347803450369625,-93.11638293824625,18.413131804704037,-17.625552672205202
100.66290494991499,-70.50589373318982,0.12158842282638482,-206.70441290151302,0.12089940811671311,-52.178676081665756,-3.385526063826447,20.94780789888688
93.56999176777626,-53.26104142370127,0.5220524261143524,-7.181043099100975,0.5220284893040221,-84.96820349733652,-54.29772715260013,-21.236521465970142
336.31760356843336,-7.517435163672758,0.24624841085289528,224.2561598055837,0.24699593138558057,99.63755327230376,-68.91397769152678,74.47391550629936
176.71373986699473,-43.86063970967386,0.8122247546312165,29.639880524280727,0.8123235542329641,10.484814636638333,39.4674817684012,-21.90195000891157
252.19318581789489,43.48598765669206,0.808795550009909,-271.0642045281942,0.8078920026614816,-38.656444271922695,16.59902107687607,33.24069150711563
214.70107575663764,54.5304712336829,0.3320891020632839,83.98516268657778,0.3323690526055725,6.592847751581729,68.47935775542035,-40.22483846432616
192.48213306493207,-47.276716223346995,0.9247145937787309,277.76902790226154,0.9256404905384051,-39.256858468154476,72.53962235336601,-13.131475042744654
105.11901888014833,-21.492595389425787,0.7432654970881866,290.3096162118277,0.7442331958088927,66.07251049232994,68.63342686811816,-39.343517572756646
70.23535725896699,-46.34955157676257,0.9428693617427902,-201.69259913693344,0.9421970530790005,-57.43362394218836,58.73203942898439,73.40806252946322
88.12234713768457,4.097122467216664,0.36454931938990287,217.89946436661876,0.3652756509377916,17.05762140632929,-4.702045857904324,35.92913761249358
354.56325128666344,24.976125670149344,0.8081487679786263,186.87136739486658,0.8087716725366092,-47.01001940872687,-21.950069974308036,-60.22468652604227
217.39538534448255,51.60950355885407,0.4159405412194439,-100.12056874442553,0.4156068059902958,-14.608250849961095,44.311071008172405,-91.8744798496736
332.80482657584975,29.014344002219985,0.5725637792828739,-291.4903793903472,0.5715921446849062,-82.75806302512734,-69.80350172310071,23.279555121383225
201.31740126886882,-60.44641940348621,0.8593965822834629,-100.68476904084773,0.8590609663866601,-72.05170019620121,-41.62523607359903,50.17153460188962
175.12579119828274,24.814708929077497,0.26940081378124403,72.15057847021052,0.2696413157094781,-50.71370134576632,-97.35078678280678,43.41131154855378
159.04626205119783,-35.71455887632893,0.5260958151544012,-71.39101862865249,0.5258578450923057,61.51554229249939,94.07596703002076,30.429809045716155
13.85236814744359,27.692623696182537,0.009225022208974476,-60.32228460472055,0.009023947926958742,-81.67570981594498,72.69745515794276,-94.77808482615704
244.05273344810408,-6.809556412127719,0.509126925708071,-144.65419208734997,0.5086447450677799,-24.594761343140178,-13.419667095425837,-9.953655363904915
175.82714840513458,60.2856948890518,0.6308699705451601,216.1781678005541,0.6315905644378287,3.143780074590154,4.7169479990140815,25.750137522264666
256.3184912926551,42.23573798449257,0.5591284328947075,-60.09220486112386,0.5589281255451704,-44.54394246498219,47.49953090749867,-88.1253833790939
344.5813796126386,88.16733949055873,0.8967728919284333,232.3337079872466,0.8975473376217241,91.45850509445339,20.192500331093328,67.14557975872114
66.7748060724017,-7.374876142931029,0.022917162463319096,-87.37209923496997,0.022625922132535864,-13.007757210485863,-65.33263618175019,42.616163979272784
63.50023587508,-61.11856820104877,0.7494573869779352,246.0113154548335,0.7502774246961179,85.04762466460215,73.36865176560795,-60.253552644373734
217.87395255346658,5.7511262906452885,0.05120120983316867,-161.9964389930818,0.05066122170319173,14.465289963422492,71.76886151524957,51.00143755907453
292.4051068185893,-8.133993550194418,0.9536645540957563,66.8270019389364,0.9538873107688861,-44.19602524549511,-33.79802406701518,-25.117431611351066
47.060465097566244,25.778162921778403,0.5367166184905046,194.14126455600478,0.5373637560390245,-80.52380533927763,-69.29172848992604,-32.408220447829336
78.08931972124738,-44.79626379611727,0.3520336719344068,-87.63754850364708,0.351741546772728,1.528075150464602,47.93808312844257,3.9434221450927964
320.84065210355953,-78.63058813304556,0.656290720556067,96.76722136409296,0.656613277960614,86.42296956644918,15.143924692380239,42.144399017870654
165.40253284937276,-76.66348982981106,0.09967969150848233,-26.615024345235383,0.09959097476066488,25.494358162006208,-23.624052502451363,-63.07741044697717
312.4308395541701,82.45309133913923,0.3442078189979194,-132.94822149266653,0.3437646582596105,-71.77758055374304,94.76567303334915,13.327216272797074
196.58750184545747,-33.55692398173006,0.8005613505501253,-186.89411777133577,0.7999383701575542,33.190969818716155,34.008822827284405,87.16932392727855
300.0003018916094,-9.991120302709518,0.7233878644498941,4.222464896846191,0.7234019393328835,-72.71033144917189,7.973751476498791,43.8745337676682
333.8312672238687,10.047941484180086,0.2651929412421523,8.074210732216386,0.26521985527792635,39.02244378706402,-43.102239990116644,-73.71760452272122
69.44972086592142,-35.91629304089649,0.20702036804093493,-123.37468116039457,0.2066091191037336,-91.56695987551662,-12.732375337959837,38.27096364886032
3.7218002185301957,-60.02772285285178,0.10325158660878275,-48.57669071620225,0.1030896643063954,74.87984711756391,-46.240951464822565,-19.6843333536265
127.49326559562942,-62.06670991855693,0.09126186614911735,-171.00945861131834,0.09069183462041296,-91.60884771932349,-21.327857859781105,51.9500544305061
100.24663208861699,88.05284660421461,0.5040961110238791,153.82519768099132,0.5046088616828157,13.598921278120812,13.549195284393605,56.31730480672741
282.3993728227803,-53.03910575378484,0.16068626097440042,-189.49896789561163,0.1600545977480817,-53.69395309139149,-84.32363719481468,-53.65596503629722
143.04683470867394,23.426618390731278,0.027587996017565675,68.785086072367,0.027817279637806898,42.017560910642885,78.30148385241682,31.16316503958791
204.25152594934028,-36.348062101642725,0.3822215133373229,67.93386641318926,0.3824479595587002,60.56084735609235,-30.25542037296502,33.171018150158346
130.95089227403653,21.423662489008265,0.044297976752227575,-239.32113934382016,0.04350023962108151,31.780337484287116,71.48578195401916,-37.947666214127395
266.6084381616205,48.96650165713379,0.06806711001452148,102.3612034442612,0.06840831402600235,-12.967698467501322,-59.87579301700403,-59.12043379436906
295.7487145131064,31.867193513823153,0.4053392672480255,-16.333566865798616,0.4052848220251395,-67.79940850387587,97.83769250566826,4.971697114112288
26.626975159792888,-15.695948357238322,0.8779346547678085,-107.95599838962491,0.8775748014398431,46.52765121935309,-83.98434137341681,53.53907788457124
220.4440516418432,-8.031717155481289,0.1928850316493319,-6.431223403632373,0.19286359423798646,59.086065620002785,-89.79573375338958,-49.92108348147022
105.03673071981628,-37.004529595519216,0.6680905627882536,257.7009280579383,0.6689495658817801,18.013401332396725,31.217877522085388,-1.3855277466943363
169.83937460803074,39.800958216500305,0.684096988694598,-79.99783633846764,0.6838303292401364,-4.0342917750448635,-86.01822755935014,-38.35456786966785
270.90849616841626,86.6085497686885,0.46336848550836496,-34.51751032833698,0.46325342714060386,-71.05392697711368,37.89492917314334,77.70338857340678
23.171295915235874,26.60418556464164,0.20919359912678426,-218.73207100256246,0.20846449222344238,33.04314095609166,-42.78849265598215,-83.78249529419148
262.6647243017566,67.07861900741409,0.5843971426029474,160.40557029868552,0.5849318278372764,38.18607165833916,7.577340230705516,-8.833267083053968
199.9150384502388,-39.99017780547168,0.005188270104340864,85.11492710838053,0.005471986528035466,80.12536828935296,-29.608040598355842,-12.556385922846914
252.5412759794834,-84.10255723933601,0.24865831005000005,162.26261243851235,0.2491991854247951,30.385185914644183,-90.66848461545733,-24.9162428531031
214.896948006424,-68.93042841455411,0.9405093194416585,-195.70359226700424,0.9398569741341019,21.171101998042616,-86.59784343994524,-49.70671988971982
52.40177957400072,47.16920702263283,0.9794535350693412,235.15617466149035,0.9802373889848794,-56.591978312820544,28.13446852401941,81.49730494550607
236.93523739611857,-78.9359886624589,0.4490651450199088,-100.85855058618344,0.4487289498512882,29.198137032798485,-87.65653092444326,31.799916321139023
17.260108612058993,-79.88838766015247,0.22836623307304071,218.02355379573441,0.22909297825235983,53.585296525872195,-47.172934138030364,-98.06703851465981
94.0501136183327,77.96623049732506,0.5556534912426146,-251.98119713242477,0.5548135539188399,45.01374411344142,25.783474031727337,69.49922391206809
352.80403876475583,62.44540196768767,0.6785565064322556,226.4271086551464,0.6793112634611062,24.143169499346413,-57.71954124996406,2.956813514521926
107.6105730869597,-45.369736936518606,0.18531342859351796,-259.5809514767081,0.18444815875526227,-42.94638124937209,75.33814374116974,1.7084050987103723
190.75588118350493,-70.04238093692891,0.9572950929273573,-227.69755205629542,0.9565361010871696,93.03568291636651,-62.72893873568126,-90.15299915003708
338.71418655834896,-84.41443844299096,0.27194582619610463,95.61021810791482,0.272264526923131,14.540229703376937,46.50813927939453,-36.926820522635275
270.8680487133006,-80.04798405834339,0.03313852117794758,-159.93013324807347,0.03260542073378733,65.4658888690785,-77.58826966532058,47.013982855356915
339.2978649887966,84.77063615534752,0.09131272349305486,-146.48404210815517,0.09082444335269434,-88.4765178342597,52.407686571228055,-15.333924839148438
95.34042371517,72.30379312327162,0.5909891098776858,285.6064203221349,0.5919411312787596,36.18107846700062,-77.85738871504711,-73.00035872394857
42.471394041992454,-24.8738583494401,0.788388112688619,250.57773455505446,0.7892233718038025,-89.20483728845889,-18.26423214178172,88.34290205416167
287.69028790616767,-39.63360938289002,0.8974050283959856,-217.3052810606549,0.8966806774591167,-32.90897127911015,-59.105379766643274,-15.165534098109163
192.20605640119362,-76.86737336875812,0.17597296563785614,71.08782485136771,0.17620992505402736,68.01911376902677,-82.24176423786405,91.29747257476077
180.29084201293915,49.46379444157159,0.058506597772915,-85.61661147223404,0.058221209068007554,-7.626885782949785,12.94377178220374,92.56938765514505
181.9141936053541,74.44786339757468,0.9677667166728529,236.47714643172935,0.9685549738276252,-29.697109796510148,73.55084211798453,-37.37492659477715
258.7020741864505,35.47939560918938,0.6022444264502693,240.05416574490812,0.6030446070027523,58.90857879014527,62.69360914349812,-15.196963023885331
318.90623415233443,41.24887182723478,0.31560472688855923,-46.720355567545994,0.31544899237000074,-52.19686607610494,70.17403228335641,-25.32969722860004
135.06555038171618,-20.194888507609107,0.5593222222143795,-130.7054234571426,0.5588865374695224,63.921995005469995,33.88598589508308,58.40614468988585
24.61143976432947,-22.19863794044103,0.20749662953025505,-183.9924392909453,0.20688332139928522,-32.59239970420644,70.53138011110053,-24.457535668349124
22.694881008292313,62.593169649485674,0.7863987729332382,29.141953371142677,0.7864959127778087,-90.71047549714591,-69.43448906520186,-28.466247824387736
149.48833377852404,-35.991169451300586,0.7674725747789934,280.4498135548232,0.7684074074908429,-14.485845358911305,-65.81336261203327,-9.679472926829376
49.65854286159254,-6.485374680737081,0.40922683135043325,289.3413512246409,0.4101913025211821,-29.52785742703206,-75.6124391704388,86.1859379535064
253.3000225734477,35.31400192027489,0.32546635467565765,-177.9071057336414,0.32487333098987886,42.4806474407591,-42.095581646500094,23.03572304302341
33.77811678801152,-11.175782105977689,0.6356766594589345,30.34032973983011,0.6357777938914005,27.746197002518898,-53.90646902247924,-9.007837659136356
23.611805777478146,-76.31209435419161,0.20706145402209086,88.6121032992246,0.20735682769975494,59.01536928224078,19.666745063490083,-28.78233735044546
2.6324280122551746,35.06243743271757,0.8502673631780484,-294.21416965548855,0.8492866492791967,23.453098624012682,-31.08922665601183,-17.85395729796808
263.9725041387937,-11.95671256133221,0.5495704255657636,115.90247219190184,0.5499567671397366,32.00624653052384,-4.844348138384703,7.349402711863135
232.1483426771929,-87.5794962983598,0.023171894865825715,-20.69858691329307,0.02310289957611474,41.47098661501366,90.19797630234646,5.281615344114883
242.65120744094958,75.76881772412855,0.09949864007366216,-223.53671707224572,0.09875351768342135,-4.673375822595233,13.440064958546799,-39.22441218412309
139.0604755432241,66.52373608188785,0.5312917905418963,43.87786038382393,0.5314380500765091,85.6552737446321,19.0230506322592,-7.589778328245146
64.16449459600392,-55.60705302664736,0.5053185505195018,-272.81192274299156,0.5044091774436918,1.8114350298919106,76.16014552819959,-22.315950292331507
301.8608441612299,45.27616280460592,0.8135094452949089,-97.19025664748389,0.8131854777727506,21.951686656458563,30.56981508872775,-80.1256704923137
61.25875597555559,30.938267986331766,0.7209220800993286,-275.64198621720936,0.7200032734786045,-2.948722421824229,-4.0650229642851485,-15.112079344128077
274.7286883438318,84.72512087526971,0.03129716763571788,257.76604835331614,0.0321563877968956,47.279672812480044,-23.548159769318858,-52.916685333628145
211.55039018623253,6.2885190022116575,0.9485807359195256,284.70674410563686,0.9495297583998777,55.74752142246831,75.59319614513399,38.384321564703384
282.75554080257484,6.037233447104711,0.7009010701008475,-37.84151284098431,0.7007749317247108,84.33125260816851,83.11420694869241,99.32301595891178
92.25438697695171,-50.93476152936036,0.6165264616348475,-78.2248832838279,0.6162657120239013,-20.656370894196968,54.4545409187165,35.21573088751734
307.36775657550066,55.494527044418845,0.4898359245417626,-237.3411777726475,0.48904478728252043,-15.565354589534834,57.87052341227309,-26.588672551348253
303.2974946246049,-18.158095896052444,0.8179202152068988,155.46868627436987,0.8184384441611467,34.31589642339611,-98.58529387658004,85.14833220479105
132.1050897042291,-73.35541876395698,0.012685674244219736,216.5471431115924,0.01340749805459171,-16.30027710886857,17.296246327629206,96.93822748713009
336.6052624148125,23.372588163491088,0.7315130881671933,86.02843284704267,0.7317998496100168,-16.136469962839712,-76.80109587781357,-58.59146023538096
107.26110418782122,-51.46951187908723,0.9317072636307087,-176.98269563958624,0.93111732131191,-52.91551712741995,39.17533721627257,94.1523185886812
229.53076420079503,-37.24357201205884,0.8151928706429269,-206.19870614827397,0.8145055416224326,29.8055224429919,-1.1778890982602945,50.38885195760599
174.92137842493895,21.840730547523123,0.0030512087616476613,206.14536900794462,0.0037383599916741435,44.92990414453038,-60.49584967663553,89.26650217646718
356.3116572091876,23.101659511144916,0.8359482563021626,293.87287947901325,0.8369278325670927,-39.00408128519146,-63.00635222518718,-35.26806771243949
348.0702443044936,-36.747522331648845,0.4509331172838962,210.66873556956767,0.4516353464024614,-64.5050710519412,-9.219781742533371,-47.18775784281433
151.01466711489664,82.9651099911404,0.4373186341711712,-262.991665261646,0.43644199528696576,78.54682176060132,71.4827544859065,-31.403941473574747
17.630968067070334,-1.0041434639678926,0.6408406394150221,-36.72957165636592,0.6407182075095009,-86.52808219477635,-81.30041981999203,49.68810507516142
192.53277526781096,26.93272037971606,0.2956431629033083,-38.177271883330036,0.29551590533036387,-31.73450695659683,30.991662512307016,-8.979989602615987
40.14164332120897,32.179716083721075,0.9735391858677147,-52.55813354374192,0.9733639920892355,-93.41422260062467,8.335790561766743,27.51945258154076
127.56132989204227,71.90409469705784,0.9506810128083664,-17.793703325482056,0.9506217004639481,0.781426746678676,-14.86782249741401,36.89879434963285
21.221415019879718,-35.069212968081715,0.7998925487431361,-183.17293701293028,0.7992819722864263,7.656104677198925,-56.50893794726384,-77.04402878064207
145.76247932373198,8.863096905244902,0.26235798238766694,-96.14244974684658,0.26203750755517746,-9.69488518618931,45.856322009457415,-70.12499793113773
211.80644993882018,17.6033104752468,0.9739215061079777,63.29001013827968,0.9741324728084386,-18.699095770275022,-3.56523652019618,22.69424756545739
191.64794839661832,31.332658083382228,0.2937283378999316,-152.06258330304485,0.29322146262225474,95.64241647886033,88.3089370886915,47.87810182978751
353.3629495484766,88.8073594717892,0.27075704051325533,-92.70534133133748,0.2704480227088175,84.26650996722643,43.35880477122035,-70.18865635568498
283.79040701983496,-55.1458247222339,0.20554645977066255,68.24948163439984,0.2057739580427772,-58.27976489839672,-23.749482830284705,-67.35311674159547
248.22418383146143,20.732299643152757,0.9071648623335342,-242.71272375930806,0.9063558199210032,97.22554045037305,-38.45468726986818,-94.19267616490632
125.73046290426662,80.55088535719159,0.2902393662319004,-4.575775369671533,0.2902241136473348,-44.92161985856218,35.32843971164357,-25.674266321803117
332.8882221813959,-70.34491059855962,0.6265613162852098,292.48414364188545,0.6275362634306828,-26.167349341113294,7.017427652156826,54.68971415532181
52.419101771582966,-4.485001342151193,0.8548577695066387,228.13131534152944,0.8556182072244438,5.362672135873183,59.6072081725282,6.777648850334472
245.3850249142267,55.852079484827044,0.07610073054865873,-243.91146336135586,0.07528769233745422,-91.05441914249079,79.61620337617168,-56.05125478684552
181.98861101940926,-25.93253186999992,0.3896413636142336,-90.87827525699396,0.38933843603004364,73.45105520020186,-78.87530669713476,48.25035004436734
181.12716804642736,15.426987638938499,0.47001981753851474,164.54272360765145,0.47056829328387356,8.608984655178588,-17.864295809449544,-17.561273775807635
153.0782968707306,9.442386333653289,0.2440749116640204,286.34034580134903,0.24502937948335823,72.03957287942762,-32.601639009941465,6.378809074297493
233.48879245802888,-1.2010389332269114,0.17259511076606893,86.27056581776418,0.1728826793187948,33.409632121972464,17.393137942041093,4.197154255172734
168.82107797189425,86.04084942907323,0.09794541325394912,231.18709946971956,0.09871603691884819,-99.6287638835021,51.72585300710384,-8.133624269059766
191.59632756251114,-80.79061648780018,0.9552380401763496,-191.4541000296482,0.9545998598429174,65.3228618112361,99.18247707921319,77.39829167938245
229.2138429258357,-62.59608753910304,0.592482932436409,105.61108696877415,0.5928349693929716,85.8241386726354,37.22312556213407,-67.66236057846204
13.680465248007451,55.35967627961389,0.3523478340477765,-98.51325708236976,0.35201945652416855,-30.0621461472266,84.5914142020919,67.24855066986072
284.7114597806904,-2.6051897600511325,0.9843427136823611,47.02651581174342,0.984499468735067,77.67661972211272,93.50860949315839,20.331994760631986
213.5055474070269,83.36477588609816,0.030279102483076303,23.091161903395744,0.03035607302275429,-76.30523643065561,63.75906418541149,87.12669283348237
201.87849654913222,-36.181945681189895,0.9011690684624003,-238.37474757218956,0.900374485970493,57.8033825330204,-91.68247594067047,55.27372149508332
274.84163720431894,52.38661897117359,0.6628518542232618,-190.69874283626967,0.6622161917471409,64.52524137130558,-55.191593797595196,65.76412370463441
225.6737734428552,61.623574698998766,0.5380678312480984,-291.85741973243137,0.5370949731823237,84.61694022822695,13.464374662967018,-10.731263154409405
164.59666751248784,11.886498580284226,0.7819589419311943,-110.20092026659705,0.7815916055303056,-14.280111375465523,-61.893769860763626,-3.9561926560381977
279.6914144538794,-82.32351847602531,0.8475595563746156,-204.3043698173027,0.8468785418085579,-67.31861752368789,-57.63278353091752,48.14384000316733
247.13368299386502,62.60810596546003,0.18901213652150928,242.54077980585475,0.1898206057875288,-67.75384787052876,-67.88461637633227,-15.818560328853152
120.74485439647658,46.772654805800556,0.6755779643139167,-264.20842806447325,0.6746972695537018,-78.04259628186014,5.027479090182112,-79.17872373804073
202.28897436736253,39.37118467212653,0.6187480917518823,-294.33532680816654,0.617766973995855,87.20412281146977,-49.114573095670686,-8.430927126687848
188.88938224762092,85.92755128673949,0.3091817944318177,94.58499980100072,0.3094970777644877,67.68419231536501,12.914265113741479,-55.429107960912226
100.11511649513909,-66.4634671166547,0.7320161136797457,-2.7912981830370427,0.732006809352469,-34.1331482989512,83.64856491554525,-60.05411261530653
45.643249364165854,21.700613090081433,0.3937249219001575,-72.50306430256157,0.393483245019149,17.834151062537103,21.828065501312153,-96.162874577125
35.42493176620385,-81.43390225538468,0.03390053771189416,-173.20557424925562,0.03332318579772998,82.07307950494496,-84.68204339490926,-61.340482503629026
207.61131526508376,-21.848337958120297,0.6657687162851195,-175.7812443029813,0.6651827788041095,37.86959152297996,-85.04328323305651,-29.314070207369667
153.82304638087774,20.55039594062832,0.017554846834269444,-280.7148642172739,0.016619130620211864,-76.97829962863052,20.312365100602264,-12.066071934266631
249.55691064292475,-9.435214022790433,0.007474700003705759,-152.54707913957185,0.006966209739907186,86.39360998329443,66.53678117938802,50.290815407566726
113.85612163086766,39.868832909725654,0.2765824105802276,-280.12117916188197,0.2756486733163547,-21.803469409384533,38.55160654769503,-51.27625027852636
355.8067958650645,-33.142084008646414,0.6246711664730332,-236.82540335087538,0.6238817484618636,-82.3023867323097,60.2226605329914,19.575932208025847
38.231565003714714,-19.519801220384934,0.628104367849112,182.39026302168168,0.6287123353925177,-12.326196653175515,-8.297125668954905,75.17678426050804
211.65768410063865,48.864969985998584,0.5484821288412371,115.37786330728295,0.5488667217189281,61.3832314926934,66.74974498767895,-63.160155605108216
253.68090997198584,38.46130516385114,0.43316420842175596,-117.80129237664704,0.4327715374471671,-58.63272825899717,88.25038836681475,37.14723325265979
332.1950114317429,25.05860908260219,0.30973299036005464,169.34738180761025,0.3102974816327467,73.14136938299498,63.15511189140892,8.824096591698321
179.72364096384223,57.512174154519585,0.7065851921938082,-249.78206405922154,0.7057525853136108,51.832145751845076,63.58821484257308,1.0148871666378056
79.96544068539893,-8.514976683749978,0.49699844325371456,195.25077770695248,0.4976492791794044,-0.8729828853112309,72.93792570008117,-15.144098483687145
63.939112726537196,-16.225881754866535,0.799319241725253,65.73926267546051,0.7995383726008379,82.63982026619655,41.85482432141458,39.32585774394377
332.43074664964905,39.40179463858391,0.5445381268749481,220.1146008820474,0.5452718422112216,84.12525386242476,85.30394190342972,-54.73450628222189
179.88512853317167,24.953938179277486,0.0498714206739338,-51.913091657265,0.04969837703507625,20.94118100692907,68.15154174566388,-91.59563401238995
115.6353204882247,-33.24593401515243,0.1631570237017249,-104.87283545910907,0.1628074475835279,98.27570150456629,-1.87219863729824,-85.37069178096475
282.8511872952585,87.45305873861548,0.9215589903434307,66.02534101367684,0.9217790748134763,-19.51196052942865,64.21179519196863,14.641223158279246
64.21511263469495,29.58723577121735,0.4754367330323702,119.25517341082127,0.47583425027707293,-58.802373042404454,-41.97510541993097,-39.070752350387906
104.52242376341712,36.62511296821076,0.35099841855586467,99.26335256373045,0.3513292963977438,-96.94131226251747,-95.00066652760424,-6.3455181060892585
330.0196836868552,-81.53609613415539,0.0857424367569668,299.89878799072665,0.08674209938360256,-37.79415528520475,-85.21082412671097,-87.49651041390045
28.83619839934034,-49.68924861017529,0.588060063196148,-279.28402668123215,0.5871291164405439,68.02836601255012,88.31096189155022,-33.26904236612063
298.805628747966,19.50615512898632,0.023866955428956782,197.16808352061423,0.024524182374025497,95.0246238826293,46.69281912961978,45.6594360430378
145.49704838038303,63.96041564736433,0.025934519161459613,-86.43496177910893,0.025646402622195915,65.76347696979394,-65.86646971160337,-61.950899071961054
18.978811578321935,-84.74368268066745,0.8868750330925409,162.20774176043864,0.8874157255650756,8.781035562689254,68.95442351534902,-69.65998322349962
354.635117980204,39.975480082276846,0.8187199309183498,-145.37242391171824,0.8182353561719774,-96.16745257390969,22.467290129873135,49.98179145547115
334.0931830874056,-63.17153848664631,0.22414660333570624,67.8507986461837,0.22437277266452685,62.971921754415035,-40.603112199215175,-21.735777703260567
250.7906246067762,-75.96095120672533,0.4765572787828115,-139.19366927230612,0.47609329988523713,-93.28897171486217,-26.834504937393874,-40.44243845581228
322.06191782747686,11.756995513574807,0.23339512721336642,-115.76516330701165,0.23300924333567638,4.919361789532843,97.71639152215272,-45.21185624619033
136.01995687690558,-69.8357753009976,0.07698963893202604,-181.72277669795818,0.07638389634303284,29.885302745872195,36.93032113501681,64.65171974713851
297.61725571135435,-40.64624521897104,0.3715085957252816,267.12244299668305,0.37239900386860386,4.8423565067223535,29.219142259598243,40.426621762617145
332.2224876282524,-16.176898495306915,0.7751228179181523,-33.25405039205049,0.7750119710835122,-31.587566294336284,47.39831122297244,22.797747668097458
111.55494491336978,15.782159087704898,0.10534629100838622,249.0514085688029,0.10617646237028222,-93.68864307736912,-85.7397218356484,39.20657291909026
282.5986314135433,78.08647990013012,0.4227099467048271,264.51552951660847,0.4235916651365491,0.4906789883737588,-81.78842740852815,-40.886350392460294
178.3784530167087,68.61664917574947,0.05967420570200277,25.336891363329016,0.0597586620065472,9.982886841110087,73.14410429165179,-25.80122259134356
170.6437203720067,29.62212932955937,0.22650887057170932,81.59177921471604,0.2267808431690917,-10.10390137636115,-51.91743081673257,-50.002682262149875
213.39781315340247,32.04252724520792,0.28353243402932926,-68.35110632969591,0.2833045970082303,93.1767201665935,-30.89029767727189,18.303219055809933
164.5049915193567,-15.344521936322764,0.23103748290252513,-75.80135705501735,0.23078481171234175,65.95981815123761,-9.20931679958332,99.31824011195681
343.29047440408436,-43.286009970639476,0.12990194359430618,123.81042971044826,0.13031464502667434,-92.77263438627482,-60.91893386263057,-41.52347406540191
85.61839185054116,-7.424780872485627,0.9523679206642084,-7.766230043080952,0.9523420332307314,-35.806326760247686,-63.95901545012621,0.6596089961278437
1.215945133797991,-50.24070467544355,0.5381276673215031,219.49911644663985,0.5388593310429919,-25.3960537838892,-33.46019352784528,-38.004396566768484
310.9004678618742,2.5213083376552987,0.898945793917003,104.43672259965604,0.8992939163256686,-48.67579446825532,-22.52475281151321,-83.15093871003592
20.749928356324695,77.26945003994499,0.5856894772588475,192.94433950986138,0.5863326250572136,-54.44462017907068,12.077210844747526,7.868374471661284
45.90504863642918,56.34241500819553,0.9404118008028068,252.97604648211268,0.9412550542910806,-65.51847881003745,16.8194718455982,87.94649397958898
356.55120399774,-0.5656408724512119,0.8860388868393448,217.01413193923474,0.8867622672791423,75.67479795015944,35.72891461349073,87.48480809562508
245.1129985505525,-68.43353775085642,0.21012654777747497,-167.62360563808429,0.20956780242534803,-69.00867033052171,3.1761385158060307,-38.787665297242604
106.21014527496197,-28.226489147989334,0.13502037869268368,-13.062636019291915,0.13497683657261939,77.66414160035166,2.408227656136731,52.556721017441504
140.10043844407843,88.43937307019917,0.3482109729102928,-115.83128364820297,0.34782486863146544,35.70169677197822,39.89735459162432,-24.642125593235335
147.20959441536314,-52.023021125927414,0.615090616426751,-146.68399139127547,0.6146016697887801,4.416899002141065,-89.95725563453931,-3.6782971373311852
311.3994000623576,-15.744005501657995,0.5973865832123159,-195.5020486066747,0.5967349097169603,-96.94370091414861,-49.5958985496265,-64.80923582784689
294.53057178453804,-40.902162195532576,0.9662988634581956,125.07710739629857,0.9667157871495166,69.46418045705337,-79.47751078134146,-18.623309229049028
119.05799232733641,-52.991628759752835,0.9211819905255686,170.02852521268233,0.9217487522762775,-67.15861578425529,20.521389608701597,64.67872840314024
138.50935483772642,58.30356956528482,0.5348986535341173,142.1501762329492,0.5353724874548937,62.53235275939102,-80.49380818709687,55.59795540938899
162.9442610084836,61.9966235821945,0.13654708703536578,-117.78083152426458,0.13615448426361823,6.944354248505789,30.613795668307972,-31.80923198333319
244.54026123668936,77.64021801252989,0.3353804779686864,-259.43213011737964,0.33451570420162846,-27.34426186570684,-97.09248973154136,-70.55475393480069
239.24267807716055,-40.228912243748816,0.12708833666747477,247.26213025768357,0.12791254376833372,-67.62652196114672,-31.768933410469558,0.2586517061526479
310.56188809390505,45.954728590497524,0.590006962756922,287.2018389930689,0.5909643022202322,2.8988907753940936,-61.017534815710036,-2.260907238226693
134.25074415417245,-18.95936143114683,0.49558553251058346,192.86994985082964,0.49622843234341957,9.264968908283649,40.54479494998819,87.89813403350414
43.53261311172568,40.99998744791259,0.7912825302385926,72.66741628736713,0.7915247549595505,46.47867273149481,-36.78471284213991,-80.48325513945811
54.19969701560882,60.26111916283995,0.4949899281064992,-192.06774357516537,0.494349702294582,-8.059285304590816,5.260558049187637,-3.857333765210228
9.35515407989286,-56.382258121232134,0.6002812685937434,-95.68784527687998,0.5999623091094871,55.29444736403718,-38.0671352764812,57.70396788300803
203.3811736176467,-31.849417422924006,0.30254139479616105,-57.01362987930426,0.30235134936323005,-85.22639469827848,56.0872249156169,83.65711661875906
230.37764753803577,16.02886679095792,0.7854007216636957,-243.498869260496,0.7845890587661607,49.3676217203481,37.24788429724123,-69.33250049837872
203.52266290854197,54.497789143867465,0.24203739333487218,-252.51143771545412,0.24119568854248732,-79.36627617726755,-38.559118768467314,-23.186599774719127
300.30547586017406,-4.100413540850283,0.7637165188274803,-158.54684439378025,0.7631880293461677,39.845895760436434,95.21054525700606,-17.25426347772037
310.3528860027854,-79.88994408544647,0.07785600412108329,-276.5512512033881,0.07693416661707199,71.9778531339091,66.40507151868309,49.12921645111919
317.067398203358,-35.602228146617904,0.7735478525186962,229.96865277507027,0.774314414694613,20.162550880953262,59.773996066428055,66.7932334884843
235.79172451612314,53.893756255573464,0.8951476257501378,-171.13829334033676,0.8945771647723367,-58.600757809538216,23.302692841974277,76.27597209363239
294.09279225197764,57.0349816075981,0.15537029564948113,-141.61137456352293,0.15489825773426938,87.16434380387372,44.94733806814472,44.8037749164377
303.8634985540714,32.22956478047402,0.29305072602702054,229.63887796299286,0.2938161889535639,-33.79393981977749,89.24694480110716,29.49902856682806
70.14533032844898,63.99496170231936,0.794803900702798,229.5879310546253,0.7955691938063134,29.37707219071413,-71.02091712548375,-85.30291027468701
47.49972822696827,5.193216824310866,0.48342404001215733,50.99205246392171,0.4835940135203704,-10.956321712636424,43.10507691091573,7.844555597067298
234.10823330761522,64.04260225466388,0.08564160473124716,209.6693945258504,0.08634050271299999,-52.445899217988945,93.9726068082997,-8.523363417463955
150.00374225495756,85.25492324603053,0.5565523596449236,-273.57136387011826,0.5556404550986899,78.4914091541485,-44.990929049197305,-19.71664325628464
52.01552747873992,89.0824943879953,0.6418288410597633,242.6018618784335,0.6426375139326914,23.961711548157822,72.65670686278094,74.6895574077775
344.72441427675585,46.80300259231504,0.9527509446885244,100.02404473863845,0.9530843581709865,48.06020742861264,85.14710810325931,88.51974621025573
352.27529861744597,-89.27085054733186,0.5848248833059576,276.24053238444503,0.5857456850805725,29.816111983889158,-61.59686707297931,-69.22587421944357
121.03763063632672,4.990363748096456,0.40833841325331777,-78.48653380871335,0.40807679147395537,-82.38053423938837,28.779954901759197,-22.35997897001883
183.91006884972614,-80.62602673866884,0.9950785267995118,-123.58972148120614,0.9946665610612411,42.171305471774645,60.39013547280487,-66.04829861580222
134.39839648494228,-26.51441223012545,0.17157234589740655,93.98543727097837,0.1718856306883098,50.86613325709729,30.07118550223163,47.338404124784745
33.65987810611906,-15.268532271489747,0.49794652752481905,281.0435526800576,0.4988833393670859,-9.24441534518921,7.847409985278844,4.99266521461233
64.20294757670568,-89.99580943102283,0.8911003391944952,258.8499341628253,0.8919631723083713,-96.51230054954144,-69.25442187945694,76.13570590058137
205.45663132031393,-74.5845139714024,0.5224567000235804,182.2396746058148,0.5230641656055998,-48.02822123287518,-14.890958192033438,47.54403065232128
141.279836372502,-89.24073404148749,0.284838959567308,31.421461375595527,0.2849436977718933,37.58762970503534,-16.89143835299724,-36.49021462379969
253.69956754569247,85.54032198861128,0.8668426127517048,-3.8841528310468334,0.8668296655756014,-74.45502710002751,32.11415265883707,-57.976531609656256
81.72797384174184,23.043685804344136,0.22318692452852873,127.31452520455753,0.22361130627921058,0.8492280472786291,-13.364702024040426,60.74114120532951
166.46405489757922,39.755284235499204,0.6195359078549949,146.58563541952202,0.6200245266397266,78.44830813765006,-57.25129365352846,35.583477965536275
1.602943644362913,-51.12376029859974,0.7412882087084788,-115.49453979626978,0.7409032269091579,-56.52854735635422,11.481539063352898,77.51686335906365
194.69868065512955,-51.63813186257874,0.2932239106852196,-222.20640305068824,0.2924832226750506,-33.818937938150356,-89.93776123312564,30.802287260815575
191.1221474377573,-70.00314779424977,0.046896734230801096,-211.8811620305655,0.046190463690699214,72.15595684695617,92.58696230374434,-38.98551906584158
158.79987386521918,-55.681763818202995,0.7269027129460994,5.506667028990194,0.7269210685028628,-97.53579526187141,-53.34454601280794,-98.39335743683111
157.53609251327669,66.81130299223466,0.8806711330664567,61.65813731659466,0.8808766601908453,91.91502061661058,82.28182024598397,2.1062532045272206
141.6033998513279,-33.22635353399089,0.16689691036460508,30.461830548642638,0.16699844979976722,-5.231718486761764,-97.98253237886323,-93.23263571114111
78.21235420358414,-43.239298414974286,0.44993177417923,241.3661814012031,0.450736328117234,84.7223449089104,-46.04645239696934,35.70855946088659
200.19619015746196,72.03601570508673,0.3025154096474818,-33.51245722535674,0.3024037014567306,18.978744064660205,-16.103318175856955,-16.370875549216308
72.21372249681012,43.513221185691776,0.8137026103662501,90.79873257422918,0.8140052728081643,12.559007469375729,76.07614794240448,72.02333768433402
7.131185085876379,32.24305325976738,0.02062500057546346,-55.74236352618968,0.020439192697042828,-59.819937171589046,-59.00165687586032,-12.86670847389037
16.476954460917366,40.420248673089105,0.4914026292621023,223.62762230409407,0.4921480546697826,-45.35679461160809,93.47999931613097,92.59713482615965
137.83064669820783,-62.22339665074787,0.12506709260202953,-258.7086789029189,0.1242047303390198,-91.56309318914309,73.67943764879351,-27.17503975356263
168.28702882654932,-11.51451143736685,0.8019204452836555,-59.34270742213988,0.801722636258915,-28.586973594579106,35.729553555647584,-23.252333730462738
236.77559671213825,-7.539037769822102,0.568248343469619,-58.45845682806066,0.5680534819468589,-49.3317040347637,88.7018257400018,17.744539842367146
228.99268852603475,-38.41337017084153,0.6360060547110292,31.59112376017049,0.6361113584568965,16.27450249689801,7.823658592568023,-48.50196519609911
235.60261821040896,-75.46781047934572,0.3109986590976703,-117.8324025111892,0.31060588442263304,-13.120478962000988,-99.45265576575318,-59.06785946571671
307.4373997919036,52.551806692394564,0.013273110641597863,64.03853003127585,0.013486572408368782,3.0136411003741017,-80.51548688631271,48.343260215921674
130.4039509861986,-21.201367028816406,0.3658391812706877,64.98633352010461,0.3660558023824214,66.7408174016685,68.48685623740386,-37.48639979669104
323.1247759080446,-79.44373981366454,0.6229592748255721,120.29506551182425,0.6233602583772782,91.14982880599584,-16.55671431081484,-17.07583913785915
225.97157447835664,-28.769903181948834,0.9686617233504412,-91.30240215603243,0.968357382009921,-70.621452759926,-32.09936308252928,-49.08516057947831
359.4659770180522,69.8935548170162,0.734029215862683,-135.47355992890508,0.7335776373295867,-43.663810368929234,-69.62617425231849,16.952592724764813
79.46445360210276,-71.17940305636908,0.9009539183970403,-138.54080536418607,0.900492115712493,25.201459065695573,-74.12355423360171,-43.072399600116704
49.83577862969222,-40.3100099525896,0.00940331249677262,-82.92829543306559,0.009126884845329069,87.77195462407298,25.185971135924618,89.83629300407847
162.4580114291283,-79.285337707188,0.1535535450334411,-7.674044893586654,0.1535279648837958,-54.418682555154405,-81.66971488834383,-47.47114108414783
168.55756036817692,-14.286585427529076,0.7494950619594998,264.3313836145139,0.7503761665715482,8.644809105179704,-81.80789832097877,-76.51920448848503
145.2037058619792,-74.54121327364916,0.5433221801515925,125.70442493858008,0.5437411949013877,-42.05585441386228,4.3609172013039625,95.81613391152905
59.93018577599683,77.29226429118219,0.414777614033789,228.20865174774292,0.4155383095396148,-25.220202991928048,83.63062779739559,76.25042176218383
299.0417435117877,-30.720447365503155,0.2592760564180051,-240.97719807277934,0.25847279909109583,55.892448703362334,-19.933153183990655,-7.014087244117164
34.32061226276487,-77.52160871531379,0.841595834855526,35.193310276042155,0.8417131458897795,-66.94758317235056,-62.11945774857595,-27.96675897168825
95.69260785689463,-65.43360768147187,0.007599098200649856,273.10723081805816,0.00850945563671005,-11.140526405349675,32.257891827123984,13.111538158476606
252.61177171775654,70.33313935949943,0.329032072267762,94.23206877204586,0.3293461791636688,-97.02947798540566,-40.65485423281734,-94.7702296968145
159.662152528156,64.25485045953712,0.8931851494119237,102.53650859350694,0.8935269377739021,69.18956732935956,-5.434875537000835,-83.539916522391
167.38863588935277,39.28399725728775,0.2252057960301711,-223.26284233442036,0.22446158655572304,96.93877470216711,-10.723528137627042,29.66535220822547
357.2193655912323,35.6754209897787,0.4141317890855467,24.143829835764677,0.4142122685183326,-0.7220812542583843,-9.781766961029987,13.536448667438677
111.28066800451039,-69.34314549601122,0.9629193848069025,242.27116963092772,0.963726955372339,37.53687504613558,-11.753550070055937,78.06880711114283
167.52556578628042,25.714603394844644,0.9253110031876101,-193.0413448435583,0.9246675320381316,53.13154726557485,86.77028962512207,-17.7618714516029
201.98049281457463,-30.426687821729097,0.9310899800682696,-98.67776263941886,0.9307610541928049,-51.34229141347024,-21.590585754212952,-80.63352500568608
57.36467096224119,-72.55946568216373,0.7114698898218822,-100.75009266999177,0.7111340561796489,-92.52641965438866,38.179902903085605,-40.20679099572773
291.8005664556067,75.21904640888565,0.585298222803739,259.2492382862346,0.5861623869313598,84.61902917527308,-21.450493526168145,42.546074922346065
7.1628720836424575,23.884566723343752,0.9685362830758473,41.73912903126035,0.9686754135059514,-40.59821759204887,7.941002476527316,-23.61325280577134
106.33686325466454,-9.17756478895248,0.22539928771079487,-15.646330919595357,0.22534713327439623,-52.30318038546056,-96.39212025743156,-95.55594722136935
152.53109016582022,-36.26880349776229,0.039210089318203134,189.93423339049275,0.03984320342950478,-80.38070820278014,-38.361001806522935,64.47253273019587
264.6420437876448,-12.872045444027762,0.7668687057620319,-144.33915576923405,0.7663875752428011,-15.628423425305328,62.306291635059324,-37.67750922235611
289.3853182620689,-11.354085483563125,0.7035632180318825,-192.43911951661244,0.7029217543001605,-9.06572895240798,-73.17912564062632,12.689861926489215
46.5110258045526,79.66116488443649,0.9226319289314757,-133.79933637641804,0.9221859311435543,-36.64014620854752,-99.1429698513978,99.09226606108342
207.6376230112167,-32.765969221391366,0.9959357533229708,-140.11941431770484,0.9954686886085784,30.32627625196082,-14.510861193188475,-75.97184900874294
92.5154820564122,36.95832591577437,0.23171475975219402,-111.70085839512686,0.23134242355754359,-64.0142905301396,-92.52072734144538,-89.5195573551207
70.35888847000966,-72.94903136442989,0.687118076157959,230.74686941738992,0.6878872323893502,-0.9686096138533031,-38.687333171780395,0.8869236055254675
257.7196398625337,23.70635089869195,0.15983968127717219,163.73814153915873,0.16038547508230272,79.77643862919606,0.49713839089913847,38.875862293722406
209.38807883489375,-60.106833564356165,0.3846584126459529,278.4230538043223,0.38558648949196733,-89.26796536136004,52.86696645302612,23.74007020483762
204.7552729885726,-1.292152929050772,0.15004848992082942,65.82669689697087,0.15026791224381933,88.82865237479572,1.5676452994902519,69.78108123284329
246.42793735620435,-58.97733104694716,0.8211547123709116,-198.4168619687069,0.820493322831016,88.53627982944874,-67.94649718332192,-17.706997848167717
297.51033108964486,-25.08430618558957,0.6164001555923354,97.8606436421868,0.6167263577378094,-41.937657882728566,-18.98155896757285,17.0178047074713
180.23889819870473,78.81189361528445,0.7239150811772761,-248.5251143115559,0.7230866641295709,36.998404092393,18.45765482788535,5.289986782905558
116.88675106498053,49.91124779386459,0.909002527585799,-105.43012626469428,0.9086510938315834,-3.2586460800815047,43.28084226599526,52.19025745443113
101.73973585944555,13.416976602799593,0.8752211893361882,-257.21948566550816,0.8743637910506366,65.4610202719717,40.30568196711576,65.4419156676172
319.88038195927584,43.909542887208005,0.6660288504333094,-243.15719630522293,0.6652183264456253,14.252166733150034,-93.1978057273739,-12.657032525341165
30.404085097917136,19.486430808040822,0.03265874846946126,141.93500487376957,0.033131865152373825,33.2876745370603,-83.15825100999427,-73.78674342251692
278.4284974139441,44.06345791798543,0.9082060967195901,-89.24121524451431,0.9079086260021083,-58.59963776582531,90.94272588043751,-5.379353791568576
203.93662316490924,-73.64562901213539,0.8066335210405032,-166.1528891694284,0.8060796780766052,90.0698356460546,-7.4170069764599305,-68.40437582464598
217.19109278062103,-45.003620795427764,0.11316686351285388,-8.350401136444418,0.11313902884239906,0.8174146202871668,42.273198156079474,80.07767558524299
78.23058333580913,58.5338659907668,0.45354836871927107,-224.41525257999956,0.4528003178773377,50.199052423163124,-22.792886139335096,12.034147658762365
1.1590428744368797,-45.48185679113335,0.5791533914647319,-281.4268166848706,0.5782153020757823,-73.69117872534645,4.931865790321638,-55.90642883912223
253.55090789527262,70.6768150125616,0.16460290840546932,-76.99678745875795,0.16434625244727347,-85.677211867088,87.91933238366713,42.478985729648144
51.78848249238615,-48.13946735319894,0.6139381036947569,-120.53198060533364,0.6135363304260725,-68.49119255578927,67.0377965592389,-44.818175886623465
252.3308565978051,-18.539278005328015,0.23856464725313387,218.86168082107656,0.23929418618920412,40.67791282985215,-17.37839183633021,25.405107314240595
49.24550075656381,85.51015817171634,0.7518196099409692,194.02770056711915,0.7524663689428596,-58.754707621659286,67.93166405212193,-36.39967640544861
122.55622091404203,30.15147275364677,0.8737921411801819,109.48730275669317,0.8741570988560375,-41.94442452845464,64.91264922505161,-73.01140182281011
339.362161281157,37.028086109601645,0.5615424352974612,-174.58985580732735,0.5609604691114367,-7.851839165698408,-15.255909818464275,5.793206584472557
275.4869874206375,58.2449595738407,0.4823648298126144,69.31234000764704,0.4825958709459732,62.53954640616752,42.87674430123556,19.671215176588163
144.85233074268086,-78.83788950816933,0.8317790542698473,-178.5251467975694,0.8311839704471887,13.857164058585724,-57.79973048342817,-99.24238953243918
145.17140470186442,7.3386031563495635,0.2606166263162808,-269.6296252561521,0.2597178608987603,54.170436136113864,-3.2706873798510543,-89.1429119037515
49.46964349402021,36.45255643463922,0.9852644107704503,262.7811250789308,0.9861403478540468,92.32245587218375,-8.739584196845684,31.789539844759616
30.13551467039452,15.865397307361107,0.7377004528979949,238.59270215450863,0.7384957619051766,-83.47466000448726,-17.229165475149387,-45.68669318062351
41.54126287606768,-47.81235471255243,0.8005815929033742,33.07624783568565,0.8006918470628265,9.498367000027486,-53.85639460164447,65.11909972259735
174.44349150722655,60.2181445292735,0.4383822768718282,-298.95699532158716,0.43738575355408954,-54.66221375933043,21.782543534351802,-66.62942008441304
174.424794555934,17.657037457393116,0.3906576050343863,-282.86367540374835,0.3897147261163738,-87.60411131710602,61.911182252751104,-0.9922719040985157
34.27507479462554,-53.097267965698336,0.3212880512648304,-266.86970405270927,0.3203984855846547,21.39790748540908,0.15453336383311012,55.57567131347042
171.5584298086884,8.010139268799392,0.803931458482025,196.23361085801486,0.8045855705182183,-34.72619556624197,-80.46547523255192,79.51044342013168
277.5223282977093,-86.46883928302005,0.06002925828198813,218.17036733191242,0.06075649283976117,-19.343929963353943,-98.91085405328653,13.186617718505005
358.65972940893516,87.00826967842261,0.24423699652892583,142.91028643707142,0.24471336415038272,-62.90542556592682,63.92239570032268,23.00812924650127
294.05591263675234,33.73741566339764,0.8313374702613162,-217.51376144772746,0.8306124243898237,-45.940709384424515,-62.6362521943375,-75.25359591749996
79.93393279796766,-74.9900052806763,0.4492851530790337,-92.87400104095386,0.44897557307556385,-98.22575726524548,-60.898313893947396,40.4639024237938
15.631197762044744,-86.65222595365361,0.8565611927769389,249.02590769936228,0.8573912791359367,-92.61111551750454,-48.02803549550851,-28.3180044744132
209.15136633873013,22.90262727179301,0.9644168494315108,-137.76241545519002,0.9639576413799935,-19.678244976711227,-24.761507880356575,67.71529960232041
69.5313455869172,73.67289390203115,0.6620740272365032,-6.478590452063543,0.6620524319349963,43.90394519491451,-60.65645061837053,-91.18928122722731
311.56600772231707,-25.799786342549922,0.8734394845097408,74.04633945119008,0.8736863056412448,16.42009835544856,76.52046971798629,-39.231248330932104
137.9549152294888,62.06382207121297,0.9074604513083326,171.4719779048695,0.9080320245680156,83.792628001835,10.090214421286618,-65.34153086525932
305.3647633351551,68.99913754560521,0.3041916535274961,100.0898983951094,0.3045252865221465,-96.23887579708297,85.22022062575343,-30.573034123882636
203.01363328168037,33.14245195584374,0.8234390133522992,124.18599059069521,0.8238529666542682,-34.59378227016083,86.13097310210446,-55.4158110596944
268.88933713797195,1.2781198528620337,0.2534432040015564,7.658614961105627,0.2534687327180934,-37.01645775031075,4.172364990483075,-58.28892495886997
95.18909367778998,-45.96944290934733,0.8615978271576356,-65.0794237348517,0.8613808957451861,71.38463190384041,-24.24818445300683,-35.90945552212578
239.07879558833494,-17.178091908328895,0.8187086674082837,88.31138105308156,0.8190030386784607,39.962127962397915,93.96400791218406,68.98657692290726
122.98924193639844,-7.305974035993074,0.8660118441856655,235.6703055192719,0.8667974118707297,7.777079176597496,9.139612086226691,-83.3439107894395
76.59184410269275,-68.703383443311,0.3253077011515706,-290.44747647279024,0.3243395428966613,1.54521158582412,-99.88078452111449,-28.060586033780496
36.76738482117363,-46.230090039101995,0.6641248034750218,-141.30917317754745,0.6636537728977633,-98.84521424528239,65.11554024430711,7.804619620151826
317.73311648455314,-41.66018861486377,0.3198052862256946,-281.4937147181119,0.31886697384330087,1.5212010898078034,78.9528960111133,-99.64279688303886
207.90798887341472,-46.7399832389205,0.6868611773167975,255.2789024909316,0.6877121069917673,-3.1285549820742347,75.3524960976035,-22.858886380181787
78.36896599805249,-13.915751302884516,0.6586011056937155,181.4110015010827,0.6592058090320525,35.39752112452294,-85.63148478003208,59.097669579357074
47.707557041525774,-69.28919285322414,0.21234786586808008,-195.47304607996585,0.2116962890478135,-61.367158673782505,-59.89836760238199,7.059994888772366
309.70928660174275,4.573889560508533,0.657393157027507,169.3783338981463,0.6579577514738342,98.02133690558566,-45.14154527144396,88.40901660086917
70.39449378946229,-55.29671438448537,0.7958818735846802,-252.62309069438203,0.7950397966156989,80.24583133246358,80.62214794323631,40.42586355676136
250.78219462273026,-3.679881819858579,0.07074133746605904,-92.5081737754584,0.07043297688680751,52.145478131485845,17.53852493409083,-38.83073976053528
61.991434433729154,-52.081007635464665,0.5341710496602089,120.01876734423746,0.534571112218023,88.85809103827722,56.126616521594684,41.2226090065474
227.81404368284427,89.64055360982175,0.6094928444948913,168.99476152600175,0.6100561603666446,-19.582729424527216,-72.13082820838773,-26.564157366119318
285.2472008981081,1.4589060010988248,0.49556002821447875,-175.17994568259158,0.49497609506220347,-27.511011850973304,49.87815707258861,-16.563869633060662
63.23049385775538,82.58518204570458,0.9330785413281997,216.35226152518965,0.9337997155332837,-2.1449904678591594,97.34421378450168,-85.7385402905621
235.77416465994284,-84.21887023056426,0.3444760428804561,35.91929788113492,0.3445957738733932,-3.405603989690121,-12.713955605457045,87.47547056010731
318.0148663311282,70.31169196653875,0.7800743514562346,-179.06970143784088,0.7794774524514418,32.248044087497135,-26.007590607880402,77.76692101332009
123.98224048211407,17.41822020011047,0.8269457902034001,-102.68564008202031,0.82660350473646,-75.73984156705936,-28.628262741391737,-45.92144502885984
126.37853640140668,85.81329314951086,0.8594965734608422,50.73449823947476,0.8596656884549738,67.9740285719567,1.0898877426084113,86.24949299110025
91.16942799651909,72.15751669713785,0.5640862215801493,-233.44063821186435,0.563308086119443,-5.36056892172563,-37.12642213093129,-55.7140361448339
283.296990688667,-59.704798630965264,0.6253010124232125,32.13259364055591,0.6254081210686809,9.594475410458173,-62.57700102829424,40.255475239002294
170.365412632392,10.450392903089892,0.928350570498142,296.18390359397984,0.9293378501767886,21.943948681473756,0.46943688848493537,95.55209383422383
11.921751764954006,-60.40693974656281,0.704839265666212,-111.39116415890373,0.7044679617856824,-0.45253128249167673,24.581455475891858,-19.347619956967748
212.78393787555405,-32.7919429103898,0.15977681623560114,82.82078371393743,0.1600528855146476,-67.39012512156057,-66.24075624866407,69.97427860137759
279.1578711084965,-72.02179456586913,0.736406090492567,193.8391176480855,0.7370522208847273,65.10742886331508,24.610211289048195,7.59625232115701
219.49059088184976,-32.33169060481865,0.5801277720995694,173.81195250405352,0.580707145274583,-11.090203334805437,-78.29984367210608,67.78574492807132
105.28777151966918,-10.454796692080095,0.6583893138905622,182.16193901922514,0.6589965203539596,27.97517675016121,-22.783369636660368,-78.7384303602736
348.3528590598075,-0.45142183341363307,0.4417413411771379,157.39646500767105,0.4422659960604968,48.246450979640656,40.89292751605032,95.94708328046508
299.61658368603605,23.024101426249132,0.12818185824915307,198.0472083763068,0.12884201561040742,3.143433008124248,16.990605961355996,11.383946899384597
79.98013407324777,10.20916531582894,0.4698304730225048,238.2751249367111,0.4706247234389605,88.21936107386875,96.6016659460729,5.8665637174555485
104.85696360572234,-73.00325346772402,0.021289784398524025,-134.10049784195309,0.02084278273905085,-92.09316687280959,43.51704307062499,-4.3952866757835665
295.1353978864825,60.073364154686914,0.4726718347944675,-10.902309806317703,0.47263549376177977,6.033842767015969,31.0197974547483,-4.809948171508054
345.5518641775488,-40.39712062528184,0.03810094949124154,283.1707838414155,0.03904485210404626,-82.46950622166247,-62.39180979745147,-45.220244465170076
302.75192761569633,-33.08876709406385,0.6559025387263602,207.77898509003074,0.6565951353433269,8.660367734969412,-54.38535326228659,2.676314247058613
8.243572974863401,-24.0935969176399,0.1801747181136455,-58.696288728814835,0.17997906381788278,-87.97836580134606,34.0182138896013,37.86020035200198
290.42618776952287,17.26290238577134,0.12333329249890124,-212.64745123808837,0.12262446766144094,96.84960792759529,39.161128431471354,32.49330648198355
175.4641980598272,-31.727260725652727,0.8501091343743981,263.8239123061429,0.8509885474154185,-50.057044793298246,-31.238533712463706,-36.32998225271993
354.6300034362169,13.669570335472613,0.7424448086489469,-99.88296124297523,0.7421118654448037,-34.66199212446075,48.97581866802034,63.06406022237687
51.46453797485496,67.5793988580055,0.6517271003742982,-117.66021974471366,0.6513348996418158,-60.90972717833614,89.3575186946725,4.359094449526594
158.11002611842846,-34.95628459809731,0.660315058863739,-294.65152855052594,0.6593328871019039,82.27331234870539,23.244209308474836,-99.87692258601702
22.200853195098166,17.996251845769095,0.24056897695947876,-101.1375351461217,0.240231851842325,74.71096120877618,57.31903625163159,3.0851107418679504
315.6519669154202,14.710309582069968,0.2802442835395933,285.62554181902703,0.28119636867899006,-88.1371530941994,-86.20555854773941,79.21860646203166
198.3140757696765,67.72480140430352,0.7934091284137018,139.57005263219207,0.7938743619224757,91.21118954533819,-31.0834858039549,25.153938801120916
326.2069576375527,-45.72322333672767,0.006092350464195095,27.3956641853444,0.00618366934481291,-14.441548665863962,-20.501262416022897,-23.063445891694784
243.36941184129967,4.799092866116624,0.4418641795259052,107.29738226691228,0.4422218374667949,-28.2046480862562,-1.931780667282169,-33.06463079188036
189.95533095421567,73.09147021309505,0.10114879559111112,74.64075833822346,0.1013975981189052,-64.08120779552002,84.66372585608536,64.22773885110814
145.82841667725162,81.54231508081236,0.05751692311602896,65.73650013793787,0.05773604478315542,-29.187611968721683,58.08913255416027,98.97429564185168
104.67013558032758,20.847083977921713,0.6526433804080692,-112.35719571709794,0.6522688564223456,-40.31338594454381,-79.75953316193882,89.19723059733047
177.87094573068683,36.25911729340524,0.7865090029810639,-139.2810328191516,0.7860447328716667,-61.095587898682524,-25.395854939707505,21.972219481398938
190.3591418088784,-69.21025129366393,0.9829050361527204,293.51855985718635,0.9838834313522443,69.63623360980097,-65.94599629972231,-16.151626725228056
290.2157332106279,87.89770384952138,0.6165327240390421,-193.1916047087086,0.6158887520233465,80.85963786628818,-40.817233629143686,63.032790363910124
237.77361881987534,-27.972944715165752,0.607211286667842,-74.49060558900459,0.606962984649212,20.209072085149856,56.57390334929366,43.63950475351194
209.46962200775275,39.495008437216,0.8035383903457303,-73.423952152971,0.8032936438385537,-58.965478783879036,38.227726220949705,-58.298883601241045
236.95308180486086,42.61459723033903,0.33729129662927637,-163.13127477424766,0.3367475257133622,49.660547449784275,95.02901806091958,50.74700968465612
313.8752551901785,-4.1861853564203955,0.2496183571356584,-234.24379467837178,0.24883754448673048,-70.03130207446128,-45.72819952229683,56.42170059238586
46.34160548637843,89.75242918301402,0.04191034269526539,41.799557281985585,0.04204967455287201,15.066197082447346,0.32456722168028307,-66.80354867070622
167.24735910933526,62.65800794402048,0.2568760027579635,-78.74979691147652,0.2566135034349253,-38.85352484780207,-21.947099385707673,22.447819161607384
188.0058737341365,82.35758643997471,0.4691490288382679,-117.41329171435467,0.4687576511992201,-96.36226532443808,-41.27968012004612,66.41466088235975
358.44968831140176,13.063225049863647,0.4824580996412966,-68.27087989098055,0.48223053004166,-33.65156095188428,-29.987906508527047,61.81159932535064
124.19438385095062,13.747383974149542,0.14271874366538706,228.104049883078,0.14347909049833066,-38.56955753992315,-8.507650882075879,-49.728609447770936
59.19013924444209,79.0511671624065,0.7037236130045318,256.58043881654373,0.7045788811339203,-91.87487067925883,10.50913471712353,19.92794302670262
347.09101798677034,38.963919844352375,0.6334575355128141,-139.05923809430647,0.6329940047191664,79.14189939461428,18.261053190410763,-99.80396082872392
230.2044841256105,64.85631197083254,0.09882481875223126,-184.75308676100576,0.09820897512969458,8.781166944523378,-91.62781545628502,-22.491339277150217
208.11334925537983,-45.745451430107536,0.8508706432412461,-240.51950121149198,0.8500689115705411,60.3450336424259,-58.108579085114506,66.83249650796222
235.98683439554105,44.29342818585465,0.5195577547857297,192.8006603452427,0.5202004236535472,-67.59586716137345,50.76588486649206,-96.11636657307218
90.35433280468065,-74.652682986762,0.4520781360191952,-134.251777329142,0.45163063009476473,76.49773264892434,-91.87190023231054,52.426420070879175
315.7413412014563,21.54457977132965,0.1972199574678163,-298.96274889290873,0.19622341497150658,-82.77816891473921,65.42945729364254,28.51261555472726
326.10571165826235,35.407608276986764,0.10811536834137436,85.37677932650217,0.10839995760579604,-36.85691940221951,25.267677276436217,-64.10831133634773
286.7637694235874,36.838879491770115,0.5249417246194114,61.65812057408738,0.5251472516879917,-13.593717567799544,2.658994841069102,1.808790440091741
120.45242222496749,-41.17816125842347,0.3818387571269044,-234.3753998005075,0.38105750579423603,-99.96718667186164,50.8652916682623,74.74692177880436
124.06848226807224,-37.00394393417165,0.7401351038935753,231.58317747624324,0.7409070478184961,-90.60887936997577,-63.483750855640686,-80.23434989597686
129.19836183572713,59.7433290730811,0.03475472891577991,-100.98821573799944,0.034418101529986575,88.06287532465683,14.4879195448911,-36.6195736982383
312.2947526215304,45.760388929643284,0.05470873489118877,229.95773673370206,0.05547526068030111,83.59423327630384,-0.028976216395221854,25.632820560366355
145.41201754761627,-28.367806489567037,0.630945466804754,163.09721379856506,0.6314891241840827,-10.328549007887048,8.614175530284626,-72.69241748270832
123.17331709902861,-10.055808232709069,0.8921501443324928,66.60023408761975,0.892372145112785,-28.70085169880943,60.93516568108558,-52.1197611761246
209.12621396811235,79.99005466403261,0.012955290646649908,46.8112985189764,0.01311132830837983,54.60196556887465,8.761239165220488,-50.73603260368793
312.5660564923151,19.333857685808113,0.4167150257838619,-35.37198793710195,0.4165971191574049,76.86494258220392,34.8711763340049,97.95464219758327
241.68142125700092,-70.60694887613944,0.4931929990181997,81.79253365953514,0.4934656407970648,-96.849191350365,-68.8583661721592,29.029102241813234
18.794892459261312,37.581510738823255,0.13426553602601454,-39.61973124642077,0.13413347025519315,59.380300164472516,27.507913171667226,-59.09146343957341
201.5667119549252,38.801841467496786,0.20865348708765485,-259.67178512102623,0.20778791447058476,-69.17330542503515,55.986930436791454,-60.16756683432316
