id,outcome,step_1,step_2,step_3,step_4,step_5,step_6,step_7,step_8
deepswe-00000,success,execute_bash,execute_bash,execute_bash,file_editor.view,file_editor.view,execute_bash,file_editor.view,file_editor.view
deepswe-00001,success,execute_bash,execute_bash,execute_bash,execute_bash,file_editor.view,execute_bash,execute_bash,execute_bash
deepswe-00002,success,execute_bash,execute_bash,file_editor.view,execute_bash,file_editor.view,file_editor.view,file_editor.view,file_editor.view
deepswe-00003,success,execute_bash,execute_bash,execute_bash,file_editor.view,file_editor.view,execute_bash,execute_bash,execute_bash
deepswe-00004,success,execute_bash,execute_bash,execute_bash,execute_bash,execute_bash,execute_bash,execute_bash,file_editor.view
deepswe-00005,success,execute_bash,execute_bash,file_editor.view,file_editor.view,execute_bash,file_editor.create,execute_bash,file_editor.view
deepswe-00006,success,execute_bash,execute_bash,execute_bash,execute_bash,execute_bash,execute_bash,execute_bash,execute_bash
deepswe-00007,partial,execute_bash,file_editor.create,execute_bash,file_editor.view,file_editor.view,execute_bash,file_editor.view,execute_bash
deepswe-00008,success,execute_bash,file_editor.view,file_editor.create,execute_bash,execute_bash,file_editor.view,execute_bash,file_editor.view
deepswe-00009,success,execute_bash,execute_bash,execute_bash,execute_bash,execute_bash,execute_bash,execute_bash,execute_bash
deepswe-00010,partial,execute_bash,execute_bash,execute_bash,execute_bash,execute_bash,execute_bash,execute_bash,execute_bash
deepswe-00011,success,execute_bash,file_editor.view,file_editor.view,file_editor.view,file_editor.view,file_editor.create,execute_bash,file_editor.view
deepswe-00012,success,execute_bash,execute_bash,execute_bash,file_editor.view,execute_bash,file_editor.view,file_editor.view,execute_bash
deepswe-00013,success,execute_bash,file_editor.view,execute_bash,file_editor.view,execute_bash,execute_bash,execute_bash,file_editor.view
deepswe-00014,success,execute_bash,execute_bash,file_editor.view,file_editor.view,execute_bash,file_editor.view,execute_bash,execute_bash
deepswe-00015,success,execute_bash,execute_bash,execute_bash,file_editor.view,execute_bash,file_editor.view,file_editor.create,execute_bash
deepswe-00016,success,execute_bash,file_editor.view,execute_bash,file_editor.view,execute_bash,execute_bash,file_editor.view,execute_bash
deepswe-00017,success,execute_bash,execute_bash,execute_bash,file_editor.view,execute_bash,file_editor.view,execute_bash,execute_bash
deepswe-00018,partial,execute_bash,execute_bash,file_editor.view,execute_bash,file_editor.view,file_editor.view,execute_bash,file_editor.view
deepswe-00019,partial,execute_bash,execute_bash,execute_bash,execute_bash,file_editor.view,file_editor.view,file_editor.view,execute_bash
deepswe-00020,partial,file_editor.view,execute_bash,execute_bash,execute_bash,file_editor.view,execute_bash,execute_bash,file_editor.view
deepswe-00021,success,execute_bash,execute_bash,execute_bash,file_editor.view,file_editor.view,file_editor.view,file_editor.view,execute_bash
deepswe-00022,success,execute_bash,file_editor.view,execute_bash,file_editor.view,execute_bash,file_editor.view,file_editor.view,execute_bash
deepswe-00023,success,execute_bash,file_editor.view,execute_bash,file_editor.view,file_editor.view,file_editor.create,execute_bash,execute_bash
deepswe-00024,success,execute_bash,file_editor.view,execute_bash,file_editor.view,file_editor.create,execute_bash,execute_bash,execute_bash
deepswe-00025,partial,execute_bash,file_editor.create,execute_bash,execute_bash,execute_bash,execute_bash,execute_bash,execute_bash
deepswe-00026,success,execute_bash,execute_bash,file_editor.view,execute_bash,file_editor.view,execute_bash,execute_bash,execute_bash
deepswe-00027,success,execute_bash,search,file_editor.view,file_editor.view,file_editor.create,execute_bash,execute_bash,file_editor.view
deepswe-00028,success,execute_bash,file_editor.view,file_editor.create,execute_bash,execute_bash,execute_bash,execute_bash,execute_bash
deepswe-00029,success,execute_bash,execute_bash,execute_bash,file_editor.view,file_editor.view,file_editor.view,file_editor.view,file_editor.create
deepswe-00030,partial,execute_bash,execute_bash,execute_bash,file_editor.view,execute_bash,execute_bash,execute_bash,execute_bash
deepswe-00031,success,execute_bash,execute_bash,execute_bash,file_editor.view,file_editor.view,file_editor.view,execute_bash,execute_bash
deepswe-00032,partial,execute_bash,file_editor.view,search,search,execute_bash,file_editor.view,execute_bash,file_editor.view
deepswe-00033,partial,execute_bash,file_editor.view,execute_bash,execute_bash,file_editor.view,execute_bash,execute_bash,file_editor.view
deepswe-00034,success,execute_bash,file_editor.view,execute_bash,file_editor.view,execute_bash,execute_bash,file_editor.view,file_editor.view
deepswe-00035,success,execute_bash,file_editor.view,execute_bash,file_editor.view,file_editor.view,execute_bash,file_editor.view,file_editor.view
deepswe-00036,success,execute_bash,execute_bash,file_editor.view,file_editor.view,execute_bash,file_editor.view,file_editor.view,execute_bash
deepswe-00037,success,execute_bash,execute_bash,file_editor.view,execute_bash,execute_bash,file_editor.view,execute_bash,file_editor.view
deepswe-00038,success,execute_bash,file_editor.view,file_editor.create,execute_bash,file_editor.view,file_editor.view,execute_bash,execute_bash
deepswe-00039,partial,execute_bash,execute_bash,file_editor.view,search,file_editor.view,file_editor.view,file_editor.view,file_editor.view
deepswe-00040,success,execute_bash,execute_bash,file_editor.view,file_editor.view,file_editor.view,execute_bash,file_editor.view,execute_bash
deepswe-00041,partial,execute_bash,file_editor.view,file_editor.view,file_editor.view,execute_bash,file_editor.view,file_editor.view,file_editor.view
deepswe-00042,success,execute_bash,execute_bash,file_editor.view,execute_bash,execute_bash,file_editor.view,file_editor.view,execute_bash
deepswe-00043,success,execute_bash,execute_bash,execute_bash,file_editor.view,execute_bash,file_editor.create,execute_bash,execute_bash
deepswe-00044,success,execute_bash,execute_bash,execute_bash,execute_bash,file_editor.view,file_editor.view,file_editor.view,execute_bash
deepswe-00045,success,execute_bash,execute_bash,file_editor.view,execute_bash,file_editor.view,file_editor.view,file_editor.view,execute_bash
deepswe-00046,success,execute_bash,file_editor.view,file_editor.create,execute_bash,file_editor.view,execute_bash,execute_bash,file_editor.view
deepswe-00047,success,execute_bash,execute_bash,file_editor.view,execute_bash,file_editor.view,execute_bash,execute_bash,file_editor.view
deepswe-00048,success,execute_bash,file_editor.view,file_editor.create,execute_bash,execute_bash,file_editor.view,file_editor.view,execute_bash
deepswe-00049,success,execute_bash,file_editor.create,execute_bash,execute_bash,file_editor.view,execute_bash,execute_bash,file_editor.view
deepswe-00050,success,execute_bash,execute_bash,file_editor.view,execute_bash,file_editor.view,file_editor.view,file_editor.view,file_editor.view
deepswe-00051,partial,execute_bash,execute_bash,file_editor.view,file_editor.view,execute_bash,file_editor.view,execute_bash,file_editor.view
deepswe-00052,success,execute_bash,file_editor.view,execute_bash,execute_bash,execute_bash,execute_bash,execute_bash,file_editor.view
deepswe-00053,success,execute_bash,execute_bash,file_editor.view,file_editor.view,file_editor.create,execute_bash,execute_bash,file_editor.view
deepswe-00054,partial,execute_bash,execute_bash,file_editor.view,execute_bash,file_editor.view,file_editor.create,execute_bash,execute_bash
deepswe-00055,success,execute_bash,file_editor.view,execute_bash,file_editor.view,execute_bash,file_editor.view,file_editor.view,execute_bash
deepswe-00056,success,execute_bash,file_editor.view,execute_bash,execute_bash,execute_bash,execute_bash,execute_bash,execute_bash
deepswe-00057,success,execute_bash,file_editor.create,execute_bash,file_editor.view,file_editor.view,file_editor.view,execute_bash,file_editor.view
deepswe-00058,success,execute_bash,execute_bash,file_editor.view,execute_bash,file_editor.view,execute_bash,file_editor.view,file_editor.view
deepswe-00059,success,execute_bash,file_editor.view,execute_bash,file_editor.view,file_editor.view,file_editor.view,execute_bash,execute_bash
deepswe-00060,success,execute_bash,file_editor.view,execute_bash,execute_bash,file_editor.view,file_editor.view,file_editor.view,execute_bash
deepswe-00061,partial,execute_bash,execute_bash,file_editor.view,execute_bash,file_editor.view,file_editor.view,execute_bash,execute_bash
deepswe-00062,partial,execute_bash,execute_bash,execute_bash,file_editor.view,search,file_editor.view,file_editor.create,execute_bash
deepswe-00063,success,execute_bash,search,execute_bash,execute_bash,file_editor.view,search,file_editor.view,file_editor.view
deepswe-00064,success,execute_bash,execute_bash,file_editor.view,file_editor.view,file_editor.view,file_editor.create,execute_bash,file_editor.str_replace
deepswe-00065,success,execute_bash,file_editor.view,execute_bash,execute_bash,execute_bash,execute_bash,execute_bash,file_editor.view
deepswe-00066,success,execute_bash,execute_bash,execute_bash,execute_bash,execute_bash,file_editor.view,execute_bash,file_editor.view
deepswe-00067,partial,execute_bash,search,file_editor.view,file_editor.view,file_editor.view,file_editor.view,file_editor.view,file_editor.create
deepswe-00068,success,execute_bash,execute_bash,file_editor.view,execute_bash,execute_bash,execute_bash,execute_bash,file_editor.view
deepswe-00069,success,execute_bash,execute_bash,file_editor.view,execute_bash,file_editor.view,file_editor.create,execute_bash,file_editor.str_replace
deepswe-00070,success,execute_bash,execute_bash,file_editor.view,execute_bash,file_editor.view,file_editor.view,file_editor.view,execute_bash
deepswe-00071,partial,execute_bash,execute_bash,execute_bash,execute_bash,file_editor.view,file_editor.view,execute_bash,file_editor.view
deepswe-00072,success,execute_bash,execute_bash,file_editor.view,execute_bash,file_editor.view,file_editor.view,file_editor.view,execute_bash
deepswe-00073,success,execute_bash,execute_bash,file_editor.view,execute_bash,file_editor.view,file_editor.view,file_editor.view,file_editor.view
deepswe-00074,success,execute_bash,execute_bash,file_editor.view,file_editor.view,file_editor.view,execute_bash,file_editor.view,file_editor.create
deepswe-00075,success,execute_bash,execute_bash,file_editor.view,file_editor.view,file_editor.create,execute_bash,execute_bash,execute_bash
deepswe-00076,partial,execute_bash,file_editor.view,file_editor.view,file_editor.view,file_editor.view,file_editor.view,file_editor.create,execute_bash
deepswe-00077,partial,execute_bash,execute_bash,file_editor.view,execute_bash,file_editor.view,file_editor.view,file_editor.view,execute_bash
deepswe-00078,success,execute_bash,file_editor.view,file_editor.view,file_editor.create,execute_bash,file_editor.str_replace,execute_bash,execute_bash
deepswe-00079,success,execute_bash,file_editor.view,file_editor.create,execute_bash,file_editor.view,execute_bash,file_editor.view,file_editor.view
deepswe-00080,success,execute_bash,file_editor.create,execute_bash,execute_bash,file_editor.view,execute_bash,execute_bash,file_editor.view
deepswe-00081,success,execute_bash,execute_bash,execute_bash,execute_bash,execute_bash,execute_bash,execute_bash,execute_bash
deepswe-00082,success,file_editor.create,execute_bash,file_editor.view,file_editor.view,file_editor.view,execute_bash,execute_bash,file_editor.view
deepswe-00083,success,execute_bash,execute_bash,file_editor.view,execute_bash,file_editor.view,file_editor.view,execute_bash,file_editor.view
deepswe-00084,success,execute_bash,execute_bash,file_editor.view,execute_bash,file_editor.view,file_editor.view,file_editor.view,execute_bash
deepswe-00085,partial,execute_bash,execute_bash,execute_bash,file_editor.view,file_editor.view,execute_bash,execute_bash,file_editor.view
deepswe-00086,success,execute_bash,execute_bash,file_editor.view,execute_bash,file_editor.create,execute_bash,execute_bash,file_editor.view
deepswe-00087,success,execute_bash,file_editor.create,execute_bash,execute_bash,execute_bash,execute_bash,execute_bash,execute_bash
deepswe-00088,partial,execute_bash,file_editor.view,execute_bash,execute_bash,execute_bash,file_editor.view,execute_bash,file_editor.view
deepswe-00089,success,execute_bash,file_editor.view,execute_bash,execute_bash,file_editor.view,file_editor.create,execute_bash,execute_bash
deepswe-00090,success,execute_bash,execute_bash,file_editor.create,execute_bash,execute_bash,execute_bash,execute_bash,file_editor.view
deepswe-00091,success,execute_bash,execute_bash,execute_bash,file_editor.view,file_editor.view,file_editor.view,execute_bash,execute_bash
deepswe-00092,success,execute_bash,execute_bash,execute_bash,execute_bash,execute_bash,execute_bash,execute_bash,file_editor.view
deepswe-00093,success,execute_bash,execute_bash,file_editor.create,execute_bash,file_editor.view,file_editor.view,execute_bash,file_editor.view
deepswe-00094,success,execute_bash,execute_bash,file_editor.view,file_editor.view,file_editor.view,execute_bash,file_editor.view,file_editor.view
deepswe-00095,success,execute_bash,execute_bash,file_editor.view,execute_bash,file_editor.view,file_editor.view,file_editor.view,file_editor.create
deepswe-00096,partial,execute_bash,file_editor.view,file_editor.view,file_editor.create,execute_bash,file_editor.str_replace,file_editor.str_replace,execute_bash
deepswe-00097,success,execute_bash,file_editor.view,execute_bash,file_editor.view,execute_bash,file_editor.view,execute_bash,file_editor.create
deepswe-00098,success,execute_bash,file_editor.create,execute_bash,file_editor.str_replace,execute_bash,file_editor.view,file_editor.view,execute_bash
deepswe-00099,success,execute_bash,file_editor.view,file_editor.create,execute_bash,file_editor.view,execute_bash,execute_bash,file_editor.view
deepswe-00100,success,execute_bash,execute_bash,file_editor.view,file_editor.view,execute_bash,file_editor.create,execute_bash,execute_bash
deepswe-00101,success,execute_bash,execute_bash,execute_bash,file_editor.view,execute_bash,file_editor.view,file_editor.view,file_editor.view
deepswe-00102,success,execute_bash,execute_bash,file_editor.view,execute_bash,file_editor.view,file_editor.view,execute_bash,execute_bash
deepswe-00103,success,execute_bash,file_editor.create,execute_bash,execute_bash,execute_bash,file_editor.view,execute_bash,execute_bash
deepswe-00104,success,execute_bash,file_editor.view,execute_bash,file_editor.view,file_editor.view,file_editor.view,file_editor.view,file_editor.view
deepswe-00105,partial,execute_bash,execute_bash,execute_bash,execute_bash,execute_bash,file_editor.view,file_editor.view,file_editor.view
deepswe-00106,success,execute_bash,file_editor.view,execute_bash,execute_bash,file_editor.view,file_editor.view,execute_bash,execute_bash
deepswe-00107,success,execute_bash,execute_bash,execute_bash,file_editor.view,execute_bash,file_editor.view,file_editor.view,execute_bash
deepswe-00108,success,execute_bash,execute_bash,execute_bash,file_editor.create,execute_bash,execute_bash,file_editor.view,execute_bash
deepswe-00109,success,execute_bash,execute_bash,file_editor.view,file_editor.view,file_editor.view,file_editor.create,execute_bash,execute_bash
deepswe-00110,success,execute_bash,file_editor.create,execute_bash,execute_bash,execute_bash,execute_bash,execute_bash,execute_bash
deepswe-00111,partial,execute_bash,execute_bash,file_editor.view,file_editor.view,execute_bash,file_editor.create,execute_bash,file_editor.view
deepswe-00112,success,execute_bash,execute_bash,execute_bash,file_editor.view,execute_bash,file_editor.view,file_editor.view,file_editor.view
deepswe-00113,success,execute_bash,execute_bash,execute_bash,file_editor.create,execute_bash,file_editor.view,file_editor.view,execute_bash
deepswe-00114,success,execute_bash,file_editor.view,file_editor.create,execute_bash,file_editor.str_replace,file_editor.str_replace,file_editor.str_replace,file_editor.str_replace
deepswe-00115,success,execute_bash,file_editor.view,file_editor.view,execute_bash,execute_bash,execute_bash,execute_bash,execute_bash
deepswe-00116,success,execute_bash,file_editor.view,file_editor.create,execute_bash,execute_bash,execute_bash,file_editor.view,execute_bash
deepswe-00117,success,execute_bash,execute_bash,execute_bash,execute_bash,file_editor.view,execute_bash,execute_bash,execute_bash
deepswe-00118,partial,execute_bash,execute_bash,file_editor.create,execute_bash,file_editor.view,execute_bash,execute_bash,file_editor.view
deepswe-00119,success,execute_bash,execute_bash,file_editor.view,execute_bash,file_editor.view,file_editor.view,execute_bash,execute_bash
deepswe-00120,success,execute_bash,execute_bash,file_editor.view,file_editor.view,execute_bash,execute_bash,file_editor.view,file_editor.view
deepswe-00121,partial,execute_bash,execute_bash,execute_bash,execute_bash,execute_bash,execute_bash,execute_bash,execute_bash
deepswe-00122,success,execute_bash,execute_bash,execute_bash,file_editor.view,file_editor.view,file_editor.view,file_editor.view,execute_bash
deepswe-00123,success,execute_bash,execute_bash,execute_bash,execute_bash,execute_bash,file_editor.view,execute_bash,file_editor.view
deepswe-00124,partial,execute_bash,execute_bash,file_editor.view,file_editor.view,file_editor.view,file_editor.view,execute_bash,file_editor.create
deepswe-00125,success,execute_bash,execute_bash,execute_bash,execute_bash,execute_bash,file_editor.view,file_editor.view,file_editor.view
deepswe-00126,success,execute_bash,file_editor.view,file_editor.view,file_editor.view,file_editor.create,execute_bash,execute_bash,execute_bash
deepswe-00127,partial,execute_bash,execute_bash,file_editor.view,execute_bash,file_editor.view,file_editor.view,execute_bash,execute_bash
deepswe-00128,partial,execute_bash,file_editor.view,execute_bash,file_editor.view,file_editor.create,execute_bash,execute_bash,execute_bash
deepswe-00129,success,execute_bash,file_editor.create,execute_bash,execute_bash,execute_bash,execute_bash,file_editor.view,file_editor.view
deepswe-00130,success,execute_bash,execute_bash,file_editor.view,file_editor.view,file_editor.str_replace,file_editor.create,execute_bash,file_editor.create
deepswe-00131,success,execute_bash,file_editor.view,file_editor.view,file_editor.view,execute_bash,execute_bash,file_editor.view,execute_bash
deepswe-00132,success,execute_bash,execute_bash,file_editor.view,execute_bash,file_editor.view,file_editor.view,file_editor.view,execute_bash
deepswe-00133,partial,execute_bash,execute_bash,file_editor.view,execute_bash,file_editor.view,file_editor.view,file_editor.view,file_editor.create
deepswe-00134,success,execute_bash,file_editor.view,execute_bash,file_editor.view,file_editor.view,execute_bash,execute_bash,execute_bash
deepswe-00135,success,execute_bash,file_editor.view,file_editor.view,execute_bash,file_editor.view,file_editor.view,file_editor.view,file_editor.view
deepswe-00136,success,execute_bash,execute_bash,file_editor.view,execute_bash,file_editor.view,execute_bash,file_editor.view,execute_bash
deepswe-00137,success,execute_bash,execute_bash,execute_bash,execute_bash,file_editor.view,file_editor.view,execute_bash,file_editor.view
deepswe-00138,success,execute_bash,execute_bash,execute_bash,file_editor.create,execute_bash,execute_bash,execute_bash,execute_bash
deepswe-00139,success,execute_bash,execute_bash,file_editor.view,file_editor.view,file_editor.view,file_editor.create,execute_bash,execute_bash
deepswe-00140,success,execute_bash,execute_bash,execute_bash,file_editor.view,file_editor.view,execute_bash,file_editor.view,execute_bash
deepswe-00141,partial,execute_bash,execute_bash,execute_bash,file_editor.view,execute_bash,file_editor.view,file_editor.view,file_editor.view
deepswe-00142,success,execute_bash,execute_bash,execute_bash,execute_bash,execute_bash,execute_bash,execute_bash,execute_bash
deepswe-00143,success,execute_bash,execute_bash,file_editor.view,execute_bash,execute_bash,execute_bash,execute_bash,execute_bash
deepswe-00144,success,execute_bash,execute_bash,file_editor.view,file_editor.create,execute_bash,execute_bash,execute_bash,file_editor.view
deepswe-00145,partial,execute_bash,file_editor.view,file_editor.view,execute_bash,execute_bash,execute_bash,file_editor.view,execute_bash
deepswe-00146,success,execute_bash,execute_bash,execute_bash,file_editor.view,file_editor.view,file_editor.create,execute_bash,execute_bash
deepswe-00147,success,file_editor.view,file_editor.create,execute_bash,execute_bash,execute_bash,execute_bash,execute_bash,execute_bash
deepswe-00148,success,file_editor.create,execute_bash,execute_bash,execute_bash,execute_bash,execute_bash,file_editor.view,execute_bash
deepswe-00149,success,execute_bash,search,file_editor.view,search,file_editor.view,search,execute_bash,file_editor.view
deepswe-00150,success,execute_bash,execute_bash,file_editor.view,execute_bash,file_editor.view,file_editor.create,execute_bash,execute_bash
deepswe-00151,partial,execute_bash,execute_bash,file_editor.view,execute_bash,execute_bash,file_editor.view,execute_bash,file_editor.view
deepswe-00152,success,execute_bash,execute_bash,execute_bash,file_editor.view,execute_bash,file_editor.view,file_editor.view,execute_bash
deepswe-00153,success,execute_bash,file_editor.view,file_editor.create,execute_bash,execute_bash,file_editor.view,execute_bash,file_editor.view
deepswe-00154,success,execute_bash,execute_bash,execute_bash,file_editor.view,execute_bash,file_editor.view,file_editor.view,file_editor.view
deepswe-00155,partial,execute_bash,execute_bash,execute_bash,execute_bash,file_editor.view,execute_bash,file_editor.view,file_editor.view
deepswe-00156,success,execute_bash,execute_bash,execute_bash,execute_bash,execute_bash,file_editor.view,file_editor.view,file_editor.view
deepswe-00157,partial,execute_bash,execute_bash,execute_bash,file_editor.view,execute_bash,file_editor.view,file_editor.view,file_editor.view
deepswe-00158,partial,execute_bash,execute_bash,file_editor.view,execute_bash,file_editor.view,execute_bash,file_editor.view,file_editor.create
deepswe-00159,success,execute_bash,file_editor.view,file_editor.create,execute_bash,file_editor.view,execute_bash,file_editor.view,execute_bash
deepswe-00160,success,execute_bash,execute_bash,execute_bash,file_editor.view,file_editor.view,file_editor.view,execute_bash,file_editor.view
deepswe-00161,partial,execute_bash,file_editor.view,file_editor.create,execute_bash,execute_bash,execute_bash,file_editor.view,file_editor.view
deepswe-00162,success,execute_bash,execute_bash,file_editor.view,execute_bash,file_editor.view,file_editor.view,execute_bash,execute_bash
deepswe-00163,success,execute_bash,execute_bash,file_editor.view,file_editor.view,file_editor.view,file_editor.create,execute_bash,file_editor.view
deepswe-00164,success,execute_bash,file_editor.view,execute_bash,file_editor.view,file_editor.view,file_editor.view,file_editor.create,execute_bash
deepswe-00165,success,execute_bash,execute_bash,execute_bash,execute_bash,execute_bash,file_editor.view,file_editor.view,execute_bash
deepswe-00166,partial,execute_bash,execute_bash,file_editor.view,file_editor.view,file_editor.view,execute_bash,file_editor.view,file_editor.view
deepswe-00167,success,execute_bash,execute_bash,execute_bash,execute_bash,file_editor.view,file_editor.view,file_editor.view,execute_bash
deepswe-00168,success,execute_bash,execute_bash,file_editor.view,execute_bash,file_editor.view,file_editor.view,file_editor.view,execute_bash
deepswe-00169,partial,execute_bash,execute_bash,file_editor.view,file_editor.view,file_editor.view,execute_bash,file_editor.view,file_editor.view
deepswe-00170,success,execute_bash,execute_bash,execute_bash,execute_bash,execute_bash,file_editor.view,file_editor.view,file_editor.view
deepswe-00171,success,execute_bash,file_editor.view,file_editor.view,file_editor.view,file_editor.view,file_editor.view,execute_bash,execute_bash
deepswe-00172,success,execute_bash,execute_bash,execute_bash,execute_bash,file_editor.view,file_editor.create,execute_bash,file_editor.view
deepswe-00173,success,execute_bash,execute_bash,file_editor.view,execute_bash,file_editor.view,file_editor.view,file_editor.create,execute_bash
deepswe-00174,partial,execute_bash,search,file_editor.view,execute_bash,execute_bash,file_editor.create,execute_bash,execute_bash
deepswe-00175,success,execute_bash,execute_bash,file_editor.view,execute_bash,file_editor.view,file_editor.view,execute_bash,file_editor.view
deepswe-00176,success,execute_bash,execute_bash,file_editor.view,execute_bash,execute_bash,file_editor.view,file_editor.view,file_editor.create
deepswe-00177,partial,execute_bash,execute_bash,file_editor.view,file_editor.view,execute_bash,execute_bash,execute_bash,execute_bash
deepswe-00178,success,execute_bash,file_editor.view,file_editor.view,file_editor.create,execute_bash,execute_bash,execute_bash,execute_bash
deepswe-00179,success,execute_bash,file_editor.view,file_editor.view,execute_bash,execute_bash,execute_bash,execute_bash,file_editor.create
deepswe-00180,success,execute_bash,file_editor.create,execute_bash,execute_bash,execute_bash,execute_bash,file_editor.view,file_editor.view
deepswe-00181,success,execute_bash,file_editor.view,file_editor.view,file_editor.view,execute_bash,file_editor.create,execute_bash,execute_bash
deepswe-00182,success,execute_bash,execute_bash,file_editor.view,execute_bash,file_editor.view,file_editor.view,file_editor.view,execute_bash
deepswe-00183,success,execute_bash,file_editor.create,execute_bash,execute_bash,file_editor.view,file_editor.str_replace,file_editor.str_replace,execute_bash
deepswe-00184,success,execute_bash,execute_bash,execute_bash,file_editor.view,execute_bash,file_editor.view,execute_bash,execute_bash
deepswe-00185,success,execute_bash,file_editor.create,execute_bash,file_editor.view,file_editor.view,file_editor.view,execute_bash,file_editor.view
deepswe-00186,partial,execute_bash,execute_bash,execute_bash,execute_bash,file_editor.view,file_editor.create,execute_bash,execute_bash
deepswe-00187,success,execute_bash,execute_bash,execute_bash,file_editor.create,execute_bash,file_editor.view,execute_bash,file_editor.view
deepswe-00188,success,execute_bash,execute_bash,file_editor.view,execute_bash,file_editor.view,file_editor.view,execute_bash,execute_bash
deepswe-00189,success,execute_bash,execute_bash,execute_bash,execute_bash,file_editor.view,file_editor.view,file_editor.view,execute_bash
deepswe-00190,success,execute_bash,execute_bash,execute_bash,execute_bash,execute_bash,execute_bash,execute_bash,execute_bash
deepswe-00191,partial,execute_bash,execute_bash,execute_bash,file_editor.view,file_editor.view,execute_bash,file_editor.view,file_editor.view
deepswe-00192,success,execute_bash,file_editor.view,file_editor.view,file_editor.create,execute_bash,execute_bash,execute_bash,execute_bash
deepswe-00193,success,execute_bash,execute_bash,file_editor.view,file_editor.view,file_editor.view,execute_bash,execute_bash,file_editor.create
deepswe-00194,success,execute_bash,execute_bash,file_editor.view,file_editor.view,execute_bash,execute_bash,file_editor.create,execute_bash
deepswe-00195,success,execute_bash,execute_bash,file_editor.view,execute_bash,file_editor.view,file_editor.view,execute_bash,file_editor.view
deepswe-00196,success,execute_bash,file_editor.view,execute_bash,file_editor.view,file_editor.view,file_editor.view,file_editor.create,execute_bash
deepswe-00197,success,execute_bash,execute_bash,file_editor.view,execute_bash,file_editor.view,file_editor.view,file_editor.view,file_editor.view
deepswe-00198,success,execute_bash,file_editor.view,execute_bash,file_editor.view,file_editor.create,execute_bash,file_editor.view,file_editor.view
deepswe-00199,success,execute_bash,execute_bash,execute_bash,file_editor.view,file_editor.view,file_editor.view,file_editor.create,execute_bash
deepswe-00200,success,file_editor.view,file_editor.create,execute_bash,execute_bash,file_editor.view,execute_bash,file_editor.view,execute_bash
deepswe-00201,success,execute_bash,search,execute_bash,execute_bash,execute_bash,file_editor.view,file_editor.view,file_editor.view
deepswe-00202,success,execute_bash,execute_bash,file_editor.view,execute_bash,file_editor.view,file_editor.view,file_editor.view,file_editor.view
deepswe-00203,success,execute_bash,file_editor.create,execute_bash,execute_bash,execute_bash,file_editor.view,file_editor.view,file_editor.view
deepswe-00204,success,execute_bash,file_editor.create,execute_bash,file_editor.view,file_editor.view,execute_bash,execute_bash,execute_bash
deepswe-00205,success,execute_bash,execute_bash,file_editor.view,execute_bash,file_editor.view,file_editor.view,execute_bash,file_editor.view
deepswe-00206,success,execute_bash,execute_bash,file_editor.view,file_editor.view,execute_bash,file_editor.view,file_editor.view,execute_bash
deepswe-00207,success,execute_bash,execute_bash,file_editor.view,execute_bash,execute_bash,file_editor.view,execute_bash,file_editor.view
deepswe-00208,success,execute_bash,execute_bash,file_editor.view,file_editor.view,execute_bash,file_editor.view,file_editor.view,file_editor.create
deepswe-00209,success,execute_bash,execute_bash,file_editor.view,file_editor.view,execute_bash,file_editor.view,file_editor.view,file_editor.view
deepswe-00210,success,execute_bash,execute_bash,file_editor.view,execute_bash,file_editor.view,execute_bash,file_editor.view,execute_bash
deepswe-00211,success,file_editor.create,execute_bash,file_editor.str_replace,execute_bash,execute_bash,execute_bash,execute_bash,file_editor.view
deepswe-00212,success,execute_bash,execute_bash,execute_bash,execute_bash,execute_bash,file_editor.view,file_editor.create,execute_bash
deepswe-00213,success,execute_bash,execute_bash,file_editor.view,file_editor.view,file_editor.view,file_editor.create,execute_bash,file_editor.str_replace
deepswe-00214,success,execute_bash,file_editor.create,execute_bash,execute_bash,file_editor.view,file_editor.view,execute_bash,file_editor.view
deepswe-00215,success,execute_bash,execute_bash,execute_bash,execute_bash,execute_bash,execute_bash,execute_bash,execute_bash
deepswe-00216,success,execute_bash,file_editor.view,execute_bash,file_editor.view,execute_bash,file_editor.create,execute_bash,file_editor.view
deepswe-00217,success,execute_bash,execute_bash,file_editor.view,execute_bash,execute_bash,execute_bash,file_editor.view,file_editor.view
deepswe-00218,success,execute_bash,execute_bash,file_editor.create,execute_bash,execute_bash,file_editor.view,file_editor.view,execute_bash
deepswe-00219,success,execute_bash,execute_bash,execute_bash,execute_bash,execute_bash,execute_bash,file_editor.view,execute_bash
deepswe-00220,success,execute_bash,execute_bash,file_editor.view,execute_bash,execute_bash,execute_bash,file_editor.view,file_editor.view
deepswe-00221,partial,execute_bash,execute_bash,file_editor.view,file_editor.create,execute_bash,file_editor.view,file_editor.view,execute_bash
deepswe-00222,success,execute_bash,file_editor.view,file_editor.create,execute_bash,execute_bash,file_editor.view,file_editor.view,file_editor.view
deepswe-00223,success,execute_bash,execute_bash,execute_bash,file_editor.view,file_editor.view,file_editor.view,execute_bash,file_editor.view
deepswe-00224,partial,execute_bash,execute_bash,execute_bash,file_editor.view,execute_bash,file_editor.view,file_editor.view,execute_bash
deepswe-00225,success,execute_bash,file_editor.view,file_editor.view,execute_bash,file_editor.create,execute_bash,file_editor.view,execute_bash
deepswe-00226,success,execute_bash,execute_bash,execute_bash,file_editor.view,execute_bash,file_editor.view,file_editor.view,file_editor.view
deepswe-00227,success,execute_bash,file_editor.view,file_editor.view,execute_bash,execute_bash,file_editor.view,file_editor.view,execute_bash
deepswe-00228,partial,execute_bash,execute_bash,execute_bash,execute_bash,execute_bash,file_editor.create,execute_bash,execute_bash
deepswe-00229,partial,execute_bash,file_editor.view,file_editor.view,execute_bash,file_editor.view,execute_bash,file_editor.view,execute_bash
deepswe-00230,success,execute_bash,execute_bash,file_editor.view,execute_bash,file_editor.view,file_editor.view,file_editor.create,execute_bash
deepswe-00231,success,execute_bash,file_editor.create,execute_bash,execute_bash,execute_bash,file_editor.view,execute_bash,file_editor.view
deepswe-00232,partial,execute_bash,search,file_editor.view,execute_bash,execute_bash,execute_bash,execute_bash,execute_bash
deepswe-00233,success,execute_bash,execute_bash,file_editor.view,execute_bash,file_editor.view,file_editor.view,file_editor.view,file_editor.view
deepswe-00234,success,execute_bash,file_editor.view,execute_bash,file_editor.view,file_editor.create,execute_bash,file_editor.view,execute_bash
deepswe-00235,success,execute_bash,execute_bash,execute_bash,file_editor.view,execute_bash,file_editor.view,file_editor.view,file_editor.view
deepswe-00236,partial,execute_bash,execute_bash,execute_bash,execute_bash,file_editor.view,file_editor.view,file_editor.view,file_editor.view
deepswe-00237,success,execute_bash,execute_bash,execute_bash,file_editor.view,file_editor.view,file_editor.view,execute_bash,file_editor.view
deepswe-00238,success,execute_bash,file_editor.view,file_editor.view,file_editor.create,execute_bash,execute_bash,file_editor.view,file_editor.view
deepswe-00239,success,execute_bash,file_editor.view,file_editor.view,file_editor.view,file_editor.view,execute_bash,file_editor.create,execute_bash
deepswe-00240,success,execute_bash,execute_bash,execute_bash,file_editor.view,file_editor.view,file_editor.view,execute_bash,file_editor.view
deepswe-00241,partial,execute_bash,execute_bash,file_editor.create,execute_bash,execute_bash,file_editor.view,execute_bash,file_editor.view
deepswe-00242,partial,execute_bash,execute_bash,file_editor.view,execute_bash,file_editor.view,file_editor.create,execute_bash,execute_bash
deepswe-00243,partial,execute_bash,file_editor.view,file_editor.view,execute_bash,file_editor.view,execute_bash,file_editor.view,file_editor.view
deepswe-00244,success,execute_bash,execute_bash,execute_bash,file_editor.view,file_editor.view,execute_bash,file_editor.view,execute_bash
deepswe-00245,success,execute_bash,execute_bash,execute_bash,file_editor.view,execute_bash,execute_bash,execute_bash,execute_bash
deepswe-00246,success,execute_bash,execute_bash,file_editor.view,execute_bash,file_editor.view,file_editor.view,execute_bash,file_editor.view
deepswe-00247,partial,execute_bash,execute_bash,execute_bash,file_editor.view,execute_bash,file_editor.view,file_editor.view,file_editor.view
deepswe-00248,partial,execute_bash,file_editor.view,file_editor.create,execute_bash,execute_bash,execute_bash,file_editor.view,execute_bash
deepswe-00249,success,execute_bash,execute_bash,execute_bash,execute_bash,file_editor.view,file_editor.view,file_editor.view,file_editor.create
deepswe-00250,partial,execute_bash,execute_bash,file_editor.view,file_editor.create,execute_bash,file_editor.view,file_editor.view,file_editor.view
deepswe-00251,success,execute_bash,execute_bash,execute_bash,execute_bash,execute_bash,execute_bash,execute_bash,file_editor.create
deepswe-00252,success,execute_bash,execute_bash,file_editor.view,execute_bash,file_editor.view,execute_bash,file_editor.view,file_editor.view
deepswe-00253,success,execute_bash,execute_bash,file_editor.view,execute_bash,file_editor.view,file_editor.view,file_editor.view,file_editor.view
deepswe-00254,success,execute_bash,execute_bash,execute_bash,execute_bash,execute_bash,file_editor.view,execute_bash,file_editor.view
deepswe-00255,success,execute_bash,execute_bash,file_editor.view,file_editor.view,file_editor.view,file_editor.view,execute_bash,execute_bash
deepswe-00256,success,execute_bash,execute_bash,file_editor.view,file_editor.create,execute_bash,file_editor.view,search,execute_bash
deepswe-00257,success,execute_bash,execute_bash,file_editor.view,file_editor.create,execute_bash,file_editor.view,execute_bash,execute_bash
deepswe-00258,success,execute_bash,execute_bash,file_editor.view,execute_bash,file_editor.view,execute_bash,file_editor.view,execute_bash
deepswe-00259,success,execute_bash,execute_bash,execute_bash,execute_bash,file_editor.view,search,file_editor.view,file_editor.view
deepswe-00260,success,execute_bash,file_editor.view,file_editor.create,execute_bash,execute_bash,execute_bash,execute_bash,file_editor.view
deepswe-00261,success,execute_bash,execute_bash,execute_bash,execute_bash,execute_bash,file_editor.view,file_editor.view,file_editor.view
deepswe-00262,partial,execute_bash,file_editor.view,file_editor.view,file_editor.create,execute_bash,execute_bash,file_editor.view,search
deepswe-00263,success,execute_bash,file_editor.view,search,file_editor.view,file_editor.view,file_editor.create,execute_bash,file_editor.str_replace
deepswe-00264,partial,execute_bash,execute_bash,execute_bash,file_editor.view,file_editor.view,file_editor.view,file_editor.view,file_editor.view
deepswe-00265,success,execute_bash,execute_bash,file_editor.view,execute_bash,file_editor.view,file_editor.view,file_editor.view,execute_bash
deepswe-00266,partial,execute_bash,execute_bash,file_editor.view,execute_bash,file_editor.view,file_editor.view,file_editor.view,file_editor.view
deepswe-00267,success,execute_bash,file_editor.view,execute_bash,execute_bash,file_editor.view,file_editor.view,execute_bash,execute_bash
deepswe-00268,partial,execute_bash,execute_bash,execute_bash,file_editor.view,execute_bash,file_editor.view,file_editor.view,file_editor.view
deepswe-00269,success,execute_bash,execute_bash,file_editor.view,file_editor.view,file_editor.view,execute_bash,file_editor.view,file_editor.view
deepswe-00270,partial,execute_bash,execute_bash,execute_bash,file_editor.view,file_editor.view,execute_bash,execute_bash,execute_bash
deepswe-00271,partial,execute_bash,execute_bash,file_editor.view,file_editor.view,execute_bash,file_editor.view,execute_bash,execute_bash
deepswe-00272,success,execute_bash,execute_bash,execute_bash,file_editor.create,execute_bash,execute_bash,execute_bash,file_editor.view
deepswe-00273,success,execute_bash,execute_bash,execute_bash,execute_bash,file_editor.view,file_editor.create,execute_bash,execute_bash
deepswe-00274,success,execute_bash,execute_bash,file_editor.view,execute_bash,file_editor.view,file_editor.view,file_editor.view,execute_bash
deepswe-00275,success,execute_bash,execute_bash,file_editor.view,file_editor.create,execute_bash,execute_bash,execute_bash,execute_bash
deepswe-00276,success,execute_bash,execute_bash,execute_bash,file_editor.view,execute_bash,file_editor.view,execute_bash,file_editor.view
deepswe-00277,success,execute_bash,execute_bash,execute_bash,execute_bash,execute_bash,execute_bash,execute_bash,file_editor.view
deepswe-00278,success,execute_bash,execute_bash,execute_bash,file_editor.view,execute_bash,file_editor.view,file_editor.view,execute_bash
deepswe-00279,success,execute_bash,file_editor.create,execute_bash,execute_bash,file_editor.view,execute_bash,file_editor.view,execute_bash
deepswe-00280,success,execute_bash,file_editor.create,execute_bash,execute_bash,execute_bash,execute_bash,execute_bash,execute_bash
deepswe-00281,success,execute_bash,execute_bash,execute_bash,file_editor.create,execute_bash,execute_bash,file_editor.view,execute_bash
deepswe-00282,success,execute_bash,execute_bash,execute_bash,execute_bash,execute_bash,execute_bash,execute_bash,execute_bash
deepswe-00283,success,execute_bash,file_editor.view,file_editor.view,execute_bash,file_editor.view,execute_bash,file_editor.view,execute_bash
deepswe-00284,success,execute_bash,execute_bash,execute_bash,execute_bash,execute_bash,execute_bash,execute_bash,file_editor.view
deepswe-00285,success,execute_bash,execute_bash,file_editor.view,execute_bash,file_editor.view,execute_bash,file_editor.view,execute_bash
deepswe-00286,success,execute_bash,execute_bash,file_editor.view,execute_bash,file_editor.view,execute_bash,execute_bash,file_editor.view
deepswe-00287,success,execute_bash,execute_bash,execute_bash,file_editor.view,file_editor.view,file_editor.create,execute_bash,execute_bash
deepswe-00288,success,execute_bash,execute_bash,file_editor.create,execute_bash,execute_bash,file_editor.str_replace,execute_bash,execute_bash
deepswe-00289,success,execute_bash,execute_bash,file_editor.view,execute_bash,file_editor.view,file_editor.view,execute_bash,file_editor.create
deepswe-00290,success,execute_bash,execute_bash,file_editor.view,file_editor.view,execute_bash,execute_bash,execute_bash,file_editor.view
deepswe-00291,success,execute_bash,execute_bash,file_editor.view,execute_bash,file_editor.view,execute_bash,file_editor.view,execute_bash
deepswe-00292,success,execute_bash,execute_bash,file_editor.view,execute_bash,execute_bash,file_editor.view,execute_bash,file_editor.view
deepswe-00293,success,execute_bash,execute_bash,execute_bash,execute_bash,execute_bash,execute_bash,execute_bash,execute_bash
deepswe-00294,success,execute_bash,execute_bash,file_editor.view,file_editor.view,execute_bash,execute_bash,file_editor.view,execute_bash
deepswe-00295,success,execute_bash,execute_bash,file_editor.view,file_editor.create,execute_bash,file_editor.view,execute_bash,execute_bash
deepswe-00296,success,execute_bash,execute_bash,file_editor.view,file_editor.view,execute_bash,execute_bash,file_editor.view,execute_bash
deepswe-00297,success,execute_bash,file_editor.view,file_editor.view,file_editor.create,execute_bash,execute_bash,file_editor.view,execute_bash
deepswe-00298,success,execute_bash,execute_bash,file_editor.view,file_editor.view,file_editor.view,file_editor.view,file_editor.create,execute_bash
deepswe-00299,partial,execute_bash,execute_bash,file_editor.view,execute_bash,file_editor.view,file_editor.view,execute_bash,file_editor.view
deepswe-00300,success,execute_bash,execute_bash,execute_bash,execute_bash,execute_bash,execute_bash,file_editor.view,file_editor.view
deepswe-00301,success,execute_bash,execute_bash,file_editor.view,file_editor.view,file_editor.view,file_editor.view,file_editor.create,execute_bash
deepswe-00302,success,execute_bash,execute_bash,execute_bash,execute_bash,file_editor.view,execute_bash,file_editor.view,file_editor.view
deepswe-00303,success,execute_bash,execute_bash,file_editor.view,file_editor.view,execute_bash,file_editor.view,file_editor.view,file_editor.create
deepswe-00304,success,execute_bash,file_editor.view,file_editor.view,execute_bash,file_editor.view,execute_bash,file_editor.view,file_editor.create
deepswe-00305,success,execute_bash,execute_bash,execute_bash,execute_bash,execute_bash,execute_bash,execute_bash,execute_bash
deepswe-00306,success,execute_bash,file_editor.create,execute_bash,file_editor.view,execute_bash,file_editor.view,execute_bash,file_editor.view
deepswe-00307,success,execute_bash,execute_bash,execute_bash,file_editor.view,file_editor.view,execute_bash,file_editor.create,execute_bash
deepswe-00308,success,execute_bash,execute_bash,file_editor.view,file_editor.view,file_editor.view,file_editor.create,execute_bash,file_editor.view
deepswe-00309,success,execute_bash,execute_bash,file_editor.view,file_editor.view,execute_bash,file_editor.view,file_editor.view,file_editor.view
deepswe-00310,success,execute_bash,execute_bash,execute_bash,file_editor.create,execute_bash,execute_bash,file_editor.view,execute_bash
deepswe-00311,success,execute_bash,execute_bash,execute_bash,execute_bash,execute_bash,execute_bash,file_editor.view,file_editor.view
deepswe-00312,success,execute_bash,execute_bash,execute_bash,execute_bash,file_editor.view,file_editor.view,file_editor.create,execute_bash
deepswe-00313,partial,execute_bash,execute_bash,file_editor.view,execute_bash,file_editor.view,file_editor.view,file_editor.view,file_editor.view
deepswe-00314,partial,execute_bash,execute_bash,execute_bash,execute_bash,file_editor.view,file_editor.create,execute_bash,execute_bash
deepswe-00315,partial,execute_bash,execute_bash,execute_bash,execute_bash,execute_bash,file_editor.view,file_editor.view,file_editor.view
deepswe-00316,partial,execute_bash,execute_bash,execute_bash,file_editor.view,execute_bash,file_editor.view,file_editor.view,execute_bash
deepswe-00317,success,execute_bash,execute_bash,execute_bash,execute_bash,execute_bash,execute_bash,execute_bash,execute_bash
deepswe-00318,success,execute_bash,file_editor.view,file_editor.create,execute_bash,file_editor.view,execute_bash,file_editor.view,file_editor.view
deepswe-00319,success,execute_bash,execute_bash,file_editor.view,execute_bash,file_editor.view,file_editor.view,file_editor.view,file_editor.view
deepswe-00320,success,execute_bash,execute_bash,execute_bash,file_editor.view,file_editor.view,file_editor.view,file_editor.view,file_editor.view
deepswe-00321,success,execute_bash,execute_bash,file_editor.view,file_editor.view,execute_bash,execute_bash,execute_bash,file_editor.view
deepswe-00322,success,execute_bash,execute_bash,file_editor.view,execute_bash,file_editor.view,file_editor.view,file_editor.view,file_editor.view
deepswe-00323,partial,execute_bash,execute_bash,execute_bash,file_editor.view,execute_bash,file_editor.view,execute_bash,execute_bash
deepswe-00324,success,execute_bash,execute_bash,file_editor.create,execute_bash,file_editor.view,execute_bash,execute_bash,execute_bash
deepswe-00325,success,execute_bash,execute_bash,execute_bash,file_editor.create,execute_bash,execute_bash,file_editor.view,execute_bash
deepswe-00326,success,execute_bash,execute_bash,file_editor.view,file_editor.create,execute_bash,execute_bash,file_editor.view,execute_bash
deepswe-00327,success,execute_bash,execute_bash,file_editor.view,execute_bash,execute_bash,execute_bash,execute_bash,execute_bash
deepswe-00328,success,execute_bash,execute_bash,execute_bash,file_editor.view,execute_bash,execute_bash,file_editor.view,execute_bash
deepswe-00329,partial,execute_bash,execute_bash,execute_bash,execute_bash,execute_bash,file_editor.view,execute_bash,file_editor.view
deepswe-00330,partial,execute_bash,file_editor.view,execute_bash,file_editor.view,file_editor.view,execute_bash,file_editor.view,file_editor.view
deepswe-00331,partial,execute_bash,execute_bash,execute_bash,execute_bash,execute_bash,file_editor.view,file_editor.view,file_editor.create
deepswe-00332,success,execute_bash,search,file_editor.view,execute_bash,file_editor.view,search,execute_bash,execute_bash
deepswe-00333,partial,execute_bash,execute_bash,execute_bash,file_editor.view,execute_bash,file_editor.view,file_editor.view,file_editor.view
deepswe-00334,success,execute_bash,file_editor.view,file_editor.view,file_editor.view,execute_bash,file_editor.create,execute_bash,file_editor.str_replace
deepswe-00335,success,execute_bash,execute_bash,execute_bash,execute_bash,execute_bash,execute_bash,execute_bash,execute_bash
deepswe-00336,partial,execute_bash,execute_bash,execute_bash,execute_bash,file_editor.view,execute_bash,file_editor.view,file_editor.view
deepswe-00337,success,execute_bash,execute_bash,file_editor.view,execute_bash,file_editor.view,file_editor.view,file_editor.view,execute_bash
deepswe-00338,success,execute_bash,file_editor.create,execute_bash,execute_bash,file_editor.view,execute_bash,file_editor.view,file_editor.view
deepswe-00339,success,execute_bash,file_editor.create,execute_bash,execute_bash,file_editor.view,execute_bash,execute_bash,file_editor.view
deepswe-00340,success,execute_bash,execute_bash,file_editor.view,execute_bash,file_editor.view,file_editor.view,file_editor.view,execute_bash
deepswe-00341,success,execute_bash,execute_bash,file_editor.view,file_editor.view,file_editor.create,execute_bash,file_editor.view,execute_bash
deepswe-00342,success,execute_bash,file_editor.view,execute_bash,file_editor.view,execute_bash,execute_bash,execute_bash,execute_bash
deepswe-00343,success,execute_bash,execute_bash,file_editor.view,execute_bash,file_editor.view,file_editor.view,execute_bash,file_editor.view
deepswe-00344,partial,execute_bash,file_editor.view,file_editor.create,execute_bash,execute_bash,file_editor.view,execute_bash,file_editor.view
deepswe-00345,success,execute_bash,execute_bash,execute_bash,execute_bash,execute_bash,execute_bash,execute_bash,execute_bash
deepswe-00346,success,execute_bash,execute_bash,file_editor.view,execute_bash,file_editor.view,file_editor.view,execute_bash,file_editor.view
deepswe-00347,partial,execute_bash,execute_bash,file_editor.view,execute_bash,file_editor.view,execute_bash,file_editor.create,execute_bash
deepswe-00348,partial,execute_bash,file_editor.view,execute_bash,file_editor.view,file_editor.view,file_editor.create,execute_bash,file_editor.str_replace
deepswe-00349,success,execute_bash,execute_bash,execute_bash,file_editor.view,execute_bash,file_editor.view,execute_bash,file_editor.view
deepswe-00350,success,execute_bash,file_editor.view,execute_bash,file_editor.view,file_editor.view,file_editor.create,execute_bash,execute_bash
deepswe-00351,partial,execute_bash,execute_bash,file_editor.create,execute_bash,file_editor.str_replace,execute_bash,execute_bash,file_editor.view
deepswe-00352,partial,execute_bash,execute_bash,file_editor.create,execute_bash,execute_bash,execute_bash,execute_bash,file_editor.view
deepswe-00353,success,execute_bash,execute_bash,file_editor.create,execute_bash,file_editor.str_replace,execute_bash,execute_bash,execute_bash
deepswe-00354,success,execute_bash,execute_bash,execute_bash,file_editor.view,execute_bash,file_editor.view,execute_bash,execute_bash
deepswe-00355,success,execute_bash,execute_bash,execute_bash,execute_bash,file_editor.view,file_editor.view,execute_bash,file_editor.view
deepswe-00356,success,execute_bash,execute_bash,file_editor.view,execute_bash,file_editor.view,execute_bash,file_editor.view,execute_bash
deepswe-00357,success,execute_bash,file_editor.create,execute_bash,execute_bash,execute_bash,file_editor.view,file_editor.view,execute_bash
deepswe-00358,partial,execute_bash,execute_bash,execute_bash,file_editor.view,file_editor.view,file_editor.view,file_editor.view,file_editor.view
deepswe-00359,success,execute_bash,execute_bash,execute_bash,file_editor.view,execute_bash,file_editor.view,file_editor.view,execute_bash
deepswe-00360,success,execute_bash,execute_bash,execute_bash,execute_bash,file_editor.view,execute_bash,file_editor.view,file_editor.create
deepswe-00361,success,execute_bash,execute_bash,file_editor.view,file_editor.view,execute_bash,file_editor.view,execute_bash,file_editor.view
deepswe-00362,partial,execute_bash,execute_bash,file_editor.view,execute_bash,file_editor.view,file_editor.view,file_editor.create,execute_bash
deepswe-00363,success,execute_bash,execute_bash,execute_bash,file_editor.view,execute_bash,file_editor.view,execute_bash,file_editor.view
deepswe-00364,success,execute_bash,execute_bash,file_editor.view,execute_bash,file_editor.view,file_editor.create,execute_bash,file_editor.view
deepswe-00365,success,execute_bash,execute_bash,execute_bash,file_editor.view,execute_bash,file_editor.view,file_editor.create,execute_bash
deepswe-00366,partial,execute_bash,execute_bash,execute_bash,file_editor.view,execute_bash,file_editor.view,file_editor.view,file_editor.view
deepswe-00367,success,execute_bash,execute_bash,file_editor.view,execute_bash,file_editor.view,file_editor.view,file_editor.view,execute_bash
deepswe-00368,success,execute_bash,execute_bash,execute_bash,execute_bash,file_editor.view,execute_bash,file_editor.view,execute_bash
deepswe-00369,partial,execute_bash,execute_bash,execute_bash,execute_bash,execute_bash,file_editor.view,file_editor.view,file_editor.view
deepswe-00370,partial,execute_bash,file_editor.view,file_editor.create,execute_bash,file_editor.view,execute_bash,file_editor.view,execute_bash
deepswe-00371,success,execute_bash,file_editor.create,execute_bash,execute_bash,execute_bash,file_editor.view,execute_bash,file_editor.view
deepswe-00372,success,execute_bash,execute_bash,execute_bash,file_editor.view,execute_bash,file_editor.view,file_editor.view,execute_bash
deepswe-00373,success,execute_bash,execute_bash,file_editor.view,execute_bash,file_editor.view,file_editor.view,file_editor.view,file_editor.view
deepswe-00374,success,execute_bash,file_editor.view,execute_bash,file_editor.view,file_editor.view,file_editor.view,execute_bash,file_editor.create
deepswe-00375,success,execute_bash,execute_bash,execute_bash,execute_bash,file_editor.view,execute_bash,file_editor.view,file_editor.view
deepswe-00376,success,execute_bash,file_editor.create,execute_bash,execute_bash,execute_bash,execute_bash,execute_bash,execute_bash
deepswe-00377,partial,execute_bash,execute_bash,execute_bash,file_editor.view,execute_bash,file_editor.view,execute_bash,file_editor.view
deepswe-00378,success,execute_bash,execute_bash,file_editor.view,execute_bash,file_editor.view,file_editor.view,execute_bash,file_editor.view
deepswe-00379,success,execute_bash,execute_bash,file_editor.create,execute_bash,execute_bash,execute_bash,execute_bash,execute_bash
deepswe-00380,success,execute_bash,execute_bash,execute_bash,file_editor.view,file_editor.view,execute_bash,execute_bash,execute_bash
deepswe-00381,success,execute_bash,file_editor.view,file_editor.view,execute_bash,file_editor.view,file_editor.view,file_editor.view,file_editor.create
deepswe-00382,success,execute_bash,file_editor.view,execute_bash,file_editor.view,file_editor.create,execute_bash,execute_bash,file_editor.view
deepswe-00383,partial,execute_bash,execute_bash,file_editor.view,search,file_editor.view,search,file_editor.view,file_editor.view
deepswe-00384,success,execute_bash,file_editor.create,execute_bash,execute_bash,file_editor.view,execute_bash,execute_bash,execute_bash
deepswe-00385,partial,execute_bash,execute_bash,execute_bash,file_editor.create,execute_bash,execute_bash,execute_bash,file_editor.view
deepswe-00386,success,execute_bash,file_editor.view,file_editor.view,file_editor.view,execute_bash,file_editor.create,execute_bash,execute_bash
deepswe-00387,success,execute_bash,execute_bash,execute_bash,file_editor.create,execute_bash,execute_bash,file_editor.view,file_editor.view
deepswe-00388,success,execute_bash,execute_bash,file_editor.create,execute_bash,file_editor.view,file_editor.view,file_editor.view,file_editor.view
deepswe-00389,success,execute_bash,file_editor.view,file_editor.view,file_editor.create,execute_bash,execute_bash,file_editor.view,execute_bash
deepswe-00390,success,execute_bash,file_editor.view,file_editor.view,execute_bash,file_editor.view,execute_bash,file_editor.view,file_editor.view
deepswe-00391,success,execute_bash,execute_bash,execute_bash,file_editor.view,file_editor.view,file_editor.view,file_editor.create,execute_bash
deepswe-00392,partial,execute_bash,execute_bash,execute_bash,execute_bash,execute_bash,execute_bash,execute_bash,execute_bash
deepswe-00393,success,execute_bash,execute_bash,file_editor.view,execute_bash,file_editor.view,file_editor.view,file_editor.view,execute_bash
deepswe-00394,success,execute_bash,execute_bash,execute_bash,file_editor.view,execute_bash,file_editor.view,execute_bash,file_editor.view
deepswe-00395,success,execute_bash,file_editor.view,file_editor.view,execute_bash,execute_bash,execute_bash,file_editor.view,execute_bash
deepswe-00396,success,execute_bash,execute_bash,file_editor.view,file_editor.view,execute_bash,file_editor.view,execute_bash,file_editor.view
deepswe-00397,success,execute_bash,execute_bash,file_editor.view,file_editor.create,execute_bash,file_editor.view,execute_bash,file_editor.view
deepswe-00398,success,execute_bash,file_editor.view,file_editor.view,execute_bash,file_editor.view,file_editor.view,execute_bash,file_editor.view
deepswe-00399,success,execute_bash,execute_bash,file_editor.view,search,file_editor.view,file_editor.view,search,file_editor.view
deepswe-00400,success,execute_bash,execute_bash,execute_bash,file_editor.view,execute_bash,file_editor.view,execute_bash,execute_bash
deepswe-00401,success,execute_bash,file_editor.view,execute_bash,file_editor.view,file_editor.view,execute_bash,execute_bash,execute_bash
deepswe-00402,success,execute_bash,file_editor.view,execute_bash,file_editor.view,file_editor.view,execute_bash,execute_bash,file_editor.view
deepswe-00403,success,execute_bash,execute_bash,file_editor.view,file_editor.view,file_editor.view,execute_bash,file_editor.create,execute_bash
deepswe-00404,success,execute_bash,file_editor.view,file_editor.view,file_editor.view,file_editor.view,file_editor.view,file_editor.create,execute_bash
deepswe-00405,success,execute_bash,file_editor.create,execute_bash,execute_bash,execute_bash,file_editor.view,execute_bash,file_editor.view
deepswe-00406,success,execute_bash,execute_bash,file_editor.view,execute_bash,file_editor.view,file_editor.view,file_editor.create,execute_bash
deepswe-00407,success,execute_bash,execute_bash,file_editor.view,file_editor.view,file_editor.create,execute_bash,execute_bash,execute_bash
deepswe-00408,success,execute_bash,execute_bash,file_editor.view,file_editor.view,file_editor.view,file_editor.view,file_editor.create,execute_bash
deepswe-00409,partial,execute_bash,execute_bash,execute_bash,execute_bash,execute_bash,execute_bash,execute_bash,file_editor.view
deepswe-00410,success,execute_bash,file_editor.view,file_editor.view,execute_bash,execute_bash,file_editor.view,file_editor.view,file_editor.view
deepswe-00411,success,execute_bash,file_editor.view,search,file_editor.view,file_editor.view,search,file_editor.view,file_editor.create
deepswe-00412,success,execute_bash,execute_bash,execute_bash,file_editor.view,file_editor.view,file_editor.view,file_editor.view,file_editor.create
deepswe-00413,success,execute_bash,file_editor.view,file_editor.view,file_editor.view,execute_bash,file_editor.create,execute_bash,execute_bash
deepswe-00414,success,execute_bash,file_editor.view,file_editor.create,execute_bash,execute_bash,file_editor.view,file_editor.view,execute_bash
deepswe-00415,success,execute_bash,execute_bash,file_editor.view,execute_bash,file_editor.view,file_editor.view,file_editor.view,execute_bash
deepswe-00416,success,execute_bash,file_editor.view,execute_bash,execute_bash,file_editor.view,file_editor.view,execute_bash,file_editor.view
deepswe-00417,success,execute_bash,file_editor.create,execute_bash,execute_bash,execute_bash,execute_bash,file_editor.view,execute_bash
deepswe-00418,success,execute_bash,file_editor.view,file_editor.view,execute_bash,execute_bash,execute_bash,file_editor.create,execute_bash
deepswe-00419,success,execute_bash,file_editor.view,file_editor.view,execute_bash,execute_bash,execute_bash,execute_bash,execute_bash
deepswe-00420,success,execute_bash,execute_bash,execute_bash,file_editor.view,execute_bash,file_editor.view,file_editor.view,file_editor.view
deepswe-00421,success,file_editor.view,execute_bash,file_editor.view,execute_bash,file_editor.view,execute_bash,execute_bash,execute_bash
deepswe-00422,success,execute_bash,execute_bash,execute_bash,execute_bash,file_editor.create,execute_bash,execute_bash,execute_bash
deepswe-00423,success,execute_bash,execute_bash,execute_bash,execute_bash,execute_bash,execute_bash,file_editor.create,execute_bash
deepswe-00424,success,execute_bash,file_editor.view,file_editor.view,execute_bash,file_editor.view,file_editor.view,execute_bash,file_editor.view
deepswe-00425,success,execute_bash,execute_bash,file_editor.view,file_editor.view,execute_bash,file_editor.view,execute_bash,execute_bash
deepswe-00426,partial,execute_bash,execute_bash,file_editor.view,execute_bash,execute_bash,execute_bash,file_editor.create,execute_bash
deepswe-00427,partial,execute_bash,execute_bash,execute_bash,file_editor.view,execute_bash,file_editor.view,file_editor.create,execute_bash
deepswe-00428,success,execute_bash,execute_bash,execute_bash,execute_bash,file_editor.view,execute_bash,file_editor.view,file_editor.view
deepswe-00429,success,execute_bash,execute_bash,execute_bash,file_editor.view,execute_bash,file_editor.view,execute_bash,file_editor.view
deepswe-00430,success,execute_bash,file_editor.view,execute_bash,file_editor.view,file_editor.create,execute_bash,execute_bash,execute_bash
deepswe-00431,success,execute_bash,file_editor.view,execute_bash,execute_bash,file_editor.view,execute_bash,execute_bash,execute_bash
deepswe-00432,partial,execute_bash,file_editor.create,execute_bash,execute_bash,execute_bash,file_editor.view,execute_bash,file_editor.view
deepswe-00433,success,execute_bash,execute_bash,file_editor.create,execute_bash,execute_bash,file_editor.view,file_editor.view,execute_bash
deepswe-00434,success,execute_bash,execute_bash,execute_bash,execute_bash,execute_bash,file_editor.view,execute_bash,file_editor.view
deepswe-00435,success,execute_bash,file_editor.view,execute_bash,file_editor.view,execute_bash,execute_bash,execute_bash,file_editor.create
deepswe-00436,success,execute_bash,execute_bash,file_editor.view,execute_bash,file_editor.view,file_editor.view,file_editor.view,execute_bash
deepswe-00437,success,execute_bash,search,file_editor.view,search,file_editor.view,file_editor.view,execute_bash,execute_bash
deepswe-00438,success,execute_bash,file_editor.view,execute_bash,file_editor.view,execute_bash,execute_bash,file_editor.view,execute_bash
deepswe-00439,partial,execute_bash,file_editor.create,execute_bash,file_editor.view,file_editor.view,file_editor.view,execute_bash,file_editor.view
deepswe-00440,success,execute_bash,execute_bash,file_editor.view,file_editor.view,file_editor.view,file_editor.create,execute_bash,file_editor.str_replace
deepswe-00441,partial,execute_bash,execute_bash,execute_bash,execute_bash,execute_bash,execute_bash,execute_bash,execute_bash
deepswe-00442,partial,execute_bash,execute_bash,execute_bash,execute_bash,file_editor.view,execute_bash,file_editor.view,file_editor.view
deepswe-00443,success,execute_bash,execute_bash,execute_bash,file_editor.view,execute_bash,file_editor.view,file_editor.view,file_editor.view
deepswe-00444,partial,execute_bash,execute_bash,execute_bash,file_editor.view,execute_bash,execute_bash,file_editor.view,execute_bash
deepswe-00445,success,execute_bash,file_editor.view,execute_bash,execute_bash,file_editor.view,file_editor.view,file_editor.view,file_editor.view
deepswe-00446,success,execute_bash,execute_bash,execute_bash,file_editor.view,execute_bash,file_editor.view,file_editor.view,file_editor.create
deepswe-00447,partial,execute_bash,file_editor.view,execute_bash,file_editor.view,execute_bash,execute_bash,file_editor.view,execute_bash
deepswe-00448,success,execute_bash,execute_bash,execute_bash,file_editor.view,execute_bash,file_editor.view,execute_bash,execute_bash
deepswe-00449,success,execute_bash,execute_bash,execute_bash,file_editor.view,file_editor.view,file_editor.view,file_editor.view,execute_bash
deepswe-00450,partial,execute_bash,file_editor.view,file_editor.create,execute_bash,file_editor.view,file_editor.view,execute_bash,execute_bash
deepswe-00451,success,file_editor.view,file_editor.create,execute_bash,execute_bash,execute_bash,execute_bash,execute_bash,execute_bash
deepswe-00452,partial,execute_bash,execute_bash,file_editor.create,execute_bash,execute_bash,execute_bash,execute_bash,execute_bash
deepswe-00453,success,execute_bash,file_editor.create,execute_bash,file_editor.view,execute_bash,execute_bash,file_editor.view,execute_bash
deepswe-00454,success,execute_bash,execute_bash,execute_bash,execute_bash,execute_bash,file_editor.view,execute_bash,execute_bash
deepswe-00455,success,execute_bash,execute_bash,file_editor.view,file_editor.view,file_editor.create,execute_bash,file_editor.view,execute_bash
deepswe-00456,success,execute_bash,file_editor.view,execute_bash,file_editor.view,file_editor.create,execute_bash,file_editor.str_replace,file_editor.str_replace
deepswe-00457,success,execute_bash,execute_bash,execute_bash,execute_bash,execute_bash,execute_bash,execute_bash,execute_bash
deepswe-00458,success,execute_bash,execute_bash,file_editor.view,execute_bash,file_editor.view,execute_bash,file_editor.view,file_editor.view
deepswe-00459,success,execute_bash,execute_bash,file_editor.view,execute_bash,execute_bash,execute_bash,file_editor.view,file_editor.view
deepswe-00460,success,execute_bash,execute_bash,file_editor.view,execute_bash,file_editor.view,file_editor.view,file_editor.view,file_editor.create
deepswe-00461,success,execute_bash,file_editor.view,file_editor.create,execute_bash,execute_bash,file_editor.view,file_editor.view,file_editor.view
deepswe-00462,success,execute_bash,execute_bash,execute_bash,file_editor.view,file_editor.create,execute_bash,execute_bash,file_editor.view
deepswe-00463,success,execute_bash,file_editor.view,file_editor.view,execute_bash,file_editor.view,execute_bash,file_editor.view,execute_bash
deepswe-00464,success,execute_bash,file_editor.create,execute_bash,execute_bash,file_editor.view,execute_bash,file_editor.view,execute_bash
deepswe-00465,partial,execute_bash,file_editor.view,file_editor.create,execute_bash,execute_bash,file_editor.view,file_editor.view,file_editor.view
deepswe-00466,success,execute_bash,execute_bash,execute_bash,file_editor.view,file_editor.view,file_editor.view,execute_bash,file_editor.view
deepswe-00467,success,execute_bash,execute_bash,execute_bash,execute_bash,file_editor.create,execute_bash,execute_bash,execute_bash
deepswe-00468,success,execute_bash,search,file_editor.view,execute_bash,file_editor.view,file_editor.view,execute_bash,file_editor.view
deepswe-00469,success,execute_bash,search,file_editor.view,file_editor.view,execute_bash,execute_bash,execute_bash,execute_bash
deepswe-00470,success,execute_bash,execute_bash,execute_bash,file_editor.view,file_editor.view,execute_bash,execute_bash,execute_bash
deepswe-00471,success,execute_bash,execute_bash,execute_bash,file_editor.view,file_editor.view,file_editor.view,file_editor.view,file_editor.view
deepswe-00472,success,execute_bash,execute_bash,file_editor.view,execute_bash,file_editor.view,file_editor.view,file_editor.view,file_editor.view
deepswe-00473,success,execute_bash,execute_bash,file_editor.view,file_editor.view,file_editor.view,file_editor.view,execute_bash,execute_bash
deepswe-00474,success,execute_bash,execute_bash,execute_bash,execute_bash,execute_bash,file_editor.view,execute_bash,file_editor.view
deepswe-00475,partial,execute_bash,execute_bash,execute_bash,file_editor.view,execute_bash,file_editor.view,file_editor.view,file_editor.view
deepswe-00476,success,execute_bash,execute_bash,execute_bash,execute_bash,file_editor.view,file_editor.view,file_editor.view,execute_bash
deepswe-00477,success,file_editor.view,file_editor.view,file_editor.view,file_editor.view,file_editor.view,file_editor.create,execute_bash,execute_bash
deepswe-00478,partial,execute_bash,execute_bash,execute_bash,execute_bash,file_editor.view,file_editor.view,file_editor.view,execute_bash
deepswe-00479,success,execute_bash,execute_bash,execute_bash,file_editor.view,file_editor.view,file_editor.view,file_editor.view,file_editor.create
deepswe-00480,partial,execute_bash,execute_bash,execute_bash,execute_bash,file_editor.view,execute_bash,execute_bash,file_editor.view
deepswe-00481,partial,execute_bash,execute_bash,file_editor.view,file_editor.view,file_editor.view,execute_bash,execute_bash,file_editor.create
deepswe-00482,success,execute_bash,execute_bash,execute_bash,execute_bash,file_editor.view,execute_bash,file_editor.view,execute_bash
deepswe-00483,success,execute_bash,file_editor.view,search,file_editor.view,file_editor.view,search,file_editor.view,file_editor.view
deepswe-00484,partial,execute_bash,execute_bash,file_editor.view,execute_bash,file_editor.view,execute_bash,file_editor.create,execute_bash
deepswe-00485,success,execute_bash,execute_bash,execute_bash,file_editor.view,file_editor.view,execute_bash,file_editor.view,execute_bash
deepswe-00486,success,execute_bash,execute_bash,execute_bash,execute_bash,file_editor.view,execute_bash,file_editor.view,execute_bash
deepswe-00487,success,execute_bash,execute_bash,execute_bash,execute_bash,file_editor.view,file_editor.view,file_editor.view,file_editor.view
deepswe-00488,success,execute_bash,execute_bash,execute_bash,file_editor.view,file_editor.view,file_editor.view,file_editor.create,execute_bash
deepswe-00489,success,execute_bash,execute_bash,execute_bash,execute_bash,execute_bash,execute_bash,execute_bash,execute_bash
deepswe-00490,success,execute_bash,execute_bash,execute_bash,file_editor.view,execute_bash,file_editor.view,file_editor.view,execute_bash
deepswe-00491,success,execute_bash,file_editor.view,execute_bash,file_editor.view,file_editor.view,file_editor.view,file_editor.view,execute_bash
deepswe-00492,success,execute_bash,file_editor.view,file_editor.view,file_editor.view,execute_bash,execute_bash,file_editor.view,file_editor.view
deepswe-00493,partial,execute_bash,file_editor.view,file_editor.view,file_editor.create,execute_bash,execute_bash,execute_bash,execute_bash
deepswe-00494,success,execute_bash,execute_bash,execute_bash,execute_bash,execute_bash,execute_bash,execute_bash,execute_bash
deepswe-00495,success,execute_bash,file_editor.view,execute_bash,file_editor.view,file_editor.view,file_editor.create,execute_bash,file_editor.view
deepswe-00496,success,execute_bash,execute_bash,execute_bash,execute_bash,execute_bash,file_editor.view,execute_bash,file_editor.view
deepswe-00497,success,execute_bash,execute_bash,execute_bash,file_editor.view,file_editor.view,file_editor.view,file_editor.view,execute_bash
deepswe-00498,success,execute_bash,execute_bash,file_editor.view,file_editor.view,file_editor.view,file_editor.view,file_editor.view,file_editor.view
deepswe-00499,success,execute_bash,file_editor.create,execute_bash,execute_bash,execute_bash,file_editor.view,file_editor.view,file_editor.view
deepswe-00500,success,execute_bash,execute_bash,execute_bash,execute_bash,execute_bash,execute_bash,execute_bash,execute_bash
deepswe-00501,success,execute_bash,file_editor.view,file_editor.view,file_editor.create,execute_bash,file_editor.view,execute_bash,execute_bash
deepswe-00502,success,execute_bash,execute_bash,execute_bash,file_editor.view,file_editor.view,file_editor.view,file_editor.view,file_editor.view
deepswe-00503,success,execute_bash,execute_bash,file_editor.view,file_editor.view,file_editor.view,execute_bash,execute_bash,file_editor.create
deepswe-00504,partial,execute_bash,execute_bash,execute_bash,execute_bash,execute_bash,execute_bash,execute_bash,execute_bash
deepswe-00505,success,execute_bash,file_editor.view,execute_bash,file_editor.view,file_editor.view,file_editor.create,execute_bash,execute_bash
deepswe-00506,success,execute_bash,execute_bash,execute_bash,file_editor.view,execute_bash,file_editor.view,file_editor.view,execute_bash
deepswe-00507,success,execute_bash,execute_bash,file_editor.view,execute_bash,file_editor.view,execute_bash,execute_bash,execute_bash
deepswe-00508,partial,execute_bash,file_editor.view,execute_bash,file_editor.view,file_editor.view,execute_bash,file_editor.view,file_editor.view
deepswe-00509,success,execute_bash,execute_bash,file_editor.view,file_editor.view,execute_bash,file_editor.view,execute_bash,file_editor.view
deepswe-00510,success,file_editor.view,file_editor.create,execute_bash,execute_bash,execute_bash,execute_bash,execute_bash,execute_bash
deepswe-00511,partial,execute_bash,execute_bash,file_editor.view,file_editor.create,execute_bash,file_editor.view,execute_bash,file_editor.view
deepswe-00512,partial,execute_bash,execute_bash,file_editor.view,execute_bash,file_editor.view,file_editor.view,file_editor.view,execute_bash
deepswe-00513,success,execute_bash,execute_bash,file_editor.view,file_editor.view,file_editor.view,execute_bash,file_editor.view,file_editor.view
deepswe-00514,success,execute_bash,execute_bash,execute_bash,execute_bash,file_editor.view,file_editor.create,execute_bash,file_editor.view
deepswe-00515,success,execute_bash,execute_bash,execute_bash,execute_bash,file_editor.view,file_editor.view,execute_bash,file_editor.view
deepswe-00516,success,execute_bash,execute_bash,execute_bash,file_editor.view,execute_bash,execute_bash,file_editor.view,file_editor.view
deepswe-00517,success,execute_bash,execute_bash,execute_bash,execute_bash,file_editor.view,file_editor.view,execute_bash,file_editor.view
deepswe-00518,partial,execute_bash,execute_bash,execute_bash,execute_bash,execute_bash,execute_bash,execute_bash,execute_bash
deepswe-00519,partial,execute_bash,execute_bash,file_editor.view,execute_bash,execute_bash,execute_bash,execute_bash,execute_bash
deepswe-00520,success,execute_bash,execute_bash,execute_bash,file_editor.view,file_editor.view,file_editor.view,file_editor.view,file_editor.view
deepswe-00521,success,execute_bash,execute_bash,file_editor.create,execute_bash,file_editor.view,file_editor.view,file_editor.view,execute_bash
deepswe-00522,success,execute_bash,execute_bash,execute_bash,execute_bash,file_editor.view,execute_bash,file_editor.view,file_editor.view
deepswe-00523,success,execute_bash,execute_bash,execute_bash,execute_bash,file_editor.view,execute_bash,file_editor.view,file_editor.create
deepswe-00524,success,execute_bash,execute_bash,file_editor.create,execute_bash,file_editor.view,execute_bash,execute_bash,execute_bash
deepswe-00525,success,execute_bash,execute_bash,execute_bash,execute_bash,file_editor.view,execute_bash,file_editor.view,file_editor.view
deepswe-00526,success,execute_bash,execute_bash,execute_bash,execute_bash,file_editor.create,execute_bash,execute_bash,execute_bash
deepswe-00527,success,execute_bash,execute_bash,execute_bash,file_editor.view,file_editor.create,execute_bash,file_editor.view,execute_bash
deepswe-00528,success,execute_bash,execute_bash,execute_bash,execute_bash,execute_bash,execute_bash,execute_bash,execute_bash
deepswe-00529,success,execute_bash,file_editor.view,execute_bash,file_editor.view,execute_bash,file_editor.view,file_editor.view,file_editor.create
deepswe-00530,success,execute_bash,execute_bash,file_editor.view,execute_bash,file_editor.view,file_editor.view,file_editor.create,execute_bash
deepswe-00531,success,execute_bash,execute_bash,file_editor.view,execute_bash,execute_bash,file_editor.view,execute_bash,file_editor.view
deepswe-00532,success,execute_bash,execute_bash,file_editor.view,file_editor.view,file_editor.view,execute_bash,file_editor.view,file_editor.view
deepswe-00533,success,execute_bash,execute_bash,file_editor.view,file_editor.view,file_editor.view,file_editor.view,file_editor.view,file_editor.view
deepswe-00534,partial,execute_bash,execute_bash,file_editor.view,file_editor.view,file_editor.view,file_editor.create,execute_bash,execute_bash
deepswe-00535,success,execute_bash,file_editor.view,file_editor.view,file_editor.create,execute_bash,execute_bash,execute_bash,execute_bash
deepswe-00536,success,execute_bash,execute_bash,execute_bash,file_editor.view,execute_bash,file_editor.view,file_editor.view,file_editor.create
deepswe-00537,success,execute_bash,execute_bash,execute_bash,file_editor.view,file_editor.create,execute_bash,file_editor.view,execute_bash
deepswe-00538,success,execute_bash,execute_bash,execute_bash,execute_bash,execute_bash,file_editor.view,file_editor.view,execute_bash
deepswe-00539,success,execute_bash,file_editor.view,file_editor.view,file_editor.create,execute_bash,file_editor.view,file_editor.view,execute_bash
deepswe-00540,success,execute_bash,file_editor.view,execute_bash,file_editor.view,execute_bash,file_editor.view,execute_bash,file_editor.view
deepswe-00541,success,execute_bash,execute_bash,execute_bash,file_editor.view,file_editor.view,file_editor.view,execute_bash,file_editor.view
deepswe-00542,success,execute_bash,file_editor.view,file_editor.view,execute_bash,file_editor.view,execute_bash,execute_bash,execute_bash
deepswe-00543,success,execute_bash,execute_bash,execute_bash,execute_bash,file_editor.view,file_editor.view,file_editor.view,file_editor.view
deepswe-00544,success,execute_bash,execute_bash,file_editor.view,execute_bash,execute_bash,execute_bash,execute_bash,execute_bash
deepswe-00545,success,execute_bash,execute_bash,execute_bash,file_editor.view,execute_bash,file_editor.view,file_editor.view,execute_bash
deepswe-00546,success,execute_bash,execute_bash,execute_bash,file_editor.create,execute_bash,execute_bash,execute_bash,file_editor.view
deepswe-00547,success,execute_bash,execute_bash,execute_bash,file_editor.create,execute_bash,file_editor.view,execute_bash,file_editor.view
deepswe-00548,success,execute_bash,execute_bash,file_editor.view,execute_bash,execute_bash,file_editor.view,file_editor.view,execute_bash
deepswe-00549,success,execute_bash,execute_bash,file_editor.view,file_editor.view,file_editor.view,file_editor.view,file_editor.view,execute_bash
deepswe-00550,success,execute_bash,execute_bash,file_editor.view,file_editor.create,execute_bash,execute_bash,file_editor.view,execute_bash
deepswe-00551,success,execute_bash,execute_bash,execute_bash,file_editor.create,execute_bash,file_editor.view,file_editor.view,file_editor.view
deepswe-00552,success,execute_bash,execute_bash,execute_bash,file_editor.view,file_editor.create,execute_bash,execute_bash,file_editor.view
deepswe-00553,success,execute_bash,search,file_editor.view,execute_bash,file_editor.view,execute_bash,file_editor.view,file_editor.create
deepswe-00554,success,execute_bash,execute_bash,file_editor.view,file_editor.view,file_editor.view,file_editor.create,execute_bash,file_editor.view
deepswe-00555,success,execute_bash,execute_bash,execute_bash,file_editor.view,file_editor.create,execute_bash,file_editor.view,execute_bash
deepswe-00556,success,execute_bash,execute_bash,execute_bash,file_editor.view,file_editor.view,file_editor.view,file_editor.view,execute_bash
deepswe-00557,success,execute_bash,execute_bash,file_editor.view,file_editor.view,file_editor.create,execute_bash,execute_bash,file_editor.view
deepswe-00558,success,execute_bash,execute_bash,execute_bash,execute_bash,execute_bash,execute_bash,execute_bash,execute_bash
deepswe-00559,success,execute_bash,execute_bash,execute_bash,file_editor.create,execute_bash,file_editor.view,execute_bash,execute_bash
deepswe-00560,success,execute_bash,execute_bash,execute_bash,execute_bash,file_editor.view,file_editor.view,file_editor.view,file_editor.create
deepswe-00561,partial,execute_bash,execute_bash,execute_bash,execute_bash,file_editor.create,execute_bash,file_editor.view,file_editor.view
deepswe-00562,partial,execute_bash,execute_bash,execute_bash,file_editor.view,execute_bash,file_editor.view,file_editor.view,file_editor.create
deepswe-00563,success,execute_bash,execute_bash,file_editor.view,file_editor.view,file_editor.view,file_editor.view,file_editor.create,execute_bash
deepswe-00564,success,execute_bash,execute_bash,file_editor.view,execute_bash,execute_bash,execute_bash,file_editor.view,execute_bash
deepswe-00565,success,execute_bash,execute_bash,execute_bash,execute_bash,execute_bash,execute_bash,execute_bash,file_editor.view
deepswe-00566,success,execute_bash,execute_bash,execute_bash,file_editor.view,file_editor.view,file_editor.create,execute_bash,execute_bash
deepswe-00567,success,execute_bash,execute_bash,execute_bash,file_editor.view,search,file_editor.view,execute_bash,file_editor.create
deepswe-00568,success,execute_bash,execute_bash,execute_bash,file_editor.create,execute_bash,file_editor.view,file_editor.view,execute_bash
deepswe-00569,success,execute_bash,execute_bash,file_editor.create,execute_bash,execute_bash,file_editor.view,file_editor.view,file_editor.view
deepswe-00570,partial,execute_bash,execute_bash,execute_bash,file_editor.create,execute_bash,execute_bash,file_editor.view,execute_bash
deepswe-00571,success,execute_bash,execute_bash,file_editor.view,file_editor.view,file_editor.view,execute_bash,execute_bash,file_editor.view
deepswe-00572,success,execute_bash,execute_bash,execute_bash,execute_bash,execute_bash,execute_bash,execute_bash,file_editor.view
deepswe-00573,success,execute_bash,execute_bash,execute_bash,file_editor.view,execute_bash,file_editor.view,file_editor.view,file_editor.view
deepswe-00574,success,execute_bash,execute_bash,execute_bash,file_editor.view,file_editor.create,execute_bash,execute_bash,execute_bash
deepswe-00575,success,execute_bash,execute_bash,execute_bash,execute_bash,execute_bash,file_editor.view,execute_bash,execute_bash
deepswe-00576,success,file_editor.view,file_editor.create,execute_bash,execute_bash,execute_bash,file_editor.view,file_editor.view,execute_bash
deepswe-00577,success,execute_bash,execute_bash,execute_bash,file_editor.view,file_editor.view,file_editor.view,execute_bash,file_editor.view
deepswe-00578,success,execute_bash,execute_bash,execute_bash,file_editor.view,execute_bash,file_editor.view,file_editor.view,file_editor.view
deepswe-00579,partial,execute_bash,execute_bash,execute_bash,file_editor.view,execute_bash,file_editor.view,execute_bash,file_editor.view
deepswe-00580,partial,execute_bash,execute_bash,execute_bash,file_editor.view,file_editor.view,execute_bash,file_editor.view,file_editor.view
deepswe-00581,partial,execute_bash,execute_bash,execute_bash,file_editor.view,execute_bash,file_editor.view,file_editor.create,execute_bash
deepswe-00582,success,execute_bash,execute_bash,execute_bash,file_editor.view,file_editor.view,file_editor.view,file_editor.view,execute_bash
deepswe-00583,success,execute_bash,file_editor.view,file_editor.view,file_editor.create,execute_bash,execute_bash,execute_bash,execute_bash
deepswe-00584,success,execute_bash,file_editor.view,execute_bash,file_editor.view,execute_bash,file_editor.view,execute_bash,file_editor.view
deepswe-00585,success,execute_bash,file_editor.view,file_editor.view,file_editor.view,execute_bash,file_editor.view,file_editor.view,file_editor.view
deepswe-00586,success,execute_bash,execute_bash,file_editor.view,file_editor.create,execute_bash,file_editor.view,execute_bash,file_editor.view
deepswe-00587,partial,execute_bash,execute_bash,execute_bash,file_editor.view,file_editor.create,execute_bash,execute_bash,execute_bash
deepswe-00588,partial,file_editor.view,file_editor.create,execute_bash,execute_bash,execute_bash,execute_bash,file_editor.view,execute_bash
deepswe-00589,success,execute_bash,execute_bash,execute_bash,file_editor.create,execute_bash,file_editor.str_replace,execute_bash,execute_bash
deepswe-00590,success,execute_bash,execute_bash,execute_bash,execute_bash,execute_bash,file_editor.view,execute_bash,file_editor.view
deepswe-00591,success,execute_bash,execute_bash,execute_bash,execute_bash,file_editor.view,file_editor.view,file_editor.view,execute_bash
deepswe-00592,success,execute_bash,execute_bash,execute_bash,execute_bash,execute_bash,file_editor.view,file_editor.view,file_editor.view
deepswe-00593,success,execute_bash,execute_bash,file_editor.view,execute_bash,file_editor.view,file_editor.view,execute_bash,file_editor.view
deepswe-00594,success,execute_bash,execute_bash,execute_bash,file_editor.view,execute_bash,file_editor.view,file_editor.view,file_editor.create
deepswe-00595,success,execute_bash,execute_bash,execute_bash,file_editor.create,execute_bash,search,file_editor.view,file_editor.view
deepswe-00596,success,execute_bash,execute_bash,execute_bash,file_editor.view,file_editor.create,execute_bash,file_editor.view,file_editor.view
deepswe-00597,success,execute_bash,execute_bash,execute_bash,file_editor.view,file_editor.view,file_editor.view,execute_bash,execute_bash
deepswe-00598,success,execute_bash,execute_bash,execute_bash,execute_bash,file_editor.view,file_editor.view,file_editor.create,execute_bash
deepswe-00599,success,execute_bash,execute_bash,execute_bash,file_editor.view,execute_bash,execute_bash,execute_bash,execute_bash
deepswe-00600,success,execute_bash,execute_bash,file_editor.view,file_editor.view,execute_bash,file_editor.view,file_editor.create,execute_bash
deepswe-00601,success,execute_bash,execute_bash,execute_bash,file_editor.view,file_editor.view,execute_bash,file_editor.view,execute_bash
deepswe-00602,success,execute_bash,execute_bash,execute_bash,execute_bash,execute_bash,file_editor.create,execute_bash,execute_bash
deepswe-00603,success,execute_bash,execute_bash,execute_bash,execute_bash,execute_bash,execute_bash,file_editor.view,execute_bash
deepswe-00604,success,execute_bash,execute_bash,file_editor.view,execute_bash,file_editor.view,file_editor.view,file_editor.create,execute_bash
deepswe-00605,partial,execute_bash,execute_bash,execute_bash,file_editor.view,file_editor.view,file_editor.view,file_editor.create,execute_bash
deepswe-00606,success,execute_bash,execute_bash,execute_bash,execute_bash,file_editor.view,execute_bash,file_editor.view,execute_bash
deepswe-00607,success,execute_bash,execute_bash,execute_bash,file_editor.view,file_editor.view,file_editor.view,execute_bash,file_editor.view
deepswe-00608,success,execute_bash,execute_bash,execute_bash,file_editor.create,execute_bash,file_editor.view,execute_bash,execute_bash
deepswe-00609,success,execute_bash,execute_bash,file_editor.view,file_editor.view,execute_bash,file_editor.view,execute_bash,file_editor.create
deepswe-00610,success,execute_bash,execute_bash,execute_bash,file_editor.view,file_editor.view,execute_bash,file_editor.view,execute_bash
deepswe-00611,success,execute_bash,file_editor.view,file_editor.view,execute_bash,file_editor.view,file_editor.create,execute_bash,file_editor.view
deepswe-00612,success,execute_bash,execute_bash,execute_bash,execute_bash,execute_bash,execute_bash,execute_bash,execute_bash
deepswe-00613,success,execute_bash,execute_bash,execute_bash,file_editor.view,execute_bash,file_editor.view,execute_bash,file_editor.view
deepswe-00614,success,execute_bash,execute_bash,file_editor.view,file_editor.view,execute_bash,file_editor.view,execute_bash,execute_bash
deepswe-00615,partial,execute_bash,execute_bash,execute_bash,execute_bash,file_editor.view,execute_bash,file_editor.view,file_editor.view
deepswe-00616,success,execute_bash,execute_bash,execute_bash,execute_bash,execute_bash,execute_bash,execute_bash,execute_bash
deepswe-00617,success,execute_bash,execute_bash,file_editor.view,file_editor.create,execute_bash,file_editor.view,file_editor.view,file_editor.view
deepswe-00618,success,execute_bash,file_editor.view,file_editor.view,execute_bash,file_editor.view,file_editor.view,execute_bash,file_editor.view
deepswe-00619,success,execute_bash,execute_bash,file_editor.view,execute_bash,file_editor.view,execute_bash,file_editor.view,file_editor.view
deepswe-00620,success,execute_bash,execute_bash,file_editor.view,file_editor.view,file_editor.create,execute_bash,execute_bash,execute_bash
deepswe-00621,success,execute_bash,file_editor.view,execute_bash,file_editor.create,execute_bash,file_editor.str_replace,file_editor.create,execute_bash
deepswe-00622,success,execute_bash,execute_bash,execute_bash,file_editor.view,file_editor.view,execute_bash,file_editor.view,file_editor.create
deepswe-00623,partial,execute_bash,execute_bash,execute_bash,file_editor.view,file_editor.view,file_editor.view,file_editor.create,execute_bash
deepswe-00624,success,execute_bash,execute_bash,execute_bash,execute_bash,file_editor.view,execute_bash,execute_bash,file_editor.view
deepswe-00625,success,execute_bash,file_editor.view,file_editor.view,execute_bash,execute_bash,execute_bash,file_editor.create,execute_bash
deepswe-00626,success,execute_bash,execute_bash,file_editor.view,execute_bash,file_editor.view,file_editor.view,execute_bash,file_editor.view
deepswe-00627,success,execute_bash,execute_bash,file_editor.view,execute_bash,file_editor.view,file_editor.view,execute_bash,file_editor.view
deepswe-00628,success,execute_bash,execute_bash,execute_bash,execute_bash,file_editor.view,execute_bash,execute_bash,file_editor.view
deepswe-00629,success,execute_bash,file_editor.create,execute_bash,file_editor.view,file_editor.view,file_editor.view,execute_bash,file_editor.view
deepswe-00630,success,execute_bash,execute_bash,execute_bash,execute_bash,file_editor.view,execute_bash,file_editor.view,file_editor.view
deepswe-00631,success,execute_bash,execute_bash,execute_bash,file_editor.view,execute_bash,file_editor.view,file_editor.create,execute_bash
deepswe-00632,success,execute_bash,execute_bash,execute_bash,file_editor.view,file_editor.view,file_editor.view,file_editor.view,file_editor.view
deepswe-00633,partial,execute_bash,execute_bash,file_editor.view,file_editor.view,execute_bash,file_editor.view,file_editor.view,execute_bash
deepswe-00634,success,execute_bash,file_editor.view,file_editor.create,execute_bash,file_editor.view,execute_bash,execute_bash,file_editor.view
deepswe-00635,success,execute_bash,file_editor.view,file_editor.view,file_editor.create,execute_bash,file_editor.view,file_editor.str_replace,execute_bash
deepswe-00636,success,execute_bash,execute_bash,execute_bash,execute_bash,file_editor.view,file_editor.view,execute_bash,file_editor.view
deepswe-00637,success,execute_bash,execute_bash,execute_bash,file_editor.view,file_editor.view,file_editor.view,execute_bash,execute_bash
deepswe-00638,success,execute_bash,execute_bash,file_editor.view,execute_bash,file_editor.view,execute_bash,file_editor.view,file_editor.view
deepswe-00639,success,execute_bash,execute_bash,file_editor.view,execute_bash,file_editor.view,execute_bash,file_editor.view,execute_bash
deepswe-00640,success,execute_bash,execute_bash,execute_bash,file_editor.view,file_editor.create,execute_bash,file_editor.str_replace,execute_bash
deepswe-00641,partial,execute_bash,execute_bash,execute_bash,file_editor.view,execute_bash,execute_bash,file_editor.view,file_editor.view
deepswe-00642,success,execute_bash,execute_bash,execute_bash,file_editor.view,file_editor.view,file_editor.view,execute_bash,file_editor.view
deepswe-00643,partial,execute_bash,execute_bash,file_editor.view,execute_bash,file_editor.view,file_editor.view,execute_bash,file_editor.view
deepswe-00644,success,execute_bash,file_editor.view,execute_bash,execute_bash,execute_bash,file_editor.view,execute_bash,execute_bash
deepswe-00645,success,execute_bash,execute_bash,execute_bash,execute_bash,file_editor.view,file_editor.view,execute_bash,execute_bash
deepswe-00646,partial,execute_bash,execute_bash,execute_bash,file_editor.view,execute_bash,file_editor.view,file_editor.view,execute_bash
deepswe-00647,partial,execute_bash,execute_bash,execute_bash,file_editor.view,file_editor.view,file_editor.view,file_editor.view,file_editor.view
deepswe-00648,partial,execute_bash,execute_bash,execute_bash,execute_bash,execute_bash,execute_bash,file_editor.view,file_editor.view
deepswe-00649,success,execute_bash,execute_bash,execute_bash,execute_bash,file_editor.view,execute_bash,file_editor.view,execute_bash
deepswe-00650,success,execute_bash,execute_bash,execute_bash,execute_bash,file_editor.view,execute_bash,execute_bash,execute_bash
deepswe-00651,success,execute_bash,execute_bash,execute_bash,execute_bash,file_editor.view,file_editor.view,file_editor.view,file_editor.view
deepswe-00652,success,execute_bash,file_editor.view,file_editor.view,execute_bash,file_editor.view,execute_bash,file_editor.view,file_editor.view
deepswe-00653,success,execute_bash,execute_bash,execute_bash,execute_bash,execute_bash,execute_bash,execute_bash,file_editor.view
deepswe-00654,success,execute_bash,execute_bash,execute_bash,file_editor.view,file_editor.view,execute_bash,execute_bash,execute_bash
deepswe-00655,success,execute_bash,execute_bash,execute_bash,file_editor.view,execute_bash,file_editor.view,file_editor.create,execute_bash
deepswe-00656,partial,execute_bash,execute_bash,file_editor.view,execute_bash,file_editor.view,file_editor.view,execute_bash,execute_bash
deepswe-00657,success,execute_bash,execute_bash,execute_bash,file_editor.view,file_editor.view,execute_bash,execute_bash,file_editor.view
deepswe-00658,success,execute_bash,execute_bash,execute_bash,file_editor.view,file_editor.create,execute_bash,execute_bash,file_editor.view
deepswe-00659,success,execute_bash,execute_bash,execute_bash,file_editor.view,file_editor.view,file_editor.view,execute_bash,file_editor.view
deepswe-00660,success,execute_bash,file_editor.view,execute_bash,file_editor.view,file_editor.view,execute_bash,file_editor.view,file_editor.view
deepswe-00661,success,execute_bash,execute_bash,execute_bash,execute_bash,execute_bash,file_editor.view,file_editor.view,file_editor.view
deepswe-00662,success,execute_bash,execute_bash,execute_bash,file_editor.view,execute_bash,file_editor.view,execute_bash,file_editor.view
deepswe-00663,success,execute_bash,execute_bash,execute_bash,execute_bash,file_editor.view,search,file_editor.view,file_editor.create
deepswe-00664,success,execute_bash,execute_bash,execute_bash,execute_bash,execute_bash,execute_bash,file_editor.view,file_editor.view
deepswe-00665,partial,execute_bash,execute_bash,file_editor.view,execute_bash,file_editor.view,file_editor.view,execute_bash,execute_bash
deepswe-00666,success,execute_bash,execute_bash,file_editor.view,file_editor.view,search,file_editor.view,file_editor.view,file_editor.create
deepswe-00667,success,execute_bash,execute_bash,file_editor.view,file_editor.create,execute_bash,execute_bash,file_editor.view,execute_bash
deepswe-00668,success,execute_bash,file_editor.view,execute_bash,execute_bash,execute_bash,execute_bash,execute_bash,execute_bash
deepswe-00669,success,execute_bash,execute_bash,file_editor.view,file_editor.view,file_editor.create,execute_bash,execute_bash,execute_bash
deepswe-00670,success,execute_bash,execute_bash,execute_bash,execute_bash,execute_bash,file_editor.create,execute_bash,execute_bash
deepswe-00671,success,execute_bash,execute_bash,execute_bash,execute_bash,execute_bash,file_editor.view,execute_bash,execute_bash
deepswe-00672,partial,execute_bash,execute_bash,file_editor.view,execute_bash,execute_bash,execute_bash,file_editor.view,file_editor.view
deepswe-00673,partial,execute_bash,execute_bash,execute_bash,execute_bash,execute_bash,execute_bash,file_editor.view,search
deepswe-00674,partial,execute_bash,execute_bash,execute_bash,execute_bash,file_editor.view,file_editor.view,file_editor.view,file_editor.view
deepswe-00675,partial,execute_bash,execute_bash,execute_bash,file_editor.view,file_editor.create,execute_bash,file_editor.view,file_editor.view
deepswe-00676,success,execute_bash,execute_bash,file_editor.view,execute_bash,file_editor.view,file_editor.view,file_editor.view,file_editor.create
deepswe-00677,success,execute_bash,execute_bash,execute_bash,execute_bash,execute_bash,file_editor.view,file_editor.view,execute_bash
deepswe-00678,success,execute_bash,file_editor.view,search,file_editor.view,file_editor.view,file_editor.create,execute_bash,file_editor.view
deepswe-00679,success,execute_bash,search,file_editor.view,file_editor.view,file_editor.view,file_editor.view,file_editor.view,execute_bash
deepswe-00680,success,execute_bash,file_editor.view,file_editor.view,execute_bash,file_editor.view,file_editor.view,file_editor.view,file_editor.view
deepswe-00681,success,execute_bash,execute_bash,file_editor.view,execute_bash,file_editor.view,file_editor.view,execute_bash,execute_bash
deepswe-00682,partial,execute_bash,execute_bash,execute_bash,file_editor.view,file_editor.view,file_editor.view,file_editor.view,file_editor.view
deepswe-00683,partial,execute_bash,execute_bash,execute_bash,execute_bash,execute_bash,execute_bash,execute_bash,file_editor.view
deepswe-00684,success,execute_bash,execute_bash,execute_bash,file_editor.view,file_editor.view,file_editor.view,file_editor.view,file_editor.view
deepswe-00685,partial,execute_bash,execute_bash,execute_bash,file_editor.view,execute_bash,file_editor.view,file_editor.view,file_editor.create
deepswe-00686,success,execute_bash,execute_bash,execute_bash,execute_bash,file_editor.create,execute_bash,execute_bash,file_editor.view
deepswe-00687,success,execute_bash,execute_bash,file_editor.create,execute_bash,execute_bash,file_editor.view,execute_bash,file_editor.view
deepswe-00688,partial,execute_bash,execute_bash,execute_bash,execute_bash,file_editor.create,execute_bash,execute_bash,file_editor.view
deepswe-00689,partial,execute_bash,execute_bash,execute_bash,file_editor.view,execute_bash,file_editor.view,file_editor.view,file_editor.view
deepswe-00690,success,execute_bash,execute_bash,execute_bash,file_editor.view,execute_bash,file_editor.view,execute_bash,execute_bash
deepswe-00691,success,execute_bash,execute_bash,execute_bash,file_editor.create,execute_bash,execute_bash,execute_bash,file_editor.view
deepswe-00692,success,execute_bash,execute_bash,file_editor.view,file_editor.create,execute_bash,file_editor.view,search,file_editor.view
deepswe-00693,partial,execute_bash,execute_bash,execute_bash,execute_bash,file_editor.view,search,execute_bash,execute_bash
deepswe-00694,success,execute_bash,execute_bash,search,execute_bash,file_editor.view,execute_bash,file_editor.view,file_editor.view
deepswe-00695,success,execute_bash,execute_bash,file_editor.view,execute_bash,file_editor.view,execute_bash,file_editor.view,file_editor.create
deepswe-00696,success,execute_bash,execute_bash,file_editor.view,file_editor.view,file_editor.view,file_editor.view,file_editor.view,file_editor.view
deepswe-00697,success,execute_bash,execute_bash,execute_bash,execute_bash,file_editor.view,execute_bash,file_editor.view,file_editor.view
deepswe-00698,success,execute_bash,execute_bash,file_editor.view,file_editor.create,execute_bash,file_editor.view,execute_bash,execute_bash
deepswe-00699,partial,execute_bash,execute_bash,execute_bash,file_editor.view,execute_bash,file_editor.view,execute_bash,file_editor.view
deepswe-00700,success,execute_bash,execute_bash,execute_bash,execute_bash,execute_bash,file_editor.view,file_editor.create,execute_bash
deepswe-00701,partial,execute_bash,execute_bash,execute_bash,execute_bash,file_editor.view,file_editor.view,execute_bash,file_editor.view
deepswe-00702,success,execute_bash,execute_bash,execute_bash,file_editor.create,execute_bash,execute_bash,execute_bash,execute_bash
deepswe-00703,success,execute_bash,execute_bash,file_editor.view,execute_bash,file_editor.view,file_editor.view,execute_bash,file_editor.view
deepswe-00704,success,execute_bash,execute_bash,execute_bash,execute_bash,execute_bash,execute_bash,execute_bash,file_editor.view
deepswe-00705,success,execute_bash,execute_bash,file_editor.view,execute_bash,file_editor.view,file_editor.view,execute_bash,file_editor.view
deepswe-00706,success,execute_bash,execute_bash,file_editor.view,file_editor.view,file_editor.view,execute_bash,execute_bash,file_editor.view
deepswe-00707,partial,execute_bash,execute_bash,file_editor.view,execute_bash,file_editor.view,execute_bash,file_editor.view,file_editor.create
deepswe-00708,success,execute_bash,execute_bash,execute_bash,file_editor.view,file_editor.view,file_editor.view,file_editor.view,file_editor.view
deepswe-00709,success,execute_bash,execute_bash,execute_bash,file_editor.create,execute_bash,file_editor.str_replace,execute_bash,file_editor.view
deepswe-00710,success,execute_bash,execute_bash,execute_bash,file_editor.view,file_editor.view,file_editor.view,execute_bash,file_editor.view
deepswe-00711,partial,execute_bash,execute_bash,file_editor.view,execute_bash,file_editor.view,file_editor.view,execute_bash,file_editor.view
deepswe-00712,success,execute_bash,execute_bash,execute_bash,file_editor.view,file_editor.create,execute_bash,execute_bash,file_editor.view
deepswe-00713,success,execute_bash,execute_bash,execute_bash,file_editor.view,file_editor.view,file_editor.view,file_editor.view,file_editor.view
deepswe-00714,success,execute_bash,execute_bash,file_editor.view,file_editor.view,file_editor.view,file_editor.view,file_editor.view,file_editor.view
deepswe-00715,success,execute_bash,file_editor.view,file_editor.view,file_editor.create,execute_bash,file_editor.view,execute_bash,execute_bash
deepswe-00716,success,execute_bash,execute_bash,execute_bash,execute_bash,file_editor.create,execute_bash,execute_bash,file_editor.view
deepswe-00717,success,execute_bash,execute_bash,execute_bash,execute_bash,file_editor.view,file_editor.view,file_editor.view,file_editor.create
deepswe-00718,success,execute_bash,execute_bash,execute_bash,execute_bash,file_editor.view,file_editor.view,execute_bash,file_editor.view
deepswe-00719,success,execute_bash,execute_bash,file_editor.view,file_editor.view,file_editor.view,file_editor.view,file_editor.view,file_editor.view
deepswe-00720,partial,execute_bash,execute_bash,execute_bash,execute_bash,execute_bash,execute_bash,execute_bash,execute_bash
deepswe-00721,success,execute_bash,execute_bash,file_editor.view,file_editor.view,execute_bash,file_editor.view,file_editor.view,execute_bash
deepswe-00722,success,execute_bash,search,file_editor.view,search,search,search,file_editor.view,file_editor.view
deepswe-00723,partial,execute_bash,execute_bash,file_editor.view,file_editor.view,file_editor.view,file_editor.create,execute_bash,file_editor.str_replace
deepswe-00724,partial,execute_bash,execute_bash,execute_bash,file_editor.view,file_editor.create,execute_bash,execute_bash,execute_bash
deepswe-00725,success,execute_bash,file_editor.view,file_editor.view,execute_bash,execute_bash,file_editor.view,file_editor.create,execute_bash
deepswe-00726,success,execute_bash,execute_bash,file_editor.view,file_editor.view,execute_bash,file_editor.view,file_editor.view,file_editor.view
deepswe-00727,success,execute_bash,execute_bash,file_editor.view,file_editor.create,execute_bash,file_editor.view,execute_bash,file_editor.view
deepswe-00728,success,execute_bash,file_editor.create,execute_bash,execute_bash,execute_bash,execute_bash,execute_bash,execute_bash
deepswe-00729,success,execute_bash,execute_bash,file_editor.view,file_editor.create,execute_bash,file_editor.view,execute_bash,file_editor.view
deepswe-00730,success,execute_bash,execute_bash,execute_bash,file_editor.view,file_editor.view,execute_bash,file_editor.view,file_editor.view
deepswe-00731,partial,execute_bash,execute_bash,execute_bash,file_editor.view,file_editor.create,execute_bash,file_editor.view,execute_bash
deepswe-00732,partial,execute_bash,execute_bash,execute_bash,execute_bash,file_editor.view,execute_bash,file_editor.view,file_editor.view
deepswe-00733,success,execute_bash,execute_bash,execute_bash,execute_bash,execute_bash,file_editor.view,file_editor.view,file_editor.view
deepswe-00734,success,execute_bash,execute_bash,file_editor.view,execute_bash,execute_bash,file_editor.view,execute_bash,file_editor.view
deepswe-00735,success,execute_bash,execute_bash,execute_bash,file_editor.create,execute_bash,file_editor.view,execute_bash,execute_bash
deepswe-00736,success,execute_bash,file_editor.view,execute_bash,file_editor.view,file_editor.view,file_editor.create,execute_bash,file_editor.view
deepswe-00737,success,execute_bash,execute_bash,file_editor.view,execute_bash,file_editor.view,file_editor.view,execute_bash,file_editor.view
deepswe-00738,success,execute_bash,execute_bash,execute_bash,execute_bash,file_editor.view,file_editor.view,file_editor.view,file_editor.view
deepswe-00739,partial,execute_bash,execute_bash,execute_bash,file_editor.create,execute_bash,file_editor.view,file_editor.view,file_editor.view
deepswe-00740,partial,execute_bash,execute_bash,execute_bash,execute_bash,execute_bash,execute_bash,file_editor.view,execute_bash
deepswe-00741,partial,execute_bash,execute_bash,execute_bash,file_editor.view,execute_bash,execute_bash,execute_bash,execute_bash
deepswe-00742,success,execute_bash,execute_bash,execute_bash,file_editor.create,execute_bash,execute_bash,execute_bash,file_editor.view
deepswe-00743,success,execute_bash,execute_bash,file_editor.view,execute_bash,file_editor.view,file_editor.view,execute_bash,file_editor.view
deepswe-00744,success,execute_bash,execute_bash,execute_bash,file_editor.view,execute_bash,file_editor.view,execute_bash,execute_bash
deepswe-00745,partial,execute_bash,execute_bash,execute_bash,file_editor.view,execute_bash,execute_bash,execute_bash,execute_bash
deepswe-00746,success,execute_bash,execute_bash,execute_bash,file_editor.view,execute_bash,file_editor.view,file_editor.view,file_editor.view
deepswe-00747,success,execute_bash,execute_bash,execute_bash,file_editor.view,execute_bash,file_editor.view,execute_bash,file_editor.view
deepswe-00748,success,execute_bash,file_editor.create,execute_bash,execute_bash,execute_bash,execute_bash,file_editor.view,execute_bash
deepswe-00749,success,execute_bash,execute_bash,file_editor.create,execute_bash,file_editor.view,file_editor.view,execute_bash,file_editor.view
deepswe-00750,success,execute_bash,execute_bash,execute_bash,execute_bash,execute_bash,execute_bash,execute_bash,execute_bash
deepswe-00751,success,execute_bash,execute_bash,execute_bash,execute_bash,execute_bash,execute_bash,file_editor.view,file_editor.view
deepswe-00752,success,execute_bash,execute_bash,execute_bash,file_editor.create,execute_bash,execute_bash,file_editor.view,file_editor.view
deepswe-00753,success,execute_bash,execute_bash,file_editor.view,execute_bash,file_editor.view,execute_bash,file_editor.view,execute_bash
deepswe-00754,success,execute_bash,execute_bash,execute_bash,execute_bash,file_editor.view,file_editor.view,execute_bash,file_editor.view
deepswe-00755,success,execute_bash,execute_bash,execute_bash,file_editor.view,file_editor.view,file_editor.view,execute_bash,execute_bash
deepswe-00756,success,execute_bash,execute_bash,execute_bash,file_editor.view,file_editor.view,execute_bash,file_editor.view,execute_bash
deepswe-00757,success,execute_bash,file_editor.view,file_editor.view,file_editor.view,execute_bash,file_editor.view,file_editor.view,execute_bash
deepswe-00758,success,execute_bash,execute_bash,execute_bash,execute_bash,execute_bash,file_editor.view,execute_bash,file_editor.view
deepswe-00759,success,execute_bash,execute_bash,file_editor.view,execute_bash,execute_bash,execute_bash,execute_bash,execute_bash
deepswe-00760,success,execute_bash,execute_bash,execute_bash,execute_bash,execute_bash,execute_bash,execute_bash,execute_bash
deepswe-00761,partial,execute_bash,file_editor.view,file_editor.view,execute_bash,execute_bash,execute_bash,execute_bash,execute_bash
deepswe-00762,success,execute_bash,execute_bash,file_editor.view,execute_bash,file_editor.view,file_editor.view,file_editor.view,file_editor.view
deepswe-00763,success,execute_bash,execute_bash,file_editor.view,file_editor.view,file_editor.view,execute_bash,file_editor.create,execute_bash
deepswe-00764,success,execute_bash,execute_bash,execute_bash,execute_bash,execute_bash,execute_bash,file_editor.view,file_editor.view
deepswe-00765,success,execute_bash,execute_bash,execute_bash,file_editor.create,execute_bash,file_editor.view,execute_bash,file_editor.view
deepswe-00766,success,execute_bash,execute_bash,file_editor.view,execute_bash,file_editor.view,file_editor.view,execute_bash,execute_bash
deepswe-00767,partial,execute_bash,execute_bash,file_editor.view,file_editor.view,file_editor.view,file_editor.view,file_editor.view,execute_bash
deepswe-00768,success,execute_bash,execute_bash,execute_bash,file_editor.create,execute_bash,file_editor.view,execute_bash,file_editor.view
deepswe-00769,success,file_editor.view,file_editor.create,execute_bash,execute_bash,execute_bash,execute_bash,execute_bash,execute_bash
deepswe-00770,partial,execute_bash,execute_bash,file_editor.view,file_editor.view,file_editor.view,file_editor.create,execute_bash,file_editor.view
deepswe-00771,success,execute_bash,execute_bash,execute_bash,execute_bash,file_editor.view,file_editor.view,file_editor.view,execute_bash
deepswe-00772,partial,execute_bash,execute_bash,execute_bash,execute_bash,execute_bash,file_editor.view,execute_bash,file_editor.view
deepswe-00773,success,execute_bash,file_editor.view,execute_bash,file_editor.view,execute_bash,file_editor.view,execute_bash,file_editor.view
deepswe-00774,success,execute_bash,execute_bash,execute_bash,execute_bash,execute_bash,file_editor.create,execute_bash,execute_bash
deepswe-00775,success,execute_bash,execute_bash,execute_bash,file_editor.view,execute_bash,file_editor.view,execute_bash,file_editor.view
deepswe-00776,success,execute_bash,execute_bash,file_editor.view,file_editor.view,file_editor.create,execute_bash,execute_bash,file_editor.view
deepswe-00777,partial,execute_bash,execute_bash,file_editor.view,execute_bash,file_editor.view,file_editor.view,file_editor.view,execute_bash
deepswe-00778,success,execute_bash,execute_bash,execute_bash,file_editor.view,execute_bash,file_editor.view,file_editor.view,file_editor.view
deepswe-00779,success,execute_bash,execute_bash,execute_bash,execute_bash,execute_bash,execute_bash,file_editor.view,file_editor.view
deepswe-00780,success,execute_bash,file_editor.view,file_editor.view,file_editor.view,file_editor.view,execute_bash,execute_bash,file_editor.create
deepswe-00781,partial,execute_bash,execute_bash,execute_bash,file_editor.create,execute_bash,file_editor.view,execute_bash,file_editor.view
deepswe-00782,partial,execute_bash,execute_bash,file_editor.view,file_editor.view,file_editor.view,file_editor.view,file_editor.view,file_editor.view
deepswe-00783,success,execute_bash,execute_bash,execute_bash,file_editor.view,file_editor.view,file_editor.create,execute_bash,file_editor.view
deepswe-00784,success,execute_bash,execute_bash,file_editor.create,execute_bash,execute_bash,file_editor.view,file_editor.view,file_editor.view
deepswe-00785,success,execute_bash,execute_bash,file_editor.view,file_editor.view,file_editor.view,file_editor.create,execute_bash,file_editor.view
deepswe-00786,success,execute_bash,execute_bash,execute_bash,execute_bash,execute_bash,file_editor.view,file_editor.view,file_editor.view
deepswe-00787,success,execute_bash,execute_bash,execute_bash,execute_bash,execute_bash,file_editor.view,file_editor.view,execute_bash
deepswe-00788,success,execute_bash,file_editor.view,file_editor.create,execute_bash,execute_bash,execute_bash,file_editor.view,file_editor.view
deepswe-00789,success,execute_bash,execute_bash,file_editor.view,file_editor.view,execute_bash,file_editor.view,file_editor.create,execute_bash
deepswe-00790,partial,execute_bash,execute_bash,execute_bash,execute_bash,file_editor.create,execute_bash,file_editor.view,execute_bash
deepswe-00791,success,execute_bash,file_editor.view,file_editor.create,execute_bash,execute_bash,file_editor.view,file_editor.view,execute_bash
deepswe-00792,success,execute_bash,file_editor.view,file_editor.view,file_editor.view,file_editor.view,file_editor.view,file_editor.create,execute_bash
deepswe-00793,success,execute_bash,execute_bash,execute_bash,file_editor.view,execute_bash,file_editor.view,file_editor.view,file_editor.view
deepswe-00794,success,execute_bash,execute_bash,file_editor.view,file_editor.view,execute_bash,file_editor.view,file_editor.view,file_editor.view
deepswe-00795,success,execute_bash,file_editor.view,file_editor.view,file_editor.view,execute_bash,file_editor.create,execute_bash,file_editor.view
deepswe-00796,success,execute_bash,execute_bash,file_editor.view,file_editor.view,file_editor.view,file_editor.create,execute_bash,execute_bash
deepswe-00797,partial,execute_bash,execute_bash,execute_bash,file_editor.view,file_editor.view,file_editor.view,file_editor.create,execute_bash
deepswe-00798,success,execute_bash,execute_bash,execute_bash,file_editor.view,file_editor.create,execute_bash,execute_bash,execute_bash
deepswe-00799,success,execute_bash,execute_bash,execute_bash,file_editor.view,execute_bash,execute_bash,file_editor.view,execute_bash
deepswe-00800,success,execute_bash,execute_bash,execute_bash,execute_bash,execute_bash,execute_bash,file_editor.view,file_editor.view
deepswe-00801,partial,execute_bash,file_editor.view,file_editor.view,execute_bash,execute_bash,execute_bash,execute_bash,file_editor.view
deepswe-00802,success,execute_bash,file_editor.view,file_editor.view,execute_bash,file_editor.view,execute_bash,execute_bash,file_editor.view
deepswe-00803,success,execute_bash,execute_bash,execute_bash,file_editor.create,execute_bash,file_editor.view,execute_bash,file_editor.view
deepswe-00804,success,execute_bash,execute_bash,file_editor.view,execute_bash,execute_bash,execute_bash,execute_bash,execute_bash
deepswe-00805,success,execute_bash,execute_bash,execute_bash,execute_bash,file_editor.view,file_editor.create,execute_bash,file_editor.view
deepswe-00806,success,execute_bash,execute_bash,execute_bash,file_editor.view,file_editor.view,execute_bash,file_editor.view,file_editor.view
deepswe-00807,success,execute_bash,execute_bash,file_editor.view,execute_bash,file_editor.view,file_editor.view,file_editor.view,execute_bash
deepswe-00808,success,execute_bash,execute_bash,file_editor.view,execute_bash,execute_bash,file_editor.view,file_editor.view,execute_bash
deepswe-00809,success,execute_bash,execute_bash,execute_bash,execute_bash,file_editor.view,execute_bash,file_editor.view,execute_bash
deepswe-00810,success,execute_bash,execute_bash,execute_bash,execute_bash,execute_bash,file_editor.view,execute_bash,file_editor.view
deepswe-00811,success,execute_bash,execute_bash,file_editor.view,execute_bash,execute_bash,file_editor.view,file_editor.create,execute_bash
deepswe-00812,success,execute_bash,execute_bash,execute_bash,execute_bash,file_editor.view,file_editor.view,execute_bash,file_editor.view
deepswe-00813,success,execute_bash,execute_bash,execute_bash,file_editor.view,file_editor.view,file_editor.view,file_editor.view,file_editor.view
deepswe-00814,partial,execute_bash,execute_bash,execute_bash,file_editor.view,file_editor.view,file_editor.view,file_editor.view,execute_bash
deepswe-00815,partial,execute_bash,execute_bash,file_editor.view,execute_bash,file_editor.view,file_editor.view,file_editor.view,execute_bash
deepswe-00816,success,execute_bash,execute_bash,execute_bash,file_editor.view,file_editor.view,file_editor.view,execute_bash,file_editor.view
deepswe-00817,success,execute_bash,execute_bash,file_editor.view,file_editor.view,search,execute_bash,file_editor.view,file_editor.create
deepswe-00818,success,execute_bash,execute_bash,execute_bash,execute_bash,file_editor.view,file_editor.view,file_editor.create,execute_bash
deepswe-00819,success,execute_bash,execute_bash,execute_bash,file_editor.view,file_editor.view,execute_bash,file_editor.view,file_editor.view
deepswe-00820,success,execute_bash,search,file_editor.view,search,file_editor.view,file_editor.view,file_editor.view,search
deepswe-00821,success,execute_bash,execute_bash,execute_bash,file_editor.view,execute_bash,file_editor.view,file_editor.view,execute_bash
deepswe-00822,success,execute_bash,execute_bash,execute_bash,execute_bash,file_editor.view,execute_bash,file_editor.view,file_editor.view
deepswe-00823,success,execute_bash,execute_bash,execute_bash,file_editor.view,file_editor.view,execute_bash,file_editor.view,execute_bash
deepswe-00824,success,execute_bash,execute_bash,execute_bash,file_editor.view,file_editor.view,file_editor.create,execute_bash,file_editor.view
deepswe-00825,success,execute_bash,execute_bash,file_editor.view,execute_bash,file_editor.view,file_editor.view,execute_bash,file_editor.view
deepswe-00826,success,execute_bash,execute_bash,file_editor.view,file_editor.view,file_editor.view,execute_bash,file_editor.view,file_editor.view
deepswe-00827,success,execute_bash,execute_bash,file_editor.view,execute_bash,file_editor.view,file_editor.view,execute_bash,execute_bash
deepswe-00828,success,execute_bash,execute_bash,file_editor.view,file_editor.view,file_editor.view,file_editor.view,execute_bash,file_editor.view
deepswe-00829,partial,execute_bash,execute_bash,file_editor.view,execute_bash,file_editor.view,file_editor.view,file_editor.view,file_editor.view
deepswe-00830,partial,str_replace,execute_bash,str_replace,execute_bash,str_replace,execute_bash,execute_bash,str_replace
deepswe-00831,partial,execute_bash,execute_bash,file_editor.view,execute_bash,file_editor.view,execute_bash,execute_bash,file_editor.view
deepswe-00832,partial,execute_bash,file_editor.view,execute_bash,execute_bash,execute_bash,execute_bash,execute_bash,execute_bash
deepswe-00833,success,execute_bash,execute_bash,execute_bash,file_editor.create,execute_bash,execute_bash,execute_bash,file_editor.view
deepswe-00834,success,str_replace,execute_bash,execute_bash,execute_bash,str_replace,execute_bash,str_replace,str_replace
deepswe-00835,success,execute_bash,execute_bash,execute_bash,execute_bash,execute_bash,file_editor.view,execute_bash,file_editor.view
deepswe-00836,success,execute_bash,execute_bash,file_editor.view,execute_bash,file_editor.view,execute_bash,execute_bash,file_editor.view
deepswe-00837,success,execute_bash,execute_bash,execute_bash,file_editor.view,search,search,file_editor.view,search
deepswe-00838,partial,execute_bash,file_editor.view,execute_bash,execute_bash,execute_bash,execute_bash,file_editor.view,file_editor.view
deepswe-00839,success,execute_bash,file_editor.view,execute_bash,execute_bash,execute_bash,execute_bash,execute_bash,execute_bash
deepswe-00840,success,execute_bash,execute_bash,execute_bash,execute_bash,file_editor.view,file_editor.view,file_editor.view,file_editor.view
deepswe-00841,success,file_editor.view,file_editor.create,execute_bash,execute_bash,file_editor.view,file_editor.view,file_editor.view,file_editor.view
deepswe-00842,partial,execute_bash,file_editor.view,file_editor.view,execute_bash,file_editor.view,file_editor.view,execute_bash,file_editor.view
deepswe-00843,partial,execute_bash,execute_bash,execute_bash,file_editor.view,file_editor.create,execute_bash,file_editor.view,execute_bash
deepswe-00844,success,execute_bash,execute_bash,execute_bash,execute_bash,execute_bash,execute_bash,file_editor.view,file_editor.view
deepswe-00845,success,execute_bash,execute_bash,execute_bash,file_editor.view,execute_bash,file_editor.view,execute_bash,file_editor.view
deepswe-00846,success,execute_bash,execute_bash,execute_bash,execute_bash,file_editor.view,file_editor.view,file_editor.create,execute_bash
deepswe-00847,success,str_replace,execute_bash,execute_bash,execute_bash,str_replace,str_replace,execute_bash,str_replace
deepswe-00848,success,execute_bash,execute_bash,execute_bash,file_editor.view,execute_bash,file_editor.view,file_editor.view,file_editor.view
deepswe-00849,success,execute_bash,execute_bash,execute_bash,execute_bash,execute_bash,file_editor.view,execute_bash,file_editor.view
deepswe-00850,success,str_replace,str_replace,str_replace,str_replace,str_replace,str_replace,str_replace,str_replace
deepswe-00851,success,execute_bash,execute_bash,file_editor.create,execute_bash,execute_bash,file_editor.view,file_editor.view,file_editor.view
deepswe-00852,success,execute_bash,execute_bash,execute_bash,file_editor.view,execute_bash,file_editor.view,execute_bash,file_editor.view
deepswe-00853,success,execute_bash,file_editor.view,execute_bash,file_editor.view,execute_bash,execute_bash,file_editor.view,file_editor.create
deepswe-00854,success,execute_bash,execute_bash,execute_bash,file_editor.create,execute_bash,execute_bash,execute_bash,execute_bash
deepswe-00855,success,execute_bash,search,file_editor.view,search,file_editor.view,file_editor.view,file_editor.view,search
deepswe-00856,success,execute_bash,execute_bash,execute_bash,file_editor.view,execute_bash,file_editor.view,file_editor.view,file_editor.view
deepswe-00857,success,execute_bash,execute_bash,execute_bash,file_editor.view,file_editor.create,execute_bash,execute_bash,execute_bash
deepswe-00858,success,execute_bash,execute_bash,file_editor.view,execute_bash,file_editor.view,execute_bash,file_editor.view,execute_bash
deepswe-00859,success,execute_bash,execute_bash,file_editor.view,file_editor.view,file_editor.create,execute_bash,execute_bash,file_editor.view
deepswe-00860,success,execute_bash,execute_bash,file_editor.view,file_editor.create,execute_bash,file_editor.view,execute_bash,execute_bash
deepswe-00861,success,execute_bash,file_editor.view,file_editor.view,file_editor.view,execute_bash,execute_bash,file_editor.view,file_editor.view
deepswe-00862,success,execute_bash,execute_bash,execute_bash,execute_bash,file_editor.view,execute_bash,execute_bash,file_editor.view
deepswe-00863,success,execute_bash,execute_bash,file_editor.view,file_editor.view,file_editor.view,execute_bash,file_editor.view,file_editor.view
deepswe-00864,partial,execute_bash,execute_bash,execute_bash,file_editor.view,file_editor.view,file_editor.view,file_editor.view,file_editor.create
deepswe-00865,success,execute_bash,file_editor.view,file_editor.view,execute_bash,execute_bash,file_editor.view,file_editor.view,file_editor.view
deepswe-00866,success,execute_bash,execute_bash,file_editor.view,search,file_editor.view,file_editor.view,file_editor.create,execute_bash
deepswe-00867,success,execute_bash,execute_bash,file_editor.view,file_editor.view,execute_bash,file_editor.view,file_editor.view,file_editor.create
deepswe-00868,success,execute_bash,execute_bash,execute_bash,file_editor.view,file_editor.view,file_editor.view,file_editor.view,file_editor.view
deepswe-00869,success,execute_bash,execute_bash,file_editor.view,execute_bash,file_editor.view,file_editor.view,execute_bash,file_editor.view
deepswe-00870,success,execute_bash,execute_bash,file_editor.view,execute_bash,file_editor.view,file_editor.view,file_editor.view,file_editor.create
deepswe-00871,success,execute_bash,file_editor.view,execute_bash,file_editor.view,execute_bash,execute_bash,file_editor.view,file_editor.view
deepswe-00872,partial,execute_bash,execute_bash,execute_bash,file_editor.view,file_editor.view,execute_bash,execute_bash,execute_bash
deepswe-00873,success,execute_bash,execute_bash,file_editor.view,file_editor.view,execute_bash,execute_bash,execute_bash,execute_bash
deepswe-00874,success,str_replace,execute_bash,execute_bash,execute_bash,str_replace,execute_bash,execute_bash,str_replace
deepswe-00875,success,execute_bash,execute_bash,execute_bash,file_editor.view,execute_bash,execute_bash,file_editor.view,execute_bash
deepswe-00876,success,str_replace,str_replace,str_replace,execute_bash,execute_bash,execute_bash,str_replace,str_replace
deepswe-00877,success,execute_bash,file_editor.view,execute_bash,file_editor.view,file_editor.view,file_editor.view,execute_bash,file_editor.view
deepswe-00878,success,execute_bash,execute_bash,execute_bash,execute_bash,file_editor.view,file_editor.view,file_editor.view,file_editor.view
deepswe-00879,success,str_replace,execute_bash,execute_bash,execute_bash,execute_bash,file_editor.view,file_editor.view,file_editor.view
deepswe-00880,partial,execute_bash,execute_bash,execute_bash,execute_bash,file_editor.view,execute_bash,execute_bash,file_editor.view
deepswe-00881,success,execute_bash,execute_bash,execute_bash,execute_bash,file_editor.view,execute_bash,execute_bash,execute_bash
deepswe-00882,success,execute_bash,file_editor.view,execute_bash,execute_bash,execute_bash,execute_bash,execute_bash,execute_bash
deepswe-00883,success,execute_bash,execute_bash,file_editor.view,execute_bash,file_editor.view,file_editor.view,file_editor.view,file_editor.create
deepswe-00884,success,execute_bash,execute_bash,execute_bash,execute_bash,file_editor.view,execute_bash,file_editor.view,execute_bash
deepswe-00885,success,execute_bash,file_editor.view,file_editor.view,file_editor.view,search,search,search,file_editor.view
deepswe-00886,partial,execute_bash,execute_bash,execute_bash,execute_bash,file_editor.view,file_editor.view,file_editor.view,execute_bash
deepswe-00887,success,execute_bash,execute_bash,file_editor.view,file_editor.view,execute_bash,file_editor.view,file_editor.view,file_editor.view
deepswe-00888,partial,execute_bash,file_editor.view,execute_bash,execute_bash,file_editor.view,execute_bash,execute_bash,file_editor.view
deepswe-00889,success,execute_bash,execute_bash,execute_bash,file_editor.view,file_editor.view,file_editor.view,file_editor.view,file_editor.view
deepswe-00890,partial,str_replace,str_replace,execute_bash,execute_bash,str_replace,execute_bash,execute_bash,str_replace
deepswe-00891,success,str_replace,str_replace,execute_bash,execute_bash,execute_bash,str_replace,execute_bash,str_replace
deepswe-00892,success,execute_bash,file_editor.create,execute_bash,execute_bash,execute_bash,execute_bash,file_editor.view,execute_bash
deepswe-00893,success,execute_bash,execute_bash,file_editor.view,search,execute_bash,file_editor.view,execute_bash,file_editor.view
deepswe-00894,success,execute_bash,execute_bash,execute_bash,execute_bash,execute_bash,execute_bash,execute_bash,execute_bash
deepswe-00895,success,execute_bash,execute_bash,file_editor.view,execute_bash,file_editor.view,file_editor.view,execute_bash,execute_bash
deepswe-00896,success,execute_bash,execute_bash,file_editor.view,file_editor.create,execute_bash,file_editor.view,file_editor.view,execute_bash
deepswe-00897,success,str_replace,str_replace,execute_bash,execute_bash,execute_bash,str_replace,execute_bash,execute_bash
deepswe-00898,success,execute_bash,execute_bash,file_editor.view,execute_bash,file_editor.view,file_editor.view,file_editor.view,execute_bash
deepswe-00899,success,execute_bash,execute_bash,file_editor.create,execute_bash,execute_bash,execute_bash,execute_bash,execute_bash
deepswe-00900,success,execute_bash,execute_bash,file_editor.view,execute_bash,file_editor.view,file_editor.view,file_editor.view,file_editor.create
deepswe-00901,success,execute_bash,execute_bash,execute_bash,file_editor.view,execute_bash,file_editor.view,execute_bash,file_editor.view
deepswe-00902,success,execute_bash,execute_bash,execute_bash,execute_bash,file_editor.view,execute_bash,file_editor.view,file_editor.view
deepswe-00903,success,execute_bash,execute_bash,execute_bash,file_editor.view,file_editor.view,file_editor.view,file_editor.create,execute_bash
deepswe-00904,success,execute_bash,execute_bash,file_editor.view,file_editor.view,file_editor.create,execute_bash,execute_bash,execute_bash
deepswe-00905,success,execute_bash,execute_bash,file_editor.view,file_editor.view,file_editor.create,execute_bash,execute_bash,execute_bash
deepswe-00906,success,file_editor.view,execute_bash,execute_bash,file_editor.view,file_editor.view,file_editor.create,execute_bash,execute_bash
deepswe-00907,partial,execute_bash,execute_bash,execute_bash,execute_bash,file_editor.view,execute_bash,file_editor.view,file_editor.view
deepswe-00908,success,execute_bash,execute_bash,file_editor.view,execute_bash,file_editor.view,file_editor.view,file_editor.view,file_editor.create
deepswe-00909,success,execute_bash,execute_bash,execute_bash,execute_bash,file_editor.create,execute_bash,execute_bash,file_editor.view
deepswe-00910,success,execute_bash,execute_bash,execute_bash,execute_bash,file_editor.create,execute_bash,file_editor.view,file_editor.view
deepswe-00911,success,execute_bash,execute_bash,file_editor.view,file_editor.create,execute_bash,file_editor.view,file_editor.view,execute_bash
deepswe-00912,success,execute_bash,execute_bash,execute_bash,file_editor.view,file_editor.create,execute_bash,file_editor.view,execute_bash
deepswe-00913,success,execute_bash,file_editor.view,file_editor.view,file_editor.view,file_editor.create,execute_bash,execute_bash,execute_bash
deepswe-00914,success,execute_bash,execute_bash,execute_bash,execute_bash,file_editor.view,file_editor.create,execute_bash,file_editor.view
deepswe-00915,partial,execute_bash,execute_bash,execute_bash,file_editor.view,file_editor.view,file_editor.view,file_editor.view,file_editor.view
deepswe-00916,success,execute_bash,execute_bash,file_editor.view,file_editor.view,execute_bash,file_editor.view,file_editor.view,file_editor.view
deepswe-00917,success,execute_bash,execute_bash,file_editor.view,execute_bash,file_editor.view,file_editor.view,file_editor.view,file_editor.view
deepswe-00918,success,execute_bash,execute_bash,file_editor.view,execute_bash,file_editor.view,file_editor.create,execute_bash,execute_bash
deepswe-00919,success,execute_bash,execute_bash,execute_bash,execute_bash,execute_bash,execute_bash,execute_bash,execute_bash
deepswe-00920,success,execute_bash,execute_bash,file_editor.view,file_editor.view,file_editor.view,execute_bash,execute_bash,file_editor.create
deepswe-00921,partial,execute_bash,execute_bash,file_editor.view,file_editor.view,file_editor.view,execute_bash,file_editor.view,file_editor.create
deepswe-00922,partial,execute_bash,file_editor.view,file_editor.view,file_editor.view,execute_bash,execute_bash,file_editor.view,file_editor.view
deepswe-00923,success,execute_bash,file_editor.view,execute_bash,execute_bash,file_editor.create,execute_bash,execute_bash,execute_bash
deepswe-00924,success,execute_bash,file_editor.view,file_editor.view,execute_bash,file_editor.view,file_editor.view,file_editor.create,execute_bash
deepswe-00925,partial,execute_bash,execute_bash,file_editor.view,file_editor.create,execute_bash,file_editor.str_replace,execute_bash,file_editor.str_replace
deepswe-00926,success,execute_bash,file_editor.view,file_editor.view,file_editor.view,execute_bash,execute_bash,file_editor.create,execute_bash
deepswe-00927,success,execute_bash,execute_bash,file_editor.create,execute_bash,execute_bash,execute_bash,file_editor.view,execute_bash
deepswe-00928,partial,execute_bash,file_editor.view,file_editor.view,file_editor.create,execute_bash,execute_bash,execute_bash,execute_bash
deepswe-00929,success,execute_bash,execute_bash,execute_bash,execute_bash,file_editor.view,file_editor.view,execute_bash,file_editor.view
deepswe-00930,partial,execute_bash,file_editor.view,execute_bash,file_editor.view,execute_bash,file_editor.view,file_editor.view,execute_bash
deepswe-00931,success,execute_bash,execute_bash,file_editor.view,file_editor.view,file_editor.view,execute_bash,file_editor.view,file_editor.create
deepswe-00932,partial,execute_bash,file_editor.view,file_editor.view,file_editor.view,execute_bash,execute_bash,file_editor.create,execute_bash
deepswe-00933,success,file_editor.view,execute_bash,file_editor.view,file_editor.view,execute_bash,execute_bash,execute_bash,execute_bash
deepswe-00934,success,execute_bash,execute_bash,file_editor.view,file_editor.view,file_editor.view,file_editor.create,execute_bash,execute_bash
deepswe-00935,success,execute_bash,execute_bash,file_editor.view,file_editor.view,execute_bash,file_editor.view,file_editor.view,file_editor.create
deepswe-00936,success,execute_bash,file_editor.view,file_editor.view,execute_bash,file_editor.view,file_editor.view,execute_bash,execute_bash
deepswe-00937,success,execute_bash,execute_bash,file_editor.view,execute_bash,file_editor.view,file_editor.create,execute_bash,execute_bash
deepswe-00938,success,execute_bash,file_editor.view,file_editor.view,file_editor.view,file_editor.view,execute_bash,execute_bash,execute_bash
deepswe-00939,success,execute_bash,file_editor.view,file_editor.view,file_editor.create,execute_bash,execute_bash,execute_bash,execute_bash
deepswe-00940,success,execute_bash,execute_bash,execute_bash,file_editor.view,execute_bash,file_editor.view,execute_bash,file_editor.view
deepswe-00941,partial,execute_bash,file_editor.view,file_editor.create,file_editor.create,execute_bash,file_editor.create,execute_bash,execute_bash
deepswe-00942,success,execute_bash,search,file_editor.view,execute_bash,file_editor.view,file_editor.view,execute_bash,file_editor.view
deepswe-00943,success,execute_bash,file_editor.view,file_editor.view,file_editor.view,file_editor.create,execute_bash,file_editor.str_replace,execute_bash
deepswe-00944,success,execute_bash,execute_bash,file_editor.view,file_editor.view,file_editor.view,file_editor.view,execute_bash,execute_bash
deepswe-00945,success,execute_bash,file_editor.view,execute_bash,file_editor.view,file_editor.view,execute_bash,file_editor.view,execute_bash
deepswe-00946,success,execute_bash,file_editor.view,file_editor.create,execute_bash,execute_bash,file_editor.view,file_editor.view,execute_bash
deepswe-00947,success,execute_bash,execute_bash,file_editor.view,file_editor.view,file_editor.create,execute_bash,execute_bash,execute_bash
deepswe-00948,partial,execute_bash,execute_bash,execute_bash,execute_bash,file_editor.view,file_editor.create,execute_bash,execute_bash
deepswe-00949,success,file_editor.view,execute_bash,execute_bash,execute_bash,execute_bash,execute_bash,execute_bash,execute_bash
deepswe-00950,success,execute_bash,file_editor.view,execute_bash,file_editor.view,file_editor.view,execute_bash,file_editor.view,file_editor.create
deepswe-00951,success,execute_bash,execute_bash,file_editor.view,execute_bash,file_editor.view,file_editor.create,execute_bash,execute_bash
deepswe-00952,success,execute_bash,file_editor.view,file_editor.view,execute_bash,execute_bash,execute_bash,file_editor.view,file_editor.view
deepswe-00953,success,execute_bash,file_editor.view,file_editor.view,execute_bash,execute_bash,execute_bash,file_editor.view,execute_bash
deepswe-00954,success,execute_bash,file_editor.view,file_editor.view,file_editor.view,file_editor.view,execute_bash,file_editor.view,file_editor.create
deepswe-00955,success,execute_bash,file_editor.view,file_editor.view,execute_bash,file_editor.view,file_editor.create,execute_bash,str_replace
deepswe-00956,success,execute_bash,file_editor.view,search,file_editor.view,file_editor.view,file_editor.create,execute_bash,search
deepswe-00957,success,execute_bash,execute_bash,execute_bash,file_editor.view,file_editor.view,file_editor.view,file_editor.view,file_editor.view
deepswe-00958,success,execute_bash,execute_bash,execute_bash,file_editor.view,file_editor.view,file_editor.view,file_editor.view,file_editor.create
deepswe-00959,success,execute_bash,execute_bash,execute_bash,execute_bash,file_editor.view,search,file_editor.view,search
deepswe-00960,success,execute_bash,file_editor.view,execute_bash,execute_bash,file_editor.view,file_editor.create,file_editor.create,execute_bash
deepswe-00961,success,execute_bash,file_editor.create,execute_bash,execute_bash,file_editor.view,file_editor.view,execute_bash,file_editor.view
deepswe-00962,success,execute_bash,file_editor.view,file_editor.view,execute_bash,file_editor.view,execute_bash,execute_bash,file_editor.create
deepswe-00963,success,execute_bash,execute_bash,file_editor.view,file_editor.view,file_editor.view,file_editor.create,execute_bash,execute_bash
deepswe-00964,success,execute_bash,execute_bash,execute_bash,file_editor.view,execute_bash,execute_bash,file_editor.view,execute_bash
deepswe-00965,success,execute_bash,file_editor.view,file_editor.view,execute_bash,file_editor.view,file_editor.create,execute_bash,execute_bash
deepswe-00966,success,execute_bash,execute_bash,execute_bash,execute_bash,file_editor.view,file_editor.view,execute_bash,file_editor.view
deepswe-00967,partial,execute_bash,execute_bash,file_editor.view,file_editor.view,file_editor.create,file_editor.create,execute_bash,file_editor.create
deepswe-00968,success,execute_bash,file_editor.view,execute_bash,file_editor.view,file_editor.create,file_editor.create,execute_bash,file_editor.create
deepswe-00969,success,execute_bash,file_editor.view,file_editor.view,execute_bash,execute_bash,file_editor.create,file_editor.create,execute_bash
deepswe-00970,success,execute_bash,file_editor.view,execute_bash,file_editor.view,execute_bash,file_editor.view,execute_bash,file_editor.view
deepswe-00971,success,execute_bash,file_editor.view,file_editor.view,execute_bash,execute_bash,file_editor.create,execute_bash,file_editor.view
deepswe-00972,success,execute_bash,execute_bash,execute_bash,file_editor.view,execute_bash,file_editor.view,file_editor.view,file_editor.view
deepswe-00973,success,execute_bash,execute_bash,execute_bash,file_editor.view,file_editor.view,file_editor.view,execute_bash,file_editor.view
deepswe-00974,success,execute_bash,file_editor.view,file_editor.view,file_editor.view,file_editor.view,file_editor.view,file_editor.create,execute_bash
deepswe-00975,success,execute_bash,file_editor.view,file_editor.view,execute_bash,execute_bash,file_editor.view,file_editor.create,file_editor.create
deepswe-00976,partial,execute_bash,execute_bash,execute_bash,file_editor.view,execute_bash,execute_bash,execute_bash,file_editor.view
deepswe-00977,success,execute_bash,execute_bash,execute_bash,file_editor.view,file_editor.view,file_editor.view,file_editor.view,file_editor.view
deepswe-00978,success,execute_bash,file_editor.view,file_editor.view,file_editor.view,file_editor.view,file_editor.create,execute_bash,file_editor.view
deepswe-00979,success,search,file_editor.view,search,file_editor.view,file_editor.view,file_editor.create,execute_bash,search
deepswe-00980,success,execute_bash,execute_bash,execute_bash,execute_bash,execute_bash,file_editor.view,file_editor.view,execute_bash
deepswe-00981,success,execute_bash,execute_bash,execute_bash,execute_bash,execute_bash,execute_bash,file_editor.view,execute_bash
deepswe-00982,success,execute_bash,execute_bash,file_editor.view,file_editor.view,file_editor.view,execute_bash,execute_bash,file_editor.create
deepswe-00983,partial,execute_bash,search,file_editor.view,execute_bash,file_editor.view,file_editor.view,execute_bash,file_editor.view
deepswe-00984,success,execute_bash,file_editor.view,file_editor.create,execute_bash,execute_bash,execute_bash,execute_bash,file_editor.view
deepswe-00985,success,execute_bash,execute_bash,file_editor.view,file_editor.view,file_editor.create,execute_bash,file_editor.view,execute_bash
deepswe-00986,success,execute_bash,execute_bash,file_editor.view,file_editor.view,file_editor.view,execute_bash,file_editor.create,file_editor.create
deepswe-00987,partial,execute_bash,execute_bash,execute_bash,execute_bash,file_editor.create,execute_bash,execute_bash,file_editor.view
deepswe-00988,partial,execute_bash,file_editor.view,search,file_editor.view,file_editor.view,file_editor.view,file_editor.view,file_editor.create
deepswe-00989,success,file_editor.view,file_editor.view,file_editor.view,execute_bash,execute_bash,file_editor.view,execute_bash,execute_bash
deepswe-00990,success,execute_bash,execute_bash,file_editor.view,file_editor.view,file_editor.create,execute_bash,file_editor.view,execute_bash
deepswe-00991,success,execute_bash,execute_bash,file_editor.view,file_editor.view,execute_bash,execute_bash,execute_bash,execute_bash
deepswe-00992,success,execute_bash,execute_bash,file_editor.view,file_editor.view,execute_bash,file_editor.view,execute_bash,file_editor.view
deepswe-00993,success,execute_bash,file_editor.view,file_editor.view,file_editor.view,file_editor.view,file_editor.view,file_editor.view,file_editor.view
deepswe-00994,success,execute_bash,file_editor.view,file_editor.view,execute_bash,execute_bash,execute_bash,execute_bash,execute_bash
deepswe-00995,success,execute_bash,file_editor.view,file_editor.create,execute_bash,file_editor.view,execute_bash,execute_bash,file_editor.view
deepswe-00996,success,execute_bash,file_editor.view,file_editor.view,file_editor.view,execute_bash,file_editor.view,execute_bash,file_editor.view
deepswe-00997,success,execute_bash,execute_bash,execute_bash,execute_bash,execute_bash,execute_bash,execute_bash,file_editor.view
deepswe-00998,success,execute_bash,execute_bash,execute_bash,file_editor.view,execute_bash,file_editor.view,file_editor.view,execute_bash
deepswe-00999,success,execute_bash,file_editor.view,execute_bash,file_editor.view,file_editor.view,file_editor.create,execute_bash,execute_bash
deepswe-01000,success,execute_bash,file_editor.view,file_editor.view,execute_bash,file_editor.view,file_editor.view,file_editor.view,execute_bash
deepswe-01001,success,execute_bash,execute_bash,execute_bash,file_editor.view,file_editor.view,file_editor.view,file_editor.view,file_editor.view
deepswe-01002,partial,execute_bash,file_editor.view,file_editor.view,file_editor.view,execute_bash,execute_bash,execute_bash,execute_bash
deepswe-01003,success,execute_bash,file_editor.view,execute_bash,file_editor.view,execute_bash,file_editor.view,file_editor.create,execute_bash
deepswe-01004,partial,execute_bash,execute_bash,file_editor.view,execute_bash,execute_bash,file_editor.view,file_editor.view,execute_bash
deepswe-01005,partial,execute_bash,execute_bash,search,file_editor.view,execute_bash,file_editor.view,execute_bash,file_editor.create
deepswe-01006,partial,execute_bash,file_editor.view,file_editor.view,execute_bash,file_editor.view,file_editor.view,file_editor.create,execute_bash
deepswe-01007,success,execute_bash,execute_bash,file_editor.view,file_editor.view,execute_bash,file_editor.view,file_editor.create,execute_bash
deepswe-01008,success,execute_bash,file_editor.view,file_editor.view,execute_bash,file_editor.view,execute_bash,file_editor.view,file_editor.view
deepswe-01009,success,file_editor.view,file_editor.view,execute_bash,execute_bash,execute_bash,file_editor.view,file_editor.create,execute_bash
deepswe-01010,success,execute_bash,search,file_editor.view,search,file_editor.view,search,file_editor.view,search
deepswe-01011,success,execute_bash,execute_bash,execute_bash,file_editor.view,file_editor.view,execute_bash,file_editor.view,file_editor.view
deepswe-01012,success,execute_bash,file_editor.view,file_editor.view,execute_bash,file_editor.create,execute_bash,file_editor.view,file_editor.str_replace
deepswe-01013,success,execute_bash,execute_bash,file_editor.view,search,file_editor.view,search,file_editor.view,search
deepswe-01014,partial,execute_bash,file_editor.view,file_editor.view,execute_bash,file_editor.view,file_editor.create,execute_bash,file_editor.str_replace
deepswe-01015,partial,execute_bash,execute_bash,file_editor.view,execute_bash,execute_bash,execute_bash,file_editor.view,execute_bash
deepswe-01016,success,execute_bash,execute_bash,file_editor.view,execute_bash,file_editor.view,file_editor.view,execute_bash,file_editor.view
deepswe-01017,success,execute_bash,execute_bash,execute_bash,file_editor.view,execute_bash,file_editor.view,file_editor.view,file_editor.view
deepswe-01018,success,execute_bash,file_editor.view,file_editor.view,file_editor.view,file_editor.view,execute_bash,file_editor.create,execute_bash
deepswe-01019,success,execute_bash,execute_bash,execute_bash,execute_bash,execute_bash,execute_bash,execute_bash,execute_bash
deepswe-01020,success,execute_bash,file_editor.view,execute_bash,file_editor.view,file_editor.view,execute_bash,file_editor.create,execute_bash
deepswe-01021,success,execute_bash,file_editor.view,file_editor.view,file_editor.view,file_editor.view,file_editor.view,file_editor.view,execute_bash
deepswe-01022,partial,execute_bash,execute_bash,file_editor.view,file_editor.view,execute_bash,execute_bash,file_editor.view,file_editor.view
deepswe-01023,success,execute_bash,file_editor.view,execute_bash,file_editor.view,execute_bash,search,file_editor.view,execute_bash
deepswe-01024,success,execute_bash,execute_bash,file_editor.view,execute_bash,file_editor.view,file_editor.str_replace,file_editor.create,execute_bash
deepswe-01025,partial,(none),(none),(none),(none),(none),(none),(none),(none)
deepswe-01026,partial,execute_bash,file_editor.view,file_editor.view,execute_bash,execute_bash,file_editor.view,file_editor.view,file_editor.view
deepswe-01027,success,execute_bash,file_editor.view,execute_bash,execute_bash,execute_bash,execute_bash,execute_bash,execute_bash
deepswe-01028,partial,execute_bash,file_editor.view,file_editor.view,file_editor.view,execute_bash,file_editor.view,file_editor.create,execute_bash
deepswe-01029,partial,execute_bash,execute_bash,file_editor.view,file_editor.view,execute_bash,file_editor.view,file_editor.view,file_editor.view
deepswe-01030,success,execute_bash,execute_bash,execute_bash,execute_bash,file_editor.view,execute_bash,file_editor.view,file_editor.view
deepswe-01031,success,execute_bash,execute_bash,file_editor.view,execute_bash,file_editor.view,file_editor.view,file_editor.view,file_editor.create
deepswe-01032,partial,execute_bash,execute_bash,execute_bash,file_editor.view,file_editor.view,file_editor.view,file_editor.view,execute_bash
deepswe-01033,partial,execute_bash,file_editor.view,execute_bash,file_editor.view,execute_bash,file_editor.view,file_editor.create,execute_bash
deepswe-01034,success,execute_bash,file_editor.view,execute_bash,execute_bash,file_editor.view,file_editor.view,execute_bash,file_editor.view
deepswe-01035,success,execute_bash,execute_bash,execute_bash,file_editor.view,execute_bash,file_editor.view,file_editor.view,file_editor.view
deepswe-01036,success,execute_bash,execute_bash,execute_bash,execute_bash,file_editor.view,execute_bash,file_editor.view,execute_bash
deepswe-01037,success,execute_bash,execute_bash,file_editor.view,file_editor.view,file_editor.view,file_editor.view,file_editor.view,execute_bash
deepswe-01038,success,execute_bash,file_editor.view,file_editor.view,file_editor.view,execute_bash,file_editor.view,execute_bash,file_editor.view
deepswe-01039,success,execute_bash,execute_bash,execute_bash,execute_bash,file_editor.view,file_editor.create,execute_bash,file_editor.view
deepswe-01040,partial,execute_bash,execute_bash,file_editor.view,file_editor.view,file_editor.create,execute_bash,file_editor.view,execute_bash
deepswe-01041,success,execute_bash,execute_bash,execute_bash,file_editor.view,execute_bash,file_editor.view,file_editor.view,execute_bash
deepswe-01042,partial,execute_bash,execute_bash,file_editor.view,execute_bash,file_editor.view,file_editor.view,file_editor.view,execute_bash
deepswe-01043,partial,execute_bash,file_editor.create,execute_bash,execute_bash,execute_bash,execute_bash,execute_bash,execute_bash
deepswe-01044,success,execute_bash,execute_bash,file_editor.view,execute_bash,file_editor.view,file_editor.view,file_editor.create,execute_bash
deepswe-01045,success,execute_bash,file_editor.view,file_editor.create,execute_bash,execute_bash,execute_bash,file_editor.view,file_editor.view
deepswe-01046,success,execute_bash,file_editor.view,file_editor.view,file_editor.view,file_editor.view,file_editor.create,execute_bash,file_editor.str_replace
deepswe-01047,success,execute_bash,execute_bash,file_editor.create,execute_bash,execute_bash,file_editor.view,execute_bash,file_editor.view
deepswe-01048,success,execute_bash,execute_bash,execute_bash,execute_bash,file_editor.view,file_editor.view,execute_bash,execute_bash
deepswe-01049,success,execute_bash,file_editor.view,execute_bash,file_editor.view,file_editor.view,execute_bash,file_editor.view,file_editor.create
deepswe-01050,success,execute_bash,execute_bash,file_editor.view,execute_bash,file_editor.view,file_editor.create,execute_bash,file_editor.str_replace
deepswe-01051,success,execute_bash,execute_bash,file_editor.view,file_editor.view,file_editor.view,file_editor.view,file_editor.view,execute_bash
deepswe-01052,success,execute_bash,search,file_editor.view,file_editor.view,file_editor.view,execute_bash,file_editor.view,file_editor.view
deepswe-01053,partial,execute_bash,file_editor.view,execute_bash,file_editor.view,file_editor.view,execute_bash,file_editor.view,execute_bash
deepswe-01054,success,execute_bash,execute_bash,execute_bash,execute_bash,execute_bash,file_editor.view,file_editor.view,execute_bash
deepswe-01055,success,execute_bash,execute_bash,execute_bash,execute_bash,execute_bash,execute_bash,execute_bash,execute_bash
deepswe-01056,partial,execute_bash,file_editor.view,file_editor.view,file_editor.view,file_editor.view,file_editor.view,execute_bash,execute_bash
deepswe-01057,success,execute_bash,execute_bash,execute_bash,file_editor.view,execute_bash,execute_bash,execute_bash,file_editor.view
deepswe-01058,success,execute_bash,execute_bash,file_editor.view,file_editor.view,file_editor.create,execute_bash,file_editor.view,file_editor.view
deepswe-01059,success,execute_bash,file_editor.view,file_editor.create,execute_bash,file_editor.view,file_editor.view,execute_bash,execute_bash
deepswe-01060,success,execute_bash,execute_bash,execute_bash,file_editor.view,execute_bash,execute_bash,execute_bash,file_editor.view
deepswe-01061,success,execute_bash,execute_bash,file_editor.view,execute_bash,file_editor.view,execute_bash,file_editor.view,file_editor.create
deepswe-01062,success,execute_bash,execute_bash,file_editor.view,file_editor.view,file_editor.view,file_editor.create,execute_bash,file_editor.str_replace
deepswe-01063,success,execute_bash,file_editor.view,file_editor.create,execute_bash,file_editor.view,execute_bash,execute_bash,file_editor.view
deepswe-01064,success,execute_bash,execute_bash,execute_bash,execute_bash,file_editor.create,execute_bash,str_replace,execute_bash
deepswe-01065,success,execute_bash,execute_bash,file_editor.view,file_editor.view,file_editor.view,execute_bash,file_editor.view,file_editor.view
deepswe-01066,success,execute_bash,execute_bash,execute_bash,file_editor.view,file_editor.view,file_editor.view,execute_bash,file_editor.view
deepswe-01067,success,execute_bash,execute_bash,execute_bash,file_editor.view,file_editor.view,file_editor.view,file_editor.create,execute_bash
deepswe-01068,success,execute_bash,file_editor.view,file_editor.view,file_editor.create,execute_bash,file_editor.view,file_editor.view,execute_bash
deepswe-01069,success,execute_bash,file_editor.view,execute_bash,file_editor.view,file_editor.view,file_editor.view,file_editor.view,file_editor.view
deepswe-01070,success,execute_bash,execute_bash,execute_bash,execute_bash,file_editor.view,file_editor.view,file_editor.view,file_editor.create
deepswe-01071,partial,execute_bash,execute_bash,execute_bash,execute_bash,file_editor.view,execute_bash,file_editor.view,file_editor.view
deepswe-01072,success,execute_bash,file_editor.view,file_editor.view,execute_bash,file_editor.view,file_editor.create,execute_bash,execute_bash
deepswe-01073,success,execute_bash,file_editor.view,file_editor.view,file_editor.view,execute_bash,file_editor.view,file_editor.create,execute_bash
deepswe-01074,success,execute_bash,execute_bash,file_editor.view,file_editor.view,file_editor.view,file_editor.create,execute_bash,file_editor.view
deepswe-01075,success,execute_bash,execute_bash,file_editor.view,execute_bash,execute_bash,execute_bash,execute_bash,execute_bash
deepswe-01076,success,execute_bash,search,file_editor.view,file_editor.view,file_editor.create,execute_bash,file_editor.view,file_editor.view
deepswe-01077,success,execute_bash,file_editor.view,file_editor.view,file_editor.view,file_editor.view,file_editor.create,execute_bash,execute_bash
deepswe-01078,success,execute_bash,execute_bash,file_editor.view,file_editor.view,file_editor.view,execute_bash,execute_bash,execute_bash
deepswe-01079,partial,execute_bash,file_editor.view,file_editor.create,execute_bash,file_editor.view,execute_bash,execute_bash,file_editor.view
deepswe-01080,partial,execute_bash,execute_bash,execute_bash,execute_bash,file_editor.view,file_editor.view,execute_bash,file_editor.create
deepswe-01081,success,execute_bash,file_editor.view,file_editor.view,execute_bash,file_editor.view,execute_bash,file_editor.view,file_editor.create
deepswe-01082,success,execute_bash,execute_bash,file_editor.view,file_editor.create,execute_bash,execute_bash,file_editor.view,file_editor.view
deepswe-01083,success,execute_bash,file_editor.view,search,file_editor.view,search,file_editor.view,search,file_editor.view
deepswe-01084,success,execute_bash,file_editor.view,file_editor.view,file_editor.view,file_editor.view,file_editor.view,execute_bash,file_editor.view
deepswe-01085,partial,execute_bash,execute_bash,file_editor.view,execute_bash,file_editor.view,execute_bash,file_editor.view,file_editor.view
deepswe-01086,success,execute_bash,execute_bash,file_editor.view,file_editor.view,execute_bash,file_editor.view,execute_bash,file_editor.view
deepswe-01087,success,execute_bash,execute_bash,execute_bash,file_editor.view,file_editor.view,execute_bash,file_editor.view,file_editor.create
deepswe-01088,success,execute_bash,execute_bash,execute_bash,file_editor.view,execute_bash,file_editor.view,file_editor.view,execute_bash
deepswe-01089,success,execute_bash,execute_bash,file_editor.view,file_editor.view,file_editor.view,execute_bash,file_editor.create,execute_bash
deepswe-01090,partial,execute_bash,file_editor.view,file_editor.view,execute_bash,file_editor.create,execute_bash,execute_bash,file_editor.view
deepswe-01091,partial,execute_bash,file_editor.view,execute_bash,file_editor.view,file_editor.view,file_editor.view,file_editor.create,execute_bash
deepswe-01092,success,execute_bash,file_editor.view,execute_bash,execute_bash,execute_bash,execute_bash,execute_bash,execute_bash
deepswe-01093,success,execute_bash,execute_bash,file_editor.view,file_editor.view,file_editor.view,execute_bash,execute_bash,file_editor.create
deepswe-01094,success,execute_bash,execute_bash,execute_bash,file_editor.view,file_editor.view,execute_bash,file_editor.view,execute_bash
deepswe-01095,success,execute_bash,file_editor.view,file_editor.view,file_editor.view,file_editor.view,file_editor.view,file_editor.view,file_editor.view
deepswe-01096,success,execute_bash,file_editor.view,file_editor.view,file_editor.view,execute_bash,file_editor.view,execute_bash,execute_bash
deepswe-01097,success,execute_bash,execute_bash,file_editor.view,execute_bash,file_editor.view,file_editor.view,execute_bash,file_editor.view
deepswe-01098,success,execute_bash,file_editor.view,file_editor.view,file_editor.view,execute_bash,file_editor.view,file_editor.view,file_editor.create
deepswe-01099,success,execute_bash,file_editor.view,execute_bash,execute_bash,execute_bash,execute_bash,execute_bash,execute_bash
deepswe-01100,partial,execute_bash,execute_bash,file_editor.view,execute_bash,execute_bash,file_editor.view,file_editor.create,execute_bash
deepswe-01101,success,execute_bash,execute_bash,file_editor.view,file_editor.view,execute_bash,execute_bash,execute_bash,file_editor.view
deepswe-01102,success,execute_bash,file_editor.view,file_editor.view,file_editor.create,execute_bash,execute_bash,execute_bash,execute_bash
deepswe-01103,success,execute_bash,execute_bash,file_editor.view,execute_bash,file_editor.view,file_editor.create,execute_bash,file_editor.view
deepswe-01104,success,execute_bash,execute_bash,execute_bash,file_editor.view,file_editor.view,file_editor.view,execute_bash,file_editor.view
deepswe-01105,success,execute_bash,execute_bash,file_editor.view,execute_bash,file_editor.view,execute_bash,file_editor.create,execute_bash
deepswe-01106,success,execute_bash,file_editor.view,file_editor.view,file_editor.view,file_editor.view,file_editor.view,file_editor.create,execute_bash
deepswe-01107,success,execute_bash,file_editor.view,file_editor.view,file_editor.view,execute_bash,file_editor.view,execute_bash,execute_bash
deepswe-01108,success,execute_bash,file_editor.view,file_editor.view,file_editor.view,file_editor.view,file_editor.view,file_editor.view,file_editor.view
deepswe-01109,success,execute_bash,file_editor.view,file_editor.view,execute_bash,execute_bash,execute_bash,execute_bash,execute_bash
deepswe-01110,success,execute_bash,file_editor.view,file_editor.view,file_editor.view,file_editor.view,file_editor.create,execute_bash,file_editor.view
deepswe-01111,success,execute_bash,execute_bash,execute_bash,file_editor.view,execute_bash,file_editor.view,execute_bash,file_editor.view
deepswe-01112,partial,execute_bash,execute_bash,file_editor.create,execute_bash,execute_bash,execute_bash,execute_bash,file_editor.view
deepswe-01113,success,execute_bash,execute_bash,file_editor.create,execute_bash,execute_bash,file_editor.view,file_editor.view,execute_bash
deepswe-01114,success,execute_bash,file_editor.view,file_editor.view,execute_bash,execute_bash,execute_bash,execute_bash,execute_bash
deepswe-01115,success,execute_bash,file_editor.view,execute_bash,file_editor.view,execute_bash,file_editor.view,file_editor.create,execute_bash
deepswe-01116,success,execute_bash,file_editor.view,file_editor.view,file_editor.create,execute_bash,execute_bash,execute_bash,execute_bash
deepswe-01117,partial,execute_bash,execute_bash,execute_bash,execute_bash,execute_bash,execute_bash,execute_bash,file_editor.view
deepswe-01118,success,execute_bash,execute_bash,execute_bash,execute_bash,execute_bash,execute_bash,execute_bash,file_editor.view
deepswe-01119,success,execute_bash,file_editor.view,file_editor.view,execute_bash,file_editor.create,execute_bash,execute_bash,execute_bash
deepswe-01120,success,execute_bash,file_editor.view,file_editor.view,execute_bash,execute_bash,execute_bash,execute_bash,file_editor.view
deepswe-01121,success,execute_bash,execute_bash,file_editor.view,execute_bash,file_editor.view,file_editor.view,file_editor.view,execute_bash
deepswe-01122,success,execute_bash,execute_bash,file_editor.view,execute_bash,execute_bash,execute_bash,execute_bash,file_editor.create
deepswe-01123,success,execute_bash,execute_bash,execute_bash,execute_bash,file_editor.view,execute_bash,file_editor.view,file_editor.view
deepswe-01124,partial,execute_bash,execute_bash,file_editor.view,file_editor.view,execute_bash,execute_bash,file_editor.view,execute_bash
deepswe-01125,success,execute_bash,execute_bash,execute_bash,file_editor.create,execute_bash,file_editor.view,execute_bash,execute_bash
deepswe-01126,success,execute_bash,execute_bash,execute_bash,execute_bash,file_editor.view,file_editor.view,file_editor.view,execute_bash
deepswe-01127,success,execute_bash,execute_bash,execute_bash,execute_bash,execute_bash,execute_bash,search,file_editor.view
deepswe-01128,success,execute_bash,execute_bash,file_editor.view,file_editor.view,execute_bash,file_editor.view,file_editor.view,file_editor.view
deepswe-01129,success,execute_bash,execute_bash,execute_bash,execute_bash,search,file_editor.view,execute_bash,file_editor.view
deepswe-01130,partial,execute_bash,execute_bash,execute_bash,execute_bash,file_editor.view,file_editor.view,file_editor.view,file_editor.view
deepswe-01131,partial,execute_bash,execute_bash,execute_bash,execute_bash,execute_bash,execute_bash,execute_bash,file_editor.view
deepswe-01132,success,execute_bash,file_editor.view,file_editor.view,file_editor.view,file_editor.view,execute_bash,execute_bash,execute_bash
deepswe-01133,partial,execute_bash,execute_bash,execute_bash,file_editor.view,execute_bash,file_editor.view,file_editor.view,file_editor.view
deepswe-01134,success,execute_bash,file_editor.view,file_editor.view,execute_bash,file_editor.view,execute_bash,file_editor.view,file_editor.view
deepswe-01135,success,execute_bash,file_editor.view,file_editor.view,execute_bash,execute_bash,file_editor.view,file_editor.view,file_editor.view
deepswe-01136,success,execute_bash,file_editor.view,file_editor.view,file_editor.view,execute_bash,file_editor.create,execute_bash,execute_bash
deepswe-01137,success,execute_bash,execute_bash,execute_bash,file_editor.view,execute_bash,file_editor.view,file_editor.view,execute_bash
deepswe-01138,partial,execute_bash,execute_bash,execute_bash,execute_bash,execute_bash,file_editor.view,search,search
deepswe-01139,success,execute_bash,file_editor.view,file_editor.view,file_editor.view,execute_bash,file_editor.view,file_editor.view,file_editor.view
deepswe-01140,success,execute_bash,file_editor.view,file_editor.view,execute_bash,execute_bash,file_editor.view,file_editor.view,execute_bash
deepswe-01141,partial,execute_bash,file_editor.view,execute_bash,file_editor.view,file_editor.create,execute_bash,execute_bash,file_editor.view
deepswe-01142,success,execute_bash,file_editor.view,file_editor.create,execute_bash,file_editor.view,execute_bash,execute_bash,execute_bash
deepswe-01143,success,execute_bash,execute_bash,execute_bash,file_editor.view,file_editor.view,execute_bash,file_editor.view,file_editor.view
deepswe-01144,success,execute_bash,file_editor.view,file_editor.view,file_editor.view,execute_bash,file_editor.view,execute_bash,file_editor.view
deepswe-01145,success,execute_bash,execute_bash,execute_bash,execute_bash,execute_bash,execute_bash,execute_bash,execute_bash
deepswe-01146,success,execute_bash,execute_bash,file_editor.create,execute_bash,file_editor.view,execute_bash,file_editor.view,execute_bash
deepswe-01147,success,execute_bash,execute_bash,execute_bash,file_editor.view,execute_bash,execute_bash,file_editor.view,file_editor.view
deepswe-01148,success,execute_bash,execute_bash,file_editor.view,file_editor.view,file_editor.view,file_editor.view,file_editor.view,file_editor.view
deepswe-01149,success,execute_bash,execute_bash,file_editor.view,file_editor.view,file_editor.create,execute_bash,file_editor.view,execute_bash
deepswe-01150,partial,execute_bash,file_editor.view,file_editor.view,execute_bash,file_editor.view,file_editor.view,file_editor.view,execute_bash
deepswe-01151,success,execute_bash,file_editor.view,file_editor.view,execute_bash,execute_bash,file_editor.view,file_editor.view,execute_bash
deepswe-01152,success,execute_bash,execute_bash,execute_bash,execute_bash,file_editor.view,file_editor.view,execute_bash,execute_bash
deepswe-01153,partial,execute_bash,file_editor.view,file_editor.view,execute_bash,execute_bash,execute_bash,file_editor.view,file_editor.view
deepswe-01154,success,execute_bash,execute_bash,execute_bash,file_editor.view,execute_bash,file_editor.view,execute_bash,file_editor.view
deepswe-01155,success,execute_bash,file_editor.view,file_editor.view,file_editor.view,file_editor.create,execute_bash,file_editor.view,execute_bash
deepswe-01156,partial,execute_bash,file_editor.view,execute_bash,file_editor.view,file_editor.view,file_editor.create,execute_bash,file_editor.view
deepswe-01157,success,execute_bash,execute_bash,file_editor.view,file_editor.view,file_editor.create,execute_bash,execute_bash,execute_bash
deepswe-01158,success,execute_bash,file_editor.view,execute_bash,execute_bash,execute_bash,file_editor.create,execute_bash,execute_bash
deepswe-01159,partial,execute_bash,execute_bash,execute_bash,execute_bash,file_editor.view,execute_bash,file_editor.view,execute_bash
deepswe-01160,success,execute_bash,execute_bash,execute_bash,execute_bash,execute_bash,execute_bash,execute_bash,file_editor.view
deepswe-01161,success,execute_bash,search,file_editor.view,file_editor.view,file_editor.view,file_editor.view,file_editor.view,execute_bash
deepswe-01162,success,execute_bash,file_editor.view,file_editor.view,file_editor.view,file_editor.view,file_editor.view,file_editor.view,execute_bash
deepswe-01163,partial,execute_bash,file_editor.view,execute_bash,file_editor.view,execute_bash,file_editor.view,file_editor.view,execute_bash
deepswe-01164,success,execute_bash,file_editor.view,file_editor.view,execute_bash,file_editor.view,file_editor.create,execute_bash,file_editor.str_replace
deepswe-01165,success,execute_bash,file_editor.view,execute_bash,execute_bash,execute_bash,execute_bash,execute_bash,file_editor.view
deepswe-01166,success,execute_bash,file_editor.view,execute_bash,execute_bash,file_editor.view,execute_bash,execute_bash,execute_bash
deepswe-01167,success,execute_bash,execute_bash,file_editor.view,file_editor.view,execute_bash,execute_bash,execute_bash,file_editor.view
deepswe-01168,partial,execute_bash,file_editor.view,execute_bash,file_editor.view,file_editor.create,execute_bash,execute_bash,file_editor.view
deepswe-01169,success,execute_bash,execute_bash,file_editor.view,file_editor.view,file_editor.view,execute_bash,file_editor.view,execute_bash
deepswe-01170,success,execute_bash,execute_bash,execute_bash,file_editor.view,file_editor.view,file_editor.create,execute_bash,file_editor.view
deepswe-01171,success,execute_bash,file_editor.view,file_editor.create,execute_bash,file_editor.view,execute_bash,execute_bash,file_editor.view
deepswe-01172,success,execute_bash,file_editor.view,file_editor.view,file_editor.view,execute_bash,execute_bash,file_editor.create,execute_bash
deepswe-01173,success,execute_bash,file_editor.view,file_editor.view,file_editor.view,file_editor.view,execute_bash,file_editor.create,execute_bash
deepswe-01174,success,execute_bash,file_editor.view,file_editor.view,execute_bash,file_editor.view,execute_bash,execute_bash,file_editor.view
deepswe-01175,partial,execute_bash,execute_bash,file_editor.view,execute_bash,file_editor.view,file_editor.view,file_editor.view,file_editor.create
deepswe-01176,success,execute_bash,execute_bash,execute_bash,file_editor.view,file_editor.view,execute_bash,file_editor.view,execute_bash
deepswe-01177,success,execute_bash,execute_bash,file_editor.view,execute_bash,execute_bash,execute_bash,file_editor.create,execute_bash
deepswe-01178,success,execute_bash,execute_bash,file_editor.view,file_editor.view,execute_bash,file_editor.view,file_editor.view,execute_bash
deepswe-01179,success,execute_bash,execute_bash,file_editor.view,file_editor.view,execute_bash,execute_bash,file_editor.view,file_editor.view
deepswe-01180,partial,execute_bash,execute_bash,file_editor.view,file_editor.create,execute_bash,execute_bash,execute_bash,execute_bash
deepswe-01181,success,execute_bash,file_editor.view,execute_bash,file_editor.view,file_editor.view,file_editor.create,execute_bash,execute_bash
deepswe-01182,success,execute_bash,execute_bash,file_editor.view,execute_bash,execute_bash,file_editor.view,file_editor.view,file_editor.view
deepswe-01183,partial,execute_bash,execute_bash,execute_bash,execute_bash,execute_bash,file_editor.view,file_editor.view,execute_bash
deepswe-01184,success,execute_bash,execute_bash,file_editor.view,execute_bash,execute_bash,execute_bash,execute_bash,file_editor.view
deepswe-01185,success,execute_bash,execute_bash,file_editor.view,file_editor.view,file_editor.view,file_editor.create,execute_bash,file_editor.view
deepswe-01186,success,execute_bash,execute_bash,file_editor.view,file_editor.view,execute_bash,file_editor.create,execute_bash,file_editor.str_replace
deepswe-01187,success,execute_bash,file_editor.view,search,file_editor.view,file_editor.create,execute_bash,execute_bash,execute_bash
deepswe-01188,success,execute_bash,execute_bash,execute_bash,execute_bash,execute_bash,execute_bash,execute_bash,execute_bash
deepswe-01189,success,execute_bash,execute_bash,file_editor.view,execute_bash,execute_bash,execute_bash,execute_bash,file_editor.view
deepswe-01190,success,execute_bash,file_editor.view,file_editor.view,file_editor.view,execute_bash,execute_bash,file_editor.view,execute_bash
deepswe-01191,partial,execute_bash,file_editor.view,execute_bash,execute_bash,file_editor.view,file_editor.view,execute_bash,file_editor.view
deepswe-01192,success,execute_bash,execute_bash,execute_bash,execute_bash,file_editor.view,file_editor.view,file_editor.view,file_editor.view
deepswe-01193,success,execute_bash,file_editor.view,file_editor.view,execute_bash,file_editor.view,file_editor.create,execute_bash,execute_bash
deepswe-01194,success,execute_bash,execute_bash,file_editor.view,file_editor.view,execute_bash,file_editor.view,file_editor.view,execute_bash
deepswe-01195,success,execute_bash,execute_bash,file_editor.view,file_editor.create,execute_bash,execute_bash,file_editor.view,execute_bash
deepswe-01196,success,execute_bash,execute_bash,execute_bash,file_editor.view,file_editor.view,file_editor.view,file_editor.view,file_editor.view
deepswe-01197,success,execute_bash,file_editor.view,file_editor.view,execute_bash,file_editor.view,execute_bash,execute_bash,file_editor.create
deepswe-01198,partial,execute_bash,file_editor.view,file_editor.view,file_editor.create,execute_bash,execute_bash,execute_bash,file_editor.view
deepswe-01199,success,execute_bash,file_editor.view,execute_bash,file_editor.view,execute_bash,execute_bash,file_editor.view,execute_bash
deepswe-01200,success,execute_bash,execute_bash,execute_bash,execute_bash,file_editor.view,file_editor.view,execute_bash,file_editor.view
deepswe-01201,success,execute_bash,file_editor.view,execute_bash,execute_bash,execute_bash,execute_bash,file_editor.view,file_editor.create
deepswe-01202,success,execute_bash,execute_bash,file_editor.view,file_editor.create,execute_bash,execute_bash,file_editor.view,file_editor.str_replace
deepswe-01203,success,execute_bash,file_editor.view,file_editor.view,execute_bash,file_editor.view,file_editor.view,execute_bash,file_editor.view
deepswe-01204,success,file_editor.view,file_editor.view,execute_bash,execute_bash,execute_bash,execute_bash,execute_bash,execute_bash
deepswe-01205,partial,execute_bash,file_editor.view,file_editor.view,execute_bash,file_editor.view,execute_bash,execute_bash,execute_bash
deepswe-01206,partial,execute_bash,execute_bash,file_editor.create,execute_bash,execute_bash,file_editor.view,file_editor.str_replace,execute_bash
deepswe-01207,success,execute_bash,file_editor.view,execute_bash,execute_bash,file_editor.view,file_editor.create,execute_bash,execute_bash
deepswe-01208,partial,execute_bash,file_editor.view,file_editor.view,file_editor.create,execute_bash,execute_bash,execute_bash,execute_bash
deepswe-01209,partial,execute_bash,execute_bash,file_editor.view,execute_bash,file_editor.create,execute_bash,file_editor.view,execute_bash
deepswe-01210,partial,execute_bash,execute_bash,execute_bash,file_editor.view,file_editor.view,file_editor.view,file_editor.view,file_editor.create
deepswe-01211,success,execute_bash,file_editor.view,file_editor.view,file_editor.view,file_editor.view,file_editor.view,execute_bash,execute_bash
deepswe-01212,success,execute_bash,execute_bash,file_editor.view,execute_bash,execute_bash,execute_bash,file_editor.view,file_editor.view
deepswe-01213,success,execute_bash,file_editor.view,file_editor.view,file_editor.view,file_editor.create,execute_bash,execute_bash,execute_bash
deepswe-01214,partial,execute_bash,execute_bash,execute_bash,file_editor.view,file_editor.create,execute_bash,file_editor.view,execute_bash
deepswe-01215,success,execute_bash,file_editor.view,file_editor.view,execute_bash,file_editor.view,file_editor.view,execute_bash,file_editor.create
deepswe-01216,success,execute_bash,execute_bash,execute_bash,file_editor.view,execute_bash,file_editor.view,file_editor.view,file_editor.view
deepswe-01217,success,execute_bash,execute_bash,execute_bash,file_editor.view,file_editor.view,file_editor.view,file_editor.view,file_editor.view
deepswe-01218,success,file_editor.view,file_editor.view,file_editor.view,execute_bash,execute_bash,file_editor.view,execute_bash,file_editor.view
deepswe-01219,success,execute_bash,file_editor.view,file_editor.create,execute_bash,execute_bash,execute_bash,execute_bash,file_editor.view
deepswe-01220,success,execute_bash,execute_bash,file_editor.view,file_editor.create,execute_bash,file_editor.view,execute_bash,execute_bash
deepswe-01221,success,execute_bash,file_editor.view,file_editor.create,execute_bash,execute_bash,execute_bash,execute_bash,execute_bash
deepswe-01222,success,execute_bash,execute_bash,execute_bash,file_editor.view,file_editor.create,execute_bash,file_editor.view,file_editor.view
deepswe-01223,success,execute_bash,execute_bash,execute_bash,execute_bash,file_editor.view,file_editor.create,execute_bash,file_editor.view
deepswe-01224,success,execute_bash,execute_bash,file_editor.view,file_editor.view,execute_bash,execute_bash,execute_bash,file_editor.view
deepswe-01225,success,execute_bash,execute_bash,execute_bash,execute_bash,execute_bash,file_editor.view,file_editor.view,file_editor.create
deepswe-01226,partial,execute_bash,execute_bash,execute_bash,execute_bash,file_editor.view,file_editor.create,execute_bash,execute_bash
deepswe-01227,success,execute_bash,file_editor.view,file_editor.view,file_editor.view,file_editor.create,execute_bash,file_editor.view,file_editor.view
deepswe-01228,success,execute_bash,file_editor.view,file_editor.view,execute_bash,file_editor.view,execute_bash,execute_bash,file_editor.view
deepswe-01229,success,execute_bash,execute_bash,execute_bash,execute_bash,execute_bash,execute_bash,execute_bash,execute_bash
deepswe-01230,partial,execute_bash,execute_bash,execute_bash,file_editor.create,execute_bash,execute_bash,execute_bash,execute_bash
deepswe-01231,partial,execute_bash,execute_bash,execute_bash,execute_bash,execute_bash,execute_bash,execute_bash,file_editor.view
deepswe-01232,success,execute_bash,execute_bash,execute_bash,file_editor.create,execute_bash,execute_bash,execute_bash,file_editor.view
deepswe-01233,partial,execute_bash,execute_bash,file_editor.view,execute_bash,file_editor.view,execute_bash,execute_bash,file_editor.view
deepswe-01234,success,execute_bash,execute_bash,execute_bash,execute_bash,execute_bash,execute_bash,execute_bash,execute_bash
deepswe-01235,success,execute_bash,execute_bash,execute_bash,execute_bash,file_editor.view,execute_bash,file_editor.view,file_editor.view
deepswe-01236,success,execute_bash,execute_bash,execute_bash,execute_bash,execute_bash,execute_bash,execute_bash,execute_bash
deepswe-01237,partial,execute_bash,file_editor.view,file_editor.view,file_editor.view,file_editor.view,execute_bash,file_editor.view,execute_bash
deepswe-01238,success,execute_bash,execute_bash,execute_bash,execute_bash,execute_bash,execute_bash,execute_bash,file_editor.view
deepswe-01239,success,execute_bash,execute_bash,execute_bash,file_editor.create,execute_bash,file_editor.str_replace,execute_bash,execute_bash
deepswe-01240,partial,execute_bash,execute_bash,file_editor.view,execute_bash,file_editor.view,file_editor.view,execute_bash,execute_bash
deepswe-01241,success,execute_bash,file_editor.view,file_editor.create,execute_bash,file_editor.view,execute_bash,file_editor.view,execute_bash
deepswe-01242,success,execute_bash,execute_bash,execute_bash,execute_bash,execute_bash,file_editor.view,execute_bash,file_editor.view
deepswe-01243,partial,execute_bash,execute_bash,file_editor.view,file_editor.view,file_editor.view,file_editor.create,execute_bash,file_editor.str_replace
deepswe-01244,partial,execute_bash,execute_bash,execute_bash,execute_bash,execute_bash,file_editor.view,execute_bash,execute_bash
deepswe-01245,success,execute_bash,execute_bash,file_editor.view,execute_bash,file_editor.view,file_editor.create,execute_bash,file_editor.str_replace
deepswe-01246,success,execute_bash,execute_bash,execute_bash,file_editor.view,file_editor.view,execute_bash,file_editor.view,file_editor.view
deepswe-01247,partial,execute_bash,execute_bash,execute_bash,execute_bash,execute_bash,execute_bash,execute_bash,execute_bash
deepswe-01248,partial,execute_bash,execute_bash,execute_bash,file_editor.view,file_editor.view,file_editor.view,file_editor.create,execute_bash
deepswe-01249,success,execute_bash,file_editor.view,file_editor.create,execute_bash,execute_bash,file_editor.view,file_editor.view,execute_bash
deepswe-01250,success,execute_bash,file_editor.view,file_editor.view,execute_bash,file_editor.view,file_editor.create,execute_bash,execute_bash
deepswe-01251,partial,execute_bash,execute_bash,file_editor.view,file_editor.create,execute_bash,execute_bash,execute_bash,file_editor.view
deepswe-01252,success,file_editor.view,file_editor.view,file_editor.view,file_editor.create,execute_bash,execute_bash,file_editor.view,execute_bash
deepswe-01253,success,execute_bash,execute_bash,execute_bash,execute_bash,file_editor.view,file_editor.view,file_editor.view,execute_bash
deepswe-01254,success,execute_bash,file_editor.view,file_editor.create,execute_bash,file_editor.view,file_editor.view,execute_bash,execute_bash
deepswe-01255,success,execute_bash,file_editor.create,execute_bash,execute_bash,file_editor.view,execute_bash,file_editor.view,execute_bash
deepswe-01256,success,execute_bash,file_editor.view,file_editor.view,execute_bash,file_editor.create,execute_bash,execute_bash,file_editor.str_replace
deepswe-01257,partial,execute_bash,execute_bash,file_editor.view,file_editor.view,file_editor.create,execute_bash,execute_bash,execute_bash
deepswe-01258,success,execute_bash,execute_bash,execute_bash,file_editor.view,file_editor.view,file_editor.view,file_editor.create,execute_bash
deepswe-01259,success,execute_bash,execute_bash,file_editor.view,execute_bash,file_editor.view,file_editor.create,execute_bash,execute_bash
deepswe-01260,success,execute_bash,execute_bash,file_editor.create,execute_bash,execute_bash,execute_bash,execute_bash,execute_bash
deepswe-01261,success,execute_bash,execute_bash,file_editor.view,execute_bash,file_editor.view,execute_bash,execute_bash,execute_bash
deepswe-01262,partial,execute_bash,execute_bash,execute_bash,file_editor.view,file_editor.create,execute_bash,file_editor.view,file_editor.view
deepswe-01263,success,execute_bash,execute_bash,execute_bash,execute_bash,execute_bash,file_editor.view,file_editor.view,file_editor.view
deepswe-01264,success,execute_bash,execute_bash,file_editor.view,file_editor.create,execute_bash,execute_bash,file_editor.view,execute_bash
deepswe-01265,partial,execute_bash,execute_bash,execute_bash,execute_bash,execute_bash,execute_bash,file_editor.view,execute_bash
deepswe-01266,success,execute_bash,execute_bash,execute_bash,execute_bash,execute_bash,execute_bash,file_editor.view,file_editor.view
deepswe-01267,success,execute_bash,file_editor.view,file_editor.create,execute_bash,file_editor.view,execute_bash,file_editor.view,execute_bash
deepswe-01268,partial,execute_bash,file_editor.view,file_editor.create,execute_bash,execute_bash,file_editor.view,execute_bash,file_editor.view
deepswe-01269,partial,execute_bash,file_editor.create,execute_bash,execute_bash,file_editor.view,file_editor.view,execute_bash,file_editor.view
deepswe-01270,success,execute_bash,execute_bash,file_editor.view,execute_bash,file_editor.view,execute_bash,file_editor.view,file_editor.create
deepswe-01271,partial,execute_bash,file_editor.view,file_editor.view,file_editor.view,search,file_editor.view,file_editor.view,file_editor.create
deepswe-01272,success,execute_bash,execute_bash,execute_bash,execute_bash,execute_bash,file_editor.view,execute_bash,execute_bash
deepswe-01273,success,file_editor.view,execute_bash,file_editor.view,execute_bash,file_editor.view,file_editor.view,file_editor.view,file_editor.create
deepswe-01274,partial,execute_bash,file_editor.view,file_editor.view,execute_bash,execute_bash,file_editor.view,file_editor.view,execute_bash
deepswe-01275,success,execute_bash,execute_bash,execute_bash,file_editor.view,execute_bash,file_editor.view,file_editor.view,file_editor.view
deepswe-01276,success,execute_bash,execute_bash,file_editor.view,file_editor.create,execute_bash,file_editor.view,execute_bash,file_editor.view
deepswe-01277,success,execute_bash,execute_bash,file_editor.view,file_editor.view,execute_bash,execute_bash,file_editor.view,file_editor.create
deepswe-01278,success,execute_bash,execute_bash,file_editor.view,search,file_editor.view,search,execute_bash,execute_bash
deepswe-01279,success,execute_bash,execute_bash,file_editor.view,file_editor.view,file_editor.view,execute_bash,execute_bash,execute_bash
deepswe-01280,success,execute_bash,execute_bash,file_editor.view,execute_bash,file_editor.view,file_editor.view,file_editor.view,file_editor.create
deepswe-01281,success,execute_bash,file_editor.create,execute_bash,file_editor.view,file_editor.view,execute_bash,file_editor.view,file_editor.view
deepswe-01282,success,execute_bash,file_editor.view,file_editor.view,file_editor.view,execute_bash,file_editor.view,execute_bash,execute_bash
deepswe-01283,partial,execute_bash,file_editor.view,file_editor.view,execute_bash,execute_bash,execute_bash,file_editor.view,execute_bash
deepswe-01284,success,execute_bash,file_editor.view,file_editor.view,file_editor.view,file_editor.create,execute_bash,execute_bash,execute_bash
deepswe-01285,partial,execute_bash,execute_bash,execute_bash,file_editor.view,file_editor.view,execute_bash,file_editor.view,execute_bash
deepswe-01286,success,execute_bash,execute_bash,execute_bash,execute_bash,execute_bash,execute_bash,file_editor.view,file_editor.create
deepswe-01287,partial,execute_bash,execute_bash,execute_bash,file_editor.view,file_editor.view,execute_bash,file_editor.create,execute_bash
deepswe-01288,partial,execute_bash,execute_bash,execute_bash,file_editor.view,file_editor.view,file_editor.view,file_editor.view,execute_bash
deepswe-01289,success,execute_bash,search,file_editor.view,execute_bash,file_editor.view,execute_bash,execute_bash,file_editor.create
deepswe-01290,success,execute_bash,file_editor.view,file_editor.view,file_editor.view,file_editor.view,file_editor.create,execute_bash,execute_bash
deepswe-01291,success,execute_bash,execute_bash,file_editor.view,execute_bash,file_editor.view,file_editor.view,execute_bash,file_editor.view
deepswe-01292,partial,execute_bash,execute_bash,execute_bash,file_editor.view,file_editor.create,execute_bash,execute_bash,execute_bash
deepswe-01293,success,execute_bash,execute_bash,execute_bash,execute_bash,execute_bash,execute_bash,execute_bash,execute_bash
deepswe-01294,success,execute_bash,execute_bash,file_editor.view,file_editor.view,file_editor.view,file_editor.view,file_editor.create,execute_bash
deepswe-01295,success,file_editor.view,file_editor.create,execute_bash,execute_bash,execute_bash,file_editor.view,execute_bash,file_editor.view
deepswe-01296,partial,file_editor.view,execute_bash,execute_bash,file_editor.view,execute_bash,file_editor.view,execute_bash,file_editor.view
deepswe-01297,partial,execute_bash,file_editor.view,execute_bash,execute_bash,execute_bash,execute_bash,execute_bash,file_editor.view
deepswe-01298,partial,execute_bash,execute_bash,execute_bash,execute_bash,execute_bash,file_editor.view,execute_bash,execute_bash
deepswe-01299,success,execute_bash,execute_bash,file_editor.view,file_editor.create,execute_bash,file_editor.str_replace,execute_bash,execute_bash
deepswe-01300,success,file_editor.view,file_editor.create,execute_bash,execute_bash,execute_bash,execute_bash,execute_bash,execute_bash
deepswe-01301,partial,execute_bash,execute_bash,execute_bash,execute_bash,file_editor.view,file_editor.view,file_editor.create,execute_bash
deepswe-01302,success,execute_bash,execute_bash,execute_bash,file_editor.view,execute_bash,file_editor.view,file_editor.view,file_editor.create
deepswe-01303,success,execute_bash,execute_bash,file_editor.view,file_editor.view,execute_bash,file_editor.view,execute_bash,file_editor.view
deepswe-01304,success,execute_bash,execute_bash,file_editor.view,file_editor.create,execute_bash,file_editor.view,file_editor.str_replace,execute_bash
deepswe-01305,success,execute_bash,execute_bash,execute_bash,execute_bash,execute_bash,execute_bash,file_editor.view,file_editor.view
deepswe-01306,partial,file_editor.view,file_editor.create,execute_bash,execute_bash,execute_bash,execute_bash,execute_bash,file_editor.view
deepswe-01307,success,execute_bash,file_editor.view,file_editor.view,execute_bash,file_editor.view,execute_bash,file_editor.view,execute_bash
deepswe-01308,success,execute_bash,file_editor.view,execute_bash,execute_bash,execute_bash,file_editor.view,execute_bash,file_editor.view
deepswe-01309,success,execute_bash,execute_bash,execute_bash,file_editor.view,file_editor.view,file_editor.view,file_editor.view,execute_bash
deepswe-01310,success,execute_bash,execute_bash,file_editor.view,file_editor.view,file_editor.view,execute_bash,execute_bash,execute_bash
deepswe-01311,success,execute_bash,execute_bash,file_editor.view,file_editor.create,execute_bash,execute_bash,execute_bash,file_editor.view
deepswe-01312,success,execute_bash,file_editor.view,file_editor.view,file_editor.view,execute_bash,execute_bash,file_editor.view,execute_bash
deepswe-01313,success,execute_bash,execute_bash,execute_bash,file_editor.view,file_editor.view,execute_bash,execute_bash,file_editor.view
deepswe-01314,success,execute_bash,execute_bash,file_editor.view,execute_bash,execute_bash,file_editor.view,file_editor.view,file_editor.view
deepswe-01315,success,execute_bash,execute_bash,execute_bash,execute_bash,file_editor.view,execute_bash,file_editor.view,file_editor.view
deepswe-01316,success,execute_bash,execute_bash,execute_bash,execute_bash,execute_bash,file_editor.create,execute_bash,execute_bash
deepswe-01317,success,execute_bash,execute_bash,file_editor.view,execute_bash,file_editor.view,execute_bash,file_editor.view,file_editor.view
deepswe-01318,partial,execute_bash,execute_bash,execute_bash,file_editor.view,execute_bash,file_editor.view,execute_bash,execute_bash
deepswe-01319,success,execute_bash,execute_bash,execute_bash,file_editor.view,file_editor.view,execute_bash,execute_bash,execute_bash
deepswe-01320,partial,execute_bash,file_editor.view,file_editor.view,file_editor.view,file_editor.view,execute_bash,file_editor.create,execute_bash
deepswe-01321,partial,execute_bash,file_editor.view,file_editor.view,execute_bash,file_editor.view,execute_bash,file_editor.view,execute_bash
deepswe-01322,partial,execute_bash,execute_bash,file_editor.view,file_editor.create,execute_bash,file_editor.str_replace,execute_bash,file_editor.str_replace
deepswe-01323,success,execute_bash,execute_bash,execute_bash,execute_bash,execute_bash,execute_bash,file_editor.view,execute_bash
deepswe-01324,success,execute_bash,file_editor.view,file_editor.create,execute_bash,file_editor.view,file_editor.view,execute_bash,file_editor.view
deepswe-01325,success,execute_bash,execute_bash,execute_bash,file_editor.create,execute_bash,execute_bash,execute_bash,file_editor.view
deepswe-01326,success,execute_bash,execute_bash,execute_bash,execute_bash,execute_bash,execute_bash,execute_bash,file_editor.view
deepswe-01327,success,execute_bash,file_editor.view,file_editor.view,execute_bash,file_editor.view,file_editor.view,file_editor.create,execute_bash
deepswe-01328,success,execute_bash,execute_bash,file_editor.view,execute_bash,file_editor.view,file_editor.view,file_editor.view,file_editor.create
deepswe-01329,partial,execute_bash,execute_bash,execute_bash,execute_bash,execute_bash,file_editor.view,file_editor.create,execute_bash
deepswe-01330,partial,execute_bash,file_editor.view,file_editor.view,file_editor.create,execute_bash,file_editor.view,execute_bash,execute_bash
deepswe-01331,success,execute_bash,file_editor.view,file_editor.view,file_editor.view,file_editor.view,execute_bash,execute_bash,file_editor.create
deepswe-01332,partial,execute_bash,file_editor.view,file_editor.view,file_editor.create,execute_bash,execute_bash,file_editor.view,execute_bash
deepswe-01333,success,execute_bash,file_editor.view,file_editor.create,execute_bash,file_editor.view,file_editor.view,execute_bash,file_editor.view
deepswe-01334,partial,execute_bash,execute_bash,file_editor.view,file_editor.view,execute_bash,execute_bash,file_editor.view,file_editor.create
deepswe-01335,success,execute_bash,execute_bash,file_editor.view,file_editor.view,file_editor.create,execute_bash,execute_bash,execute_bash
deepswe-01336,success,execute_bash,execute_bash,execute_bash,file_editor.create,execute_bash,file_editor.str_replace,execute_bash,execute_bash
deepswe-01337,success,execute_bash,file_editor.view,file_editor.create,execute_bash,file_editor.view,file_editor.view,execute_bash,file_editor.view
deepswe-01338,partial,execute_bash,file_editor.view,file_editor.create,execute_bash,file_editor.view,execute_bash,file_editor.view,execute_bash
deepswe-01339,partial,execute_bash,execute_bash,file_editor.view,file_editor.view,search,file_editor.view,file_editor.create,execute_bash
deepswe-01340,success,execute_bash,file_editor.view,execute_bash,execute_bash,file_editor.view,file_editor.create,execute_bash,file_editor.view
deepswe-01341,success,execute_bash,file_editor.create,execute_bash,execute_bash,execute_bash,file_editor.view,file_editor.view,execute_bash
deepswe-01342,partial,execute_bash,execute_bash,execute_bash,file_editor.view,execute_bash,execute_bash,execute_bash,execute_bash
deepswe-01343,partial,execute_bash,file_editor.view,file_editor.create,execute_bash,file_editor.view,execute_bash,file_editor.view,execute_bash
deepswe-01344,success,execute_bash,execute_bash,file_editor.create,execute_bash,execute_bash,file_editor.view,file_editor.view,file_editor.view
deepswe-01345,success,execute_bash,execute_bash,file_editor.view,file_editor.view,file_editor.view,file_editor.view,file_editor.create,execute_bash
deepswe-01346,success,execute_bash,file_editor.view,file_editor.view,execute_bash,execute_bash,file_editor.view,execute_bash,execute_bash
deepswe-01347,success,execute_bash,execute_bash,execute_bash,file_editor.create,execute_bash,execute_bash,execute_bash,execute_bash
deepswe-01348,success,execute_bash,execute_bash,file_editor.create,execute_bash,execute_bash,file_editor.view,execute_bash,file_editor.view
deepswe-01349,success,execute_bash,file_editor.view,file_editor.view,execute_bash,file_editor.view,file_editor.create,execute_bash,execute_bash
deepswe-01350,success,execute_bash,file_editor.view,file_editor.view,execute_bash,file_editor.view,file_editor.create,execute_bash,execute_bash
deepswe-01351,success,execute_bash,execute_bash,execute_bash,execute_bash,file_editor.view,file_editor.view,file_editor.view,file_editor.view
deepswe-01352,success,execute_bash,file_editor.view,file_editor.view,execute_bash,file_editor.view,file_editor.create,execute_bash,file_editor.str_replace
deepswe-01353,success,execute_bash,file_editor.view,file_editor.view,execute_bash,file_editor.view,execute_bash,file_editor.view,file_editor.view
deepswe-01354,success,execute_bash,file_editor.create,execute_bash,file_editor.view,execute_bash,file_editor.view,file_editor.view,execute_bash
deepswe-01355,success,execute_bash,file_editor.view,file_editor.create,execute_bash,file_editor.str_replace,file_editor.str_replace,execute_bash,file_editor.view
deepswe-01356,success,execute_bash,file_editor.view,execute_bash,execute_bash,execute_bash,file_editor.view,execute_bash,execute_bash
deepswe-01357,partial,execute_bash,execute_bash,file_editor.view,file_editor.view,file_editor.view,file_editor.view,file_editor.create,execute_bash
deepswe-01358,success,execute_bash,file_editor.view,execute_bash,file_editor.view,execute_bash,execute_bash,file_editor.create,execute_bash
deepswe-01359,success,execute_bash,execute_bash,file_editor.view,file_editor.view,file_editor.view,file_editor.view,file_editor.view,file_editor.view
deepswe-01360,success,execute_bash,execute_bash,file_editor.view,execute_bash,file_editor.view,file_editor.view,execute_bash,file_editor.view
deepswe-01361,success,execute_bash,file_editor.view,file_editor.create,execute_bash,file_editor.view,file_editor.view,execute_bash,execute_bash
deepswe-01362,success,execute_bash,execute_bash,file_editor.view,file_editor.view,file_editor.create,execute_bash,execute_bash,file_editor.view
deepswe-01363,success,execute_bash,execute_bash,execute_bash,execute_bash,file_editor.view,file_editor.view,execute_bash,file_editor.create
deepswe-01364,success,file_editor.view,execute_bash,file_editor.view,execute_bash,file_editor.create,execute_bash,file_editor.view,execute_bash
deepswe-01365,success,execute_bash,file_editor.view,file_editor.view,file_editor.create,execute_bash,execute_bash,file_editor.view,file_editor.view
deepswe-01366,success,execute_bash,execute_bash,file_editor.view,execute_bash,file_editor.view,file_editor.view,file_editor.create,execute_bash
deepswe-01367,partial,execute_bash,execute_bash,execute_bash,execute_bash,execute_bash,file_editor.view,file_editor.view,file_editor.view
deepswe-01368,success,execute_bash,file_editor.view,file_editor.view,file_editor.create,execute_bash,search,file_editor.view,search
deepswe-01369,success,execute_bash,execute_bash,file_editor.view,execute_bash,file_editor.view,file_editor.view,execute_bash,file_editor.view
deepswe-01370,success,execute_bash,file_editor.view,execute_bash,file_editor.view,execute_bash,execute_bash,file_editor.create,execute_bash
deepswe-01371,partial,execute_bash,file_editor.view,file_editor.view,execute_bash,file_editor.view,execute_bash,execute_bash,file_editor.create
deepswe-01372,partial,execute_bash,file_editor.create,execute_bash,execute_bash,execute_bash,execute_bash,execute_bash,execute_bash
deepswe-01373,success,execute_bash,file_editor.view,file_editor.view,file_editor.create,execute_bash,execute_bash,file_editor.view,file_editor.view
deepswe-01374,success,file_editor.view,execute_bash,file_editor.view,execute_bash,execute_bash,execute_bash,file_editor.create,execute_bash
deepswe-01375,success,file_editor.view,file_editor.view,file_editor.view,file_editor.view,file_editor.view,file_editor.create,execute_bash,execute_bash
deepswe-01376,success,execute_bash,execute_bash,execute_bash,file_editor.view,file_editor.view,file_editor.create,execute_bash,execute_bash
deepswe-01377,success,execute_bash,execute_bash,file_editor.view,execute_bash,execute_bash,file_editor.view,file_editor.create,execute_bash
deepswe-01378,success,execute_bash,execute_bash,execute_bash,file_editor.view,execute_bash,execute_bash,file_editor.view,execute_bash
deepswe-01379,success,execute_bash,execute_bash,execute_bash,execute_bash,file_editor.view,file_editor.view,file_editor.view,file_editor.create
deepswe-01380,success,execute_bash,file_editor.view,file_editor.create,execute_bash,file_editor.view,execute_bash,file_editor.view,execute_bash
deepswe-01381,success,execute_bash,file_editor.view,file_editor.create,execute_bash,execute_bash,execute_bash,file_editor.view,execute_bash
deepswe-01382,success,execute_bash,execute_bash,file_editor.view,file_editor.view,file_editor.view,execute_bash,file_editor.view,file_editor.create
deepswe-01383,success,execute_bash,execute_bash,execute_bash,file_editor.view,file_editor.view,execute_bash,file_editor.view,execute_bash
deepswe-01384,success,execute_bash,execute_bash,file_editor.view,file_editor.view,file_editor.view,search,search,file_editor.view
deepswe-01385,partial,execute_bash,file_editor.view,file_editor.view,file_editor.view,file_editor.view,file_editor.view,execute_bash,file_editor.view
deepswe-01386,success,execute_bash,file_editor.view,file_editor.create,execute_bash,execute_bash,file_editor.view,file_editor.view,execute_bash
deepswe-01387,success,execute_bash,execute_bash,file_editor.view,file_editor.view,file_editor.view,file_editor.view,file_editor.create,execute_bash
deepswe-01388,success,execute_bash,execute_bash,execute_bash,execute_bash,execute_bash,file_editor.view,execute_bash,execute_bash
deepswe-01389,success,execute_bash,file_editor.view,file_editor.create,execute_bash,file_editor.str_replace,file_editor.str_replace,execute_bash,file_editor.view
deepswe-01390,partial,execute_bash,file_editor.view,file_editor.view,execute_bash,file_editor.view,file_editor.view,file_editor.create,execute_bash
deepswe-01391,success,execute_bash,file_editor.view,file_editor.view,file_editor.view,execute_bash,file_editor.view,file_editor.create,execute_bash
deepswe-01392,success,execute_bash,file_editor.view,file_editor.view,file_editor.view,file_editor.view,execute_bash,execute_bash,execute_bash
deepswe-01393,success,execute_bash,file_editor.view,file_editor.view,execute_bash,file_editor.view,file_editor.create,execute_bash,execute_bash
deepswe-01394,success,execute_bash,execute_bash,execute_bash,file_editor.view,execute_bash,execute_bash,file_editor.view,file_editor.view
deepswe-01395,success,execute_bash,execute_bash,execute_bash,execute_bash,file_editor.view,file_editor.create,execute_bash,execute_bash
deepswe-01396,success,execute_bash,execute_bash,search,file_editor.view,execute_bash,file_editor.view,execute_bash,execute_bash
deepswe-01397,success,execute_bash,execute_bash,execute_bash,execute_bash,execute_bash,execute_bash,execute_bash,execute_bash
deepswe-01398,partial,execute_bash,execute_bash,execute_bash,file_editor.view,file_editor.create,execute_bash,execute_bash,file_editor.view
deepswe-01399,success,file_editor.view,file_editor.create,execute_bash,execute_bash,file_editor.view,execute_bash,file_editor.view,execute_bash
deepswe-01400,success,execute_bash,execute_bash,execute_bash,file_editor.view,file_editor.create,execute_bash,search,execute_bash
deepswe-01401,partial,execute_bash,execute_bash,file_editor.view,file_editor.view,file_editor.view,execute_bash,execute_bash,execute_bash
deepswe-01402,partial,execute_bash,file_editor.view,file_editor.create,execute_bash,file_editor.view,file_editor.view,execute_bash,execute_bash
deepswe-01403,success,execute_bash,execute_bash,file_editor.view,file_editor.create,execute_bash,file_editor.view,file_editor.view,execute_bash
deepswe-01404,success,execute_bash,execute_bash,execute_bash,file_editor.view,file_editor.view,execute_bash,file_editor.view,file_editor.view
deepswe-01405,success,execute_bash,execute_bash,file_editor.view,execute_bash,file_editor.view,file_editor.view,file_editor.create,execute_bash
deepswe-01406,success,execute_bash,file_editor.view,file_editor.create,execute_bash,file_editor.view,file_editor.view,execute_bash,file_editor.view
deepswe-01407,success,execute_bash,execute_bash,file_editor.view,file_editor.view,file_editor.view,file_editor.create,execute_bash,file_editor.view
deepswe-01408,partial,execute_bash,execute_bash,file_editor.view,file_editor.view,file_editor.view,file_editor.create,execute_bash,execute_bash
deepswe-01409,success,execute_bash,file_editor.view,file_editor.view,file_editor.create,execute_bash,file_editor.view,execute_bash,execute_bash
deepswe-01410,success,execute_bash,execute_bash,file_editor.create,execute_bash,file_editor.str_replace,file_editor.str_replace,execute_bash,file_editor.str_replace
deepswe-01411,success,execute_bash,execute_bash,file_editor.view,file_editor.view,execute_bash,file_editor.view,file_editor.create,execute_bash
deepswe-01412,partial,file_editor.view,file_editor.create,execute_bash,execute_bash,file_editor.view,file_editor.view,execute_bash,file_editor.view
deepswe-01413,success,execute_bash,execute_bash,file_editor.view,file_editor.create,execute_bash,execute_bash,file_editor.view,execute_bash
deepswe-01414,partial,execute_bash,execute_bash,execute_bash,execute_bash,file_editor.view,file_editor.view,execute_bash,execute_bash
deepswe-01415,success,execute_bash,file_editor.view,file_editor.create,execute_bash,execute_bash,execute_bash,file_editor.view,execute_bash
deepswe-01416,success,execute_bash,execute_bash,file_editor.view,file_editor.view,file_editor.view,file_editor.view,execute_bash,file_editor.view
deepswe-01417,partial,execute_bash,execute_bash,file_editor.view,file_editor.view,file_editor.view,file_editor.view,file_editor.view,file_editor.view
deepswe-01418,partial,execute_bash,file_editor.view,file_editor.create,execute_bash,execute_bash,file_editor.view,execute_bash,execute_bash
deepswe-01419,success,execute_bash,execute_bash,execute_bash,file_editor.view,file_editor.view,search,file_editor.view,file_editor.view
deepswe-01420,success,file_editor.view,file_editor.create,execute_bash,execute_bash,execute_bash,file_editor.view,file_editor.view,execute_bash
deepswe-01421,success,execute_bash,execute_bash,file_editor.view,file_editor.view,execute_bash,file_editor.view,file_editor.view,execute_bash
deepswe-01422,partial,execute_bash,search,file_editor.view,file_editor.view,file_editor.view,file_editor.create,execute_bash,execute_bash
deepswe-01423,success,execute_bash,execute_bash,file_editor.view,file_editor.view,file_editor.view,execute_bash,execute_bash,execute_bash
deepswe-01424,partial,execute_bash,execute_bash,file_editor.view,execute_bash,execute_bash,execute_bash,file_editor.view,file_editor.create
deepswe-01425,partial,execute_bash,execute_bash,file_editor.view,file_editor.view,execute_bash,file_editor.view,file_editor.view,execute_bash
deepswe-01426,success,execute_bash,execute_bash,execute_bash,file_editor.view,file_editor.view,file_editor.view,file_editor.view,file_editor.view
deepswe-01427,success,execute_bash,file_editor.view,file_editor.view,execute_bash,execute_bash,execute_bash,file_editor.view,execute_bash
deepswe-01428,success,file_editor.view,file_editor.create,execute_bash,execute_bash,file_editor.str_replace,execute_bash,execute_bash,execute_bash
deepswe-01429,partial,file_editor.view,execute_bash,file_editor.view,execute_bash,file_editor.view,file_editor.view,execute_bash,file_editor.view
deepswe-01430,success,execute_bash,execute_bash,execute_bash,execute_bash,file_editor.view,execute_bash,file_editor.view,execute_bash
deepswe-01431,partial,execute_bash,execute_bash,file_editor.view,file_editor.view,file_editor.view,file_editor.view,file_editor.view,file_editor.view
deepswe-01432,success,execute_bash,execute_bash,execute_bash,execute_bash,execute_bash,execute_bash,file_editor.view,file_editor.view
deepswe-01433,success,execute_bash,execute_bash,execute_bash,file_editor.view,file_editor.view,file_editor.view,file_editor.view,execute_bash
deepswe-01434,success,execute_bash,execute_bash,execute_bash,execute_bash,file_editor.view,file_editor.view,file_editor.view,execute_bash
deepswe-01435,success,execute_bash,execute_bash,execute_bash,file_editor.view,file_editor.view,execute_bash,file_editor.view,execute_bash
deepswe-01436,success,execute_bash,execute_bash,execute_bash,execute_bash,execute_bash,execute_bash,execute_bash,execute_bash
deepswe-01437,success,execute_bash,execute_bash,file_editor.view,file_editor.view,execute_bash,file_editor.create,execute_bash,execute_bash
deepswe-01438,success,execute_bash,execute_bash,execute_bash,execute_bash,file_editor.view,file_editor.view,file_editor.view,file_editor.create
deepswe-01439,success,execute_bash,execute_bash,file_editor.view,file_editor.view,file_editor.view,execute_bash,file_editor.view,file_editor.create
deepswe-01440,success,execute_bash,execute_bash,file_editor.view,file_editor.create,execute_bash,file_editor.view,file_editor.view,execute_bash
deepswe-01441,partial,execute_bash,file_editor.view,file_editor.create,execute_bash,execute_bash,file_editor.view,execute_bash,execute_bash
deepswe-01442,success,execute_bash,file_editor.view,file_editor.create,execute_bash,execute_bash,file_editor.view,execute_bash,file_editor.view
deepswe-01443,success,execute_bash,execute_bash,file_editor.view,file_editor.view,file_editor.view,execute_bash,file_editor.view,file_editor.create
deepswe-01444,success,execute_bash,execute_bash,execute_bash,execute_bash,execute_bash,file_editor.view,execute_bash,execute_bash
deepswe-01445,success,execute_bash,execute_bash,execute_bash,execute_bash,file_editor.view,execute_bash,execute_bash,execute_bash
deepswe-01446,partial,execute_bash,file_editor.view,file_editor.create,execute_bash,execute_bash,file_editor.view,file_editor.view,execute_bash
deepswe-01447,success,execute_bash,file_editor.view,file_editor.create,execute_bash,execute_bash,file_editor.view,execute_bash,execute_bash
deepswe-01448,success,execute_bash,file_editor.view,execute_bash,execute_bash,file_editor.view,execute_bash,execute_bash,execute_bash
deepswe-01449,success,execute_bash,file_editor.view,file_editor.view,execute_bash,file_editor.view,execute_bash,file_editor.create,execute_bash
deepswe-01450,success,execute_bash,execute_bash,file_editor.view,file_editor.create,file_editor.create,execute_bash,file_editor.create,execute_bash
deepswe-01451,success,execute_bash,execute_bash,execute_bash,file_editor.view,file_editor.view,execute_bash,file_editor.view,file_editor.view
deepswe-01452,success,execute_bash,execute_bash,file_editor.create,execute_bash,execute_bash,execute_bash,file_editor.view,file_editor.view
deepswe-01453,success,execute_bash,file_editor.view,file_editor.create,execute_bash,file_editor.view,file_editor.view,execute_bash,file_editor.view
deepswe-01454,success,execute_bash,execute_bash,execute_bash,file_editor.view,execute_bash,execute_bash,file_editor.view,file_editor.view
deepswe-01455,success,execute_bash,file_editor.view,file_editor.create,execute_bash,execute_bash,file_editor.view,execute_bash,file_editor.view
deepswe-01456,partial,execute_bash,file_editor.view,file_editor.view,file_editor.view,file_editor.view,execute_bash,execute_bash,file_editor.create
deepswe-01457,success,execute_bash,execute_bash,file_editor.view,execute_bash,execute_bash,execute_bash,execute_bash,file_editor.view
deepswe-01458,partial,execute_bash,execute_bash,execute_bash,execute_bash,file_editor.view,file_editor.view,file_editor.create,execute_bash
deepswe-01459,success,execute_bash,execute_bash,execute_bash,file_editor.view,file_editor.view,execute_bash,file_editor.view,file_editor.view
deepswe-01460,partial,execute_bash,file_editor.view,file_editor.view,file_editor.create,execute_bash,execute_bash,execute_bash,file_editor.create
deepswe-01461,partial,execute_bash,file_editor.create,execute_bash,file_editor.view,search,execute_bash,execute_bash,file_editor.view
deepswe-01462,success,execute_bash,file_editor.view,file_editor.view,file_editor.view,execute_bash,file_editor.create,execute_bash,file_editor.create
deepswe-01463,success,execute_bash,execute_bash,file_editor.view,file_editor.create,execute_bash,execute_bash,file_editor.view,execute_bash
deepswe-01464,success,execute_bash,execute_bash,execute_bash,execute_bash,execute_bash,execute_bash,execute_bash,execute_bash
deepswe-01465,success,execute_bash,file_editor.view,execute_bash,execute_bash,file_editor.view,file_editor.view,file_editor.create,execute_bash
deepswe-01466,success,execute_bash,execute_bash,file_editor.view,file_editor.create,execute_bash,file_editor.str_replace,execute_bash,execute_bash
deepswe-01467,success,execute_bash,execute_bash,file_editor.view,file_editor.view,execute_bash,execute_bash,file_editor.create,execute_bash
deepswe-01468,success,file_editor.view,execute_bash,execute_bash,execute_bash,file_editor.view,execute_bash,file_editor.view,execute_bash
deepswe-01469,partial,execute_bash,execute_bash,execute_bash,file_editor.view,execute_bash,execute_bash,execute_bash,file_editor.view
deepswe-01470,success,execute_bash,execute_bash,execute_bash,execute_bash,execute_bash,file_editor.view,file_editor.view,execute_bash
deepswe-01471,success,execute_bash,execute_bash,execute_bash,execute_bash,file_editor.view,file_editor.view,execute_bash,execute_bash
deepswe-01472,success,execute_bash,execute_bash,file_editor.view,execute_bash,file_editor.view,file_editor.view,execute_bash,execute_bash
deepswe-01473,success,execute_bash,execute_bash,file_editor.view,execute_bash,execute_bash,execute_bash,file_editor.create,execute_bash
deepswe-01474,success,file_editor.view,execute_bash,execute_bash,execute_bash,execute_bash,execute_bash,execute_bash,execute_bash
deepswe-01475,success,execute_bash,execute_bash,execute_bash,execute_bash,execute_bash,execute_bash,file_editor.view,file_editor.view
deepswe-01476,success,execute_bash,execute_bash,file_editor.view,execute_bash,file_editor.view,execute_bash,file_editor.view,file_editor.view
deepswe-01477,success,execute_bash,execute_bash,execute_bash,execute_bash,execute_bash,execute_bash,execute_bash,execute_bash
deepswe-01478,partial,execute_bash,execute_bash,execute_bash,file_editor.view,execute_bash,file_editor.view,execute_bash,execute_bash
deepswe-01479,success,execute_bash,file_editor.view,execute_bash,file_editor.view,file_editor.view,file_editor.view,file_editor.create,execute_bash
deepswe-01480,success,execute_bash,execute_bash,file_editor.view,file_editor.view,execute_bash,file_editor.create,execute_bash,file_editor.view
deepswe-01481,success,file_editor.view,execute_bash,execute_bash,execute_bash,file_editor.view,file_editor.view,execute_bash,file_editor.view
deepswe-01482,partial,execute_bash,execute_bash,file_editor.view,file_editor.view,file_editor.view,file_editor.create,execute_bash,file_editor.view
deepswe-01483,partial,execute_bash,file_editor.view,file_editor.view,file_editor.view,file_editor.view,file_editor.view,file_editor.view,execute_bash
deepswe-01484,partial,execute_bash,file_editor.view,file_editor.view,file_editor.view,execute_bash,execute_bash,execute_bash,execute_bash
deepswe-01485,partial,execute_bash,execute_bash,file_editor.view,file_editor.view,execute_bash,file_editor.view,execute_bash,execute_bash
deepswe-01486,success,execute_bash,execute_bash,file_editor.view,file_editor.view,file_editor.view,file_editor.view,file_editor.create,execute_bash
deepswe-01487,partial,file_editor.view,file_editor.create,execute_bash,execute_bash,execute_bash,execute_bash,file_editor.view,execute_bash
deepswe-01488,partial,execute_bash,file_editor.view,execute_bash,execute_bash,file_editor.view,file_editor.view,execute_bash,execute_bash
deepswe-01489,success,execute_bash,execute_bash,file_editor.view,execute_bash,file_editor.view,file_editor.view,execute_bash,file_editor.view
deepswe-01490,success,execute_bash,execute_bash,execute_bash,file_editor.view,execute_bash,file_editor.view,file_editor.view,execute_bash
deepswe-01491,success,execute_bash,file_editor.view,execute_bash,file_editor.view,execute_bash,file_editor.view,execute_bash,execute_bash
deepswe-01492,partial,execute_bash,execute_bash,execute_bash,execute_bash,execute_bash,file_editor.view,file_editor.view,execute_bash
deepswe-01493,success,execute_bash,execute_bash,file_editor.view,file_editor.view,file_editor.view,execute_bash,file_editor.view,execute_bash
deepswe-01494,success,execute_bash,execute_bash,execute_bash,execute_bash,file_editor.view,file_editor.view,execute_bash,execute_bash
deepswe-01495,success,execute_bash,execute_bash,file_editor.view,file_editor.view,file_editor.view,execute_bash,file_editor.create,execute_bash
deepswe-01496,success,execute_bash,file_editor.view,execute_bash,file_editor.view,file_editor.view,execute_bash,execute_bash,file_editor.create
deepswe-01497,partial,execute_bash,file_editor.view,execute_bash,execute_bash,execute_bash,execute_bash,execute_bash,execute_bash
deepswe-01498,partial,execute_bash,execute_bash,file_editor.view,file_editor.view,execute_bash,file_editor.view,file_editor.view,execute_bash
deepswe-01499,success,execute_bash,execute_bash,execute_bash,file_editor.view,file_editor.view,file_editor.view,file_editor.view,file_editor.view
deepswe-01500,success,execute_bash,execute_bash,execute_bash,execute_bash,execute_bash,file_editor.view,file_editor.view,file_editor.view
deepswe-01501,success,execute_bash,file_editor.view,file_editor.view,file_editor.view,execute_bash,execute_bash,execute_bash,file_editor.view
deepswe-01502,success,execute_bash,execute_bash,file_editor.view,execute_bash,file_editor.view,file_editor.view,execute_bash,file_editor.view
deepswe-01503,success,execute_bash,file_editor.view,file_editor.view,execute_bash,execute_bash,file_editor.create,execute_bash,file_editor.str_replace
deepswe-01504,success,execute_bash,execute_bash,execute_bash,execute_bash,execute_bash,file_editor.view,file_editor.view,execute_bash
deepswe-01505,success,execute_bash,execute_bash,execute_bash,file_editor.view,execute_bash,file_editor.view,execute_bash,execute_bash
deepswe-01506,success,execute_bash,execute_bash,file_editor.view,file_editor.view,file_editor.create,execute_bash,file_editor.str_replace,execute_bash
deepswe-01507,success,execute_bash,file_editor.view,file_editor.view,search,execute_bash,file_editor.view,search,search
deepswe-01508,success,execute_bash,file_editor.view,file_editor.view,execute_bash,file_editor.create,file_editor.str_replace,execute_bash,file_editor.str_replace
deepswe-01509,success,execute_bash,file_editor.view,file_editor.view,execute_bash,file_editor.view,execute_bash,file_editor.create,execute_bash
deepswe-01510,success,execute_bash,execute_bash,execute_bash,execute_bash,execute_bash,file_editor.view,execute_bash,execute_bash
deepswe-01511,success,execute_bash,file_editor.view,file_editor.view,file_editor.view,file_editor.view,file_editor.view,file_editor.create,execute_bash
deepswe-01512,partial,search,file_editor.view,execute_bash,file_editor.view,file_editor.view,execute_bash,file_editor.view,execute_bash
deepswe-01513,partial,execute_bash,execute_bash,file_editor.view,execute_bash,file_editor.view,execute_bash,file_editor.view,file_editor.view
deepswe-01514,success,file_editor.view,execute_bash,execute_bash,file_editor.view,execute_bash,execute_bash,execute_bash,execute_bash
deepswe-01515,partial,execute_bash,execute_bash,execute_bash,execute_bash,execute_bash,execute_bash,file_editor.view,execute_bash
deepswe-01516,success,execute_bash,execute_bash,execute_bash,execute_bash,execute_bash,execute_bash,execute_bash,file_editor.view
deepswe-01517,success,execute_bash,file_editor.view,execute_bash,file_editor.view,execute_bash,file_editor.view,file_editor.create,execute_bash
deepswe-01518,success,execute_bash,file_editor.view,file_editor.view,execute_bash,execute_bash,execute_bash,file_editor.view,file_editor.view
deepswe-01519,success,execute_bash,execute_bash,file_editor.view,execute_bash,execute_bash,file_editor.view,file_editor.view,execute_bash
deepswe-01520,success,execute_bash,file_editor.view,file_editor.view,execute_bash,file_editor.create,execute_bash,execute_bash,execute_bash
deepswe-01521,success,execute_bash,file_editor.view,execute_bash,file_editor.view,file_editor.create,execute_bash,file_editor.str_replace,execute_bash
deepswe-01522,partial,execute_bash,execute_bash,execute_bash,file_editor.view,execute_bash,execute_bash,execute_bash,file_editor.view
deepswe-01523,success,execute_bash,file_editor.view,file_editor.view,execute_bash,file_editor.create,execute_bash,execute_bash,file_editor.view
deepswe-01524,success,execute_bash,execute_bash,file_editor.view,file_editor.view,file_editor.view,file_editor.create,execute_bash,file_editor.str_replace
deepswe-01525,partial,execute_bash,execute_bash,file_editor.view,execute_bash,file_editor.view,execute_bash,file_editor.view,execute_bash
deepswe-01526,success,execute_bash,execute_bash,execute_bash,execute_bash,execute_bash,file_editor.view,execute_bash,execute_bash
deepswe-01527,success,execute_bash,file_editor.view,execute_bash,file_editor.view,execute_bash,file_editor.view,file_editor.view,file_editor.view
deepswe-01528,success,execute_bash,execute_bash,execute_bash,file_editor.view,file_editor.view,execute_bash,file_editor.view,execute_bash
deepswe-01529,partial,execute_bash,execute_bash,execute_bash,execute_bash,file_editor.view,file_editor.view,file_editor.view,execute_bash
deepswe-01530,success,execute_bash,execute_bash,file_editor.view,execute_bash,file_editor.view,execute_bash,file_editor.create,execute_bash
deepswe-01531,partial,execute_bash,file_editor.view,file_editor.view,file_editor.view,file_editor.create,execute_bash,file_editor.str_replace,execute_bash
deepswe-01532,success,execute_bash,execute_bash,execute_bash,file_editor.view,file_editor.view,execute_bash,execute_bash,file_editor.view
deepswe-01533,success,execute_bash,execute_bash,execute_bash,execute_bash,file_editor.view,execute_bash,execute_bash,file_editor.create
deepswe-01534,partial,execute_bash,execute_bash,file_editor.view,execute_bash,execute_bash,execute_bash,execute_bash,file_editor.view
deepswe-01535,success,execute_bash,execute_bash,file_editor.view,file_editor.view,file_editor.view,execute_bash,file_editor.view,file_editor.view
deepswe-01536,success,execute_bash,file_editor.view,file_editor.view,file_editor.create,execute_bash,execute_bash,execute_bash,execute_bash
deepswe-01537,success,execute_bash,execute_bash,execute_bash,execute_bash,execute_bash,file_editor.view,execute_bash,file_editor.view
deepswe-01538,success,search,file_editor.view,execute_bash,file_editor.view,file_editor.view,execute_bash,file_editor.view,execute_bash
deepswe-01539,success,execute_bash,search,search,file_editor.view,file_editor.view,file_editor.create,execute_bash,file_editor.view
deepswe-01540,partial,search,file_editor.view,execute_bash,execute_bash,file_editor.view,file_editor.view,file_editor.view,file_editor.view
deepswe-01541,partial,search,file_editor.view,file_editor.view,file_editor.view,search,file_editor.view,search,file_editor.view
deepswe-01542,success,search,file_editor.view,execute_bash,file_editor.view,file_editor.create,execute_bash,file_editor.view,execute_bash
deepswe-01543,partial,search,file_editor.view,file_editor.view,search,file_editor.create,execute_bash,search,execute_bash
deepswe-01544,success,execute_bash,execute_bash,execute_bash,execute_bash,file_editor.view,file_editor.view,file_editor.view,file_editor.view
deepswe-01545,success,execute_bash,execute_bash,search,file_editor.view,search,search,file_editor.view,execute_bash
deepswe-01546,success,execute_bash,file_editor.view,file_editor.view,search,file_editor.create,execute_bash,file_editor.view,search
deepswe-01547,success,search,file_editor.view,execute_bash,execute_bash,execute_bash,execute_bash,execute_bash,execute_bash
deepswe-01548,success,search,file_editor.view,search,file_editor.view,file_editor.view,search,file_editor.view,file_editor.create
deepswe-01549,success,search,file_editor.view,search,file_editor.view,file_editor.view,file_editor.view,file_editor.view,search
deepswe-01550,success,execute_bash,execute_bash,file_editor.view,file_editor.view,execute_bash,file_editor.view,file_editor.view,file_editor.view
deepswe-01551,success,file_editor.view,file_editor.view,search,search,file_editor.create,execute_bash,search,file_editor.view
deepswe-01552,success,execute_bash,execute_bash,file_editor.view,file_editor.view,file_editor.view,file_editor.view,execute_bash,execute_bash
deepswe-01553,success,execute_bash,file_editor.view,search,file_editor.view,file_editor.view,file_editor.view,file_editor.create,execute_bash
deepswe-01554,success,search,file_editor.view,file_editor.view,file_editor.view,file_editor.view,execute_bash,execute_bash,execute_bash
deepswe-01555,success,search,file_editor.view,search,file_editor.view,search,file_editor.view,file_editor.view,search
deepswe-01556,partial,search,file_editor.view,execute_bash,file_editor.view,file_editor.view,file_editor.view,execute_bash,file_editor.view
deepswe-01557,success,search,execute_bash,file_editor.view,file_editor.view,file_editor.create,execute_bash,execute_bash,execute_bash
deepswe-01558,success,search,file_editor.view,execute_bash,file_editor.view,file_editor.view,file_editor.view,file_editor.create,execute_bash
deepswe-01559,success,search,file_editor.view,file_editor.view,file_editor.view,file_editor.view,file_editor.create,execute_bash,file_editor.view
deepswe-01560,partial,search,file_editor.view,file_editor.view,file_editor.view,file_editor.view,file_editor.view,search,file_editor.create
deepswe-01561,success,search,file_editor.view,file_editor.view,execute_bash,file_editor.view,file_editor.view,file_editor.view,execute_bash
deepswe-01562,partial,execute_bash,execute_bash,execute_bash,execute_bash,execute_bash,file_editor.view,file_editor.view,file_editor.view
deepswe-01563,success,search,file_editor.view,file_editor.view,file_editor.view,file_editor.view,file_editor.create,execute_bash,file_editor.str_replace
deepswe-01564,success,execute_bash,file_editor.view,file_editor.view,file_editor.view,execute_bash,file_editor.create,execute_bash,execute_bash
deepswe-01565,success,search,file_editor.view,file_editor.view,search,search,file_editor.view,execute_bash,file_editor.view
deepswe-01566,partial,search,file_editor.view,file_editor.view,file_editor.view,file_editor.create,execute_bash,file_editor.view,file_editor.str_replace
deepswe-01567,success,execute_bash,execute_bash,execute_bash,file_editor.view,file_editor.view,file_editor.view,file_editor.view,execute_bash
deepswe-01568,success,execute_bash,file_editor.view,file_editor.view,execute_bash,execute_bash,execute_bash,file_editor.view,file_editor.view
deepswe-01569,success,search,file_editor.view,file_editor.view,search,file_editor.view,file_editor.view,search,file_editor.view
deepswe-01570,partial,execute_bash,execute_bash,execute_bash,execute_bash,file_editor.view,file_editor.view,file_editor.view,file_editor.view
deepswe-01571,success,execute_bash,execute_bash,execute_bash,file_editor.view,execute_bash,file_editor.view,execute_bash,execute_bash
deepswe-01572,success,search,file_editor.view,file_editor.view,file_editor.view,file_editor.view,file_editor.view,execute_bash,file_editor.view
deepswe-01573,success,execute_bash,execute_bash,execute_bash,execute_bash,file_editor.view,file_editor.view,execute_bash,file_editor.view
deepswe-01574,success,search,file_editor.view,file_editor.view,search,file_editor.view,file_editor.create,execute_bash,file_editor.view
deepswe-01575,success,search,file_editor.view,search,file_editor.view,file_editor.view,search,file_editor.view,search
deepswe-01576,success,execute_bash,search,file_editor.view,execute_bash,file_editor.view,search,execute_bash,execute_bash
deepswe-01577,partial,execute_bash,execute_bash,execute_bash,file_editor.view,execute_bash,execute_bash,execute_bash,file_editor.view
deepswe-01578,success,file_editor.view,search,search,search,search,execute_bash,execute_bash,file_editor.view
deepswe-01579,success,execute_bash,execute_bash,execute_bash,execute_bash,execute_bash,file_editor.view,file_editor.view,file_editor.view
deepswe-01580,success,search,file_editor.view,file_editor.view,file_editor.view,file_editor.view,file_editor.view,file_editor.view,file_editor.create
deepswe-01581,success,search,file_editor.view,file_editor.view,file_editor.view,search,file_editor.view,search,file_editor.create
deepswe-01582,success,execute_bash,execute_bash,file_editor.view,file_editor.view,execute_bash,file_editor.view,execute_bash,execute_bash
deepswe-01583,success,search,file_editor.view,file_editor.view,file_editor.view,execute_bash,execute_bash,execute_bash,execute_bash
deepswe-01584,success,search,file_editor.view,file_editor.view,file_editor.view,file_editor.view,file_editor.create,execute_bash,file_editor.view
deepswe-01585,partial,execute_bash,file_editor.view,file_editor.view,execute_bash,execute_bash,execute_bash,file_editor.view,file_editor.view
deepswe-01586,success,search,file_editor.view,search,file_editor.view,search,file_editor.view,search,search
deepswe-01587,success,search,file_editor.view,execute_bash,execute_bash,file_editor.view,execute_bash,execute_bash,execute_bash
deepswe-01588,success,search,file_editor.view,search,file_editor.view,file_editor.view,file_editor.view,file_editor.create,execute_bash
deepswe-01589,partial,file_editor.view,file_editor.view,file_editor.create,execute_bash,search,file_editor.view,search,file_editor.view
deepswe-01590,success,execute_bash,search,file_editor.view,file_editor.view,file_editor.view,file_editor.create,execute_bash,file_editor.view
deepswe-01591,success,file_editor.view,search,file_editor.create,execute_bash,search,file_editor.view,search,file_editor.view
deepswe-01592,success,search,file_editor.view,file_editor.view,execute_bash,execute_bash,file_editor.view,file_editor.view,file_editor.view
deepswe-01593,success,execute_bash,file_editor.view,file_editor.view,execute_bash,execute_bash,execute_bash,file_editor.view,file_editor.view
deepswe-01594,success,search,file_editor.view,file_editor.view,file_editor.create,file_editor.create,file_editor.view,execute_bash,file_editor.create
deepswe-01595,success,execute_bash,search,file_editor.view,file_editor.view,file_editor.view,file_editor.create,execute_bash,file_editor.str_replace
deepswe-01596,partial,execute_bash,file_editor.view,execute_bash,execute_bash,execute_bash,file_editor.view,file_editor.view,execute_bash
deepswe-01597,partial,search,file_editor.view,file_editor.view,search,file_editor.view,file_editor.view,file_editor.view,file_editor.view
deepswe-01598,success,search,file_editor.view,execute_bash,file_editor.view,file_editor.view,execute_bash,file_editor.view,execute_bash
deepswe-01599,success,search,file_editor.view,file_editor.view,file_editor.view,search,file_editor.view,search,file_editor.view
deepswe-01600,success,execute_bash,search,file_editor.view,file_editor.view,file_editor.view,search,file_editor.view,search
deepswe-01601,success,file_editor.view,search,file_editor.view,file_editor.view,search,execute_bash,file_editor.view,file_editor.view
deepswe-01602,success,search,file_editor.view,execute_bash,execute_bash,file_editor.view,execute_bash,file_editor.view,execute_bash
deepswe-01603,partial,execute_bash,search,file_editor.view,file_editor.create,execute_bash,file_editor.view,file_editor.view,file_editor.view
deepswe-01604,partial,execute_bash,execute_bash,execute_bash,file_editor.view,file_editor.view,execute_bash,execute_bash,file_editor.view
deepswe-01605,success,execute_bash,file_editor.view,execute_bash,file_editor.view,execute_bash,file_editor.view,execute_bash,file_editor.view
deepswe-01606,success,execute_bash,file_editor.view,search,file_editor.view,search,file_editor.view,search,file_editor.view
deepswe-01607,success,search,file_editor.view,search,execute_bash,file_editor.view,file_editor.view,file_editor.view,search
deepswe-01608,success,search,file_editor.view,execute_bash,execute_bash,file_editor.view,file_editor.view,file_editor.view,file_editor.view
deepswe-01609,success,search,file_editor.view,search,search,search,file_editor.view,search,file_editor.view
deepswe-01610,partial,search,execute_bash,file_editor.view,file_editor.view,search,file_editor.view,search,file_editor.view
deepswe-01611,success,search,file_editor.view,search,search,search,file_editor.view,search,search
deepswe-01612,partial,execute_bash,search,file_editor.view,file_editor.view,execute_bash,file_editor.view,file_editor.view,execute_bash
deepswe-01613,success,execute_bash,execute_bash,file_editor.view,file_editor.view,execute_bash,file_editor.view,execute_bash,file_editor.view
deepswe-01614,success,execute_bash,execute_bash,file_editor.view,execute_bash,file_editor.view,file_editor.view,execute_bash,file_editor.view
deepswe-01615,success,execute_bash,search,file_editor.view,search,execute_bash,execute_bash,file_editor.view,execute_bash
deepswe-01616,success,execute_bash,file_editor.view,execute_bash,execute_bash,execute_bash,file_editor.view,execute_bash,file_editor.view
deepswe-01617,partial,search,execute_bash,execute_bash,file_editor.view,file_editor.view,file_editor.view,execute_bash,execute_bash
deepswe-01618,success,search,search,execute_bash,file_editor.view,execute_bash,execute_bash,file_editor.view,execute_bash
deepswe-01619,success,execute_bash,search,file_editor.view,execute_bash,file_editor.view,file_editor.view,file_editor.view,execute_bash
deepswe-01620,partial,execute_bash,execute_bash,file_editor.view,execute_bash,execute_bash,execute_bash,file_editor.view,file_editor.view
deepswe-01621,success,search,file_editor.view,execute_bash,file_editor.view,file_editor.view,file_editor.create,execute_bash,file_editor.view
deepswe-01622,partial,search,file_editor.view,execute_bash,file_editor.view,execute_bash,execute_bash,execute_bash,file_editor.view
deepswe-01623,success,search,search,search,file_editor.view,file_editor.view,execute_bash,file_editor.view,execute_bash
deepswe-01624,success,execute_bash,execute_bash,file_editor.view,file_editor.view,file_editor.view,file_editor.view,execute_bash,execute_bash
deepswe-01625,success,execute_bash,execute_bash,file_editor.view,execute_bash,file_editor.view,file_editor.view,execute_bash,file_editor.create
deepswe-01626,success,execute_bash,file_editor.view,execute_bash,file_editor.view,file_editor.create,execute_bash,execute_bash,file_editor.str_replace
deepswe-01627,success,execute_bash,execute_bash,execute_bash,file_editor.view,execute_bash,file_editor.view,execute_bash,file_editor.view
deepswe-01628,partial,execute_bash,file_editor.view,file_editor.view,file_editor.view,execute_bash,file_editor.view,execute_bash,file_editor.create
deepswe-01629,partial,execute_bash,execute_bash,execute_bash,execute_bash,execute_bash,execute_bash,execute_bash,execute_bash
deepswe-01630,partial,execute_bash,execute_bash,file_editor.view,execute_bash,file_editor.view,execute_bash,execute_bash,execute_bash
deepswe-01631,success,execute_bash,file_editor.view,file_editor.view,execute_bash,execute_bash,file_editor.view,execute_bash,file_editor.view
deepswe-01632,success,execute_bash,execute_bash,execute_bash,file_editor.view,execute_bash,file_editor.view,file_editor.view,execute_bash
deepswe-01633,success,execute_bash,execute_bash,file_editor.view,file_editor.view,execute_bash,file_editor.view,execute_bash,file_editor.view
deepswe-01634,success,execute_bash,file_editor.view,file_editor.view,execute_bash,file_editor.view,execute_bash,file_editor.view,file_editor.view
deepswe-01635,success,execute_bash,execute_bash,file_editor.view,file_editor.view,execute_bash,file_editor.view,execute_bash,execute_bash
deepswe-01636,success,execute_bash,execute_bash,execute_bash,execute_bash,execute_bash,file_editor.view,execute_bash,file_editor.view
deepswe-01637,success,execute_bash,execute_bash,file_editor.view,file_editor.create,execute_bash,execute_bash,execute_bash,file_editor.view
deepswe-01638,success,execute_bash,execute_bash,execute_bash,file_editor.view,file_editor.create,execute_bash,file_editor.view,execute_bash
deepswe-01639,partial,execute_bash,file_editor.view,execute_bash,file_editor.view,file_editor.view,file_editor.create,execute_bash,file_editor.view
deepswe-01640,partial,execute_bash,file_editor.view,file_editor.view,file_editor.view,execute_bash,file_editor.view,execute_bash,file_editor.view
deepswe-01641,success,execute_bash,file_editor.view,file_editor.view,file_editor.view,file_editor.create,execute_bash,execute_bash,file_editor.view
deepswe-01642,partial,execute_bash,execute_bash,execute_bash,file_editor.view,execute_bash,file_editor.view,file_editor.view,file_editor.view
deepswe-01643,success,execute_bash,file_editor.view,file_editor.view,execute_bash,file_editor.view,execute_bash,execute_bash,file_editor.create
deepswe-01644,partial,execute_bash,file_editor.view,file_editor.view,execute_bash,execute_bash,execute_bash,execute_bash,execute_bash
deepswe-01645,partial,execute_bash,execute_bash,file_editor.create,execute_bash,file_editor.view,execute_bash,execute_bash,file_editor.view
deepswe-01646,success,execute_bash,execute_bash,file_editor.view,file_editor.view,file_editor.view,file_editor.view,file_editor.create,execute_bash
deepswe-01647,success,execute_bash,execute_bash,execute_bash,file_editor.view,execute_bash,execute_bash,file_editor.create,execute_bash
deepswe-01648,success,execute_bash,execute_bash,execute_bash,file_editor.view,file_editor.view,execute_bash,file_editor.view,execute_bash
deepswe-01649,success,execute_bash,execute_bash,execute_bash,file_editor.view,file_editor.view,file_editor.view,file_editor.view,file_editor.view
deepswe-01650,success,execute_bash,execute_bash,execute_bash,file_editor.view,file_editor.view,file_editor.view,execute_bash,file_editor.view
deepswe-01651,success,execute_bash,file_editor.view,file_editor.create,execute_bash,execute_bash,execute_bash,execute_bash,execute_bash
deepswe-01652,success,execute_bash,execute_bash,search,file_editor.view,file_editor.view,file_editor.view,execute_bash,file_editor.view
deepswe-01653,success,execute_bash,file_editor.view,file_editor.view,file_editor.view,execute_bash,execute_bash,execute_bash,execute_bash
deepswe-01654,success,execute_bash,execute_bash,file_editor.view,file_editor.view,execute_bash,execute_bash,execute_bash,file_editor.create
deepswe-01655,success,execute_bash,execute_bash,file_editor.view,file_editor.view,file_editor.view,execute_bash,file_editor.view,file_editor.create
deepswe-01656,success,execute_bash,execute_bash,execute_bash,execute_bash,file_editor.view,file_editor.view,file_editor.view,execute_bash
deepswe-01657,success,execute_bash,execute_bash,file_editor.view,file_editor.view,file_editor.view,file_editor.view,file_editor.view,execute_bash
deepswe-01658,partial,execute_bash,execute_bash,file_editor.view,file_editor.view,file_editor.view,execute_bash,file_editor.view,file_editor.view
deepswe-01659,success,execute_bash,execute_bash,file_editor.view,file_editor.view,execute_bash,file_editor.view,file_editor.create,execute_bash
deepswe-01660,success,execute_bash,execute_bash,file_editor.view,file_editor.view,execute_bash,execute_bash,file_editor.create,execute_bash
deepswe-01661,partial,execute_bash,file_editor.view,execute_bash,file_editor.view,file_editor.view,execute_bash,file_editor.view,execute_bash
deepswe-01662,success,execute_bash,execute_bash,file_editor.view,file_editor.view,file_editor.view,execute_bash,execute_bash,file_editor.create
deepswe-01663,success,execute_bash,execute_bash,file_editor.view,file_editor.view,file_editor.view,execute_bash,file_editor.create,execute_bash
deepswe-01664,success,execute_bash,execute_bash,execute_bash,execute_bash,file_editor.view,file_editor.view,file_editor.view,file_editor.view
deepswe-01665,success,execute_bash,file_editor.view,file_editor.view,file_editor.view,execute_bash,file_editor.view,execute_bash,file_editor.view
deepswe-01666,success,execute_bash,file_editor.view,file_editor.view,execute_bash,file_editor.create,execute_bash,execute_bash,execute_bash
deepswe-01667,success,execute_bash,file_editor.view,execute_bash,execute_bash,file_editor.view,execute_bash,file_editor.view,file_editor.create
deepswe-01668,success,execute_bash,execute_bash,file_editor.view,execute_bash,execute_bash,execute_bash,execute_bash,file_editor.view
deepswe-01669,success,execute_bash,execute_bash,file_editor.view,file_editor.view,execute_bash,execute_bash,file_editor.view,execute_bash
deepswe-01670,success,execute_bash,execute_bash,execute_bash,execute_bash,execute_bash,execute_bash,execute_bash,file_editor.view
deepswe-01671,success,execute_bash,execute_bash,execute_bash,file_editor.view,file_editor.view,file_editor.view,execute_bash,file_editor.view
deepswe-01672,partial,execute_bash,file_editor.view,file_editor.view,execute_bash,execute_bash,file_editor.view,execute_bash,execute_bash
deepswe-01673,success,execute_bash,file_editor.view,file_editor.view,file_editor.create,execute_bash,execute_bash,file_editor.create,execute_bash
deepswe-01674,success,execute_bash,execute_bash,execute_bash,execute_bash,execute_bash,execute_bash,execute_bash,execute_bash
deepswe-01675,success,execute_bash,execute_bash,file_editor.view,execute_bash,file_editor.view,file_editor.view,execute_bash,file_editor.create
deepswe-01676,success,execute_bash,file_editor.view,file_editor.view,file_editor.create,execute_bash,execute_bash,execute_bash,execute_bash
deepswe-01677,success,execute_bash,execute_bash,execute_bash,execute_bash,file_editor.view,file_editor.view,execute_bash,file_editor.view
deepswe-01678,success,execute_bash,execute_bash,file_editor.view,file_editor.view,file_editor.view,execute_bash,file_editor.view,file_editor.create
deepswe-01679,success,execute_bash,execute_bash,file_editor.view,file_editor.view,file_editor.view,file_editor.view,file_editor.view,file_editor.create
deepswe-01680,success,execute_bash,execute_bash,execute_bash,execute_bash,execute_bash,file_editor.view,execute_bash,file_editor.view
deepswe-01681,success,execute_bash,file_editor.view,file_editor.view,file_editor.view,file_editor.create,execute_bash,execute_bash,execute_bash
deepswe-01682,success,execute_bash,execute_bash,execute_bash,execute_bash,execute_bash,file_editor.view,file_editor.view,file_editor.view
deepswe-01683,success,execute_bash,file_editor.view,execute_bash,file_editor.view,file_editor.view,execute_bash,file_editor.view,execute_bash
deepswe-01684,partial,execute_bash,execute_bash,file_editor.view,file_editor.view,execute_bash,file_editor.view,execute_bash,execute_bash
deepswe-01685,success,execute_bash,execute_bash,execute_bash,file_editor.view,execute_bash,file_editor.view,file_editor.create,execute_bash
deepswe-01686,success,execute_bash,execute_bash,execute_bash,file_editor.view,file_editor.view,execute_bash,file_editor.create,execute_bash
deepswe-01687,success,execute_bash,execute_bash,file_editor.view,file_editor.view,file_editor.create,execute_bash,execute_bash,file_editor.str_replace
deepswe-01688,success,execute_bash,execute_bash,execute_bash,execute_bash,file_editor.view,execute_bash,file_editor.view,execute_bash
deepswe-01689,success,execute_bash,execute_bash,file_editor.view,execute_bash,execute_bash,file_editor.create,execute_bash,file_editor.str_replace
deepswe-01690,success,execute_bash,file_editor.view,file_editor.view,execute_bash,execute_bash,file_editor.view,execute_bash,file_editor.create
deepswe-01691,partial,execute_bash,execute_bash,file_editor.view,execute_bash,file_editor.view,execute_bash,execute_bash,execute_bash
deepswe-01692,success,execute_bash,execute_bash,file_editor.view,file_editor.view,execute_bash,file_editor.view,execute_bash,file_editor.view
deepswe-01693,success,execute_bash,execute_bash,execute_bash,file_editor.view,execute_bash,file_editor.view,execute_bash,execute_bash
deepswe-01694,partial,execute_bash,execute_bash,file_editor.view,file_editor.view,execute_bash,file_editor.view,execute_bash,file_editor.view
deepswe-01695,success,execute_bash,execute_bash,file_editor.view,file_editor.view,execute_bash,file_editor.view,file_editor.view,file_editor.view
deepswe-01696,partial,execute_bash,execute_bash,execute_bash,file_editor.view,execute_bash,execute_bash,execute_bash,file_editor.view
deepswe-01697,success,execute_bash,file_editor.view,execute_bash,file_editor.view,file_editor.view,file_editor.view,execute_bash,file_editor.view
deepswe-01698,success,execute_bash,execute_bash,file_editor.view,execute_bash,file_editor.view,file_editor.view,file_editor.view,file_editor.view
deepswe-01699,success,execute_bash,execute_bash,file_editor.view,file_editor.view,file_editor.view,execute_bash,execute_bash,file_editor.create
deepswe-01700,success,execute_bash,execute_bash,file_editor.view,file_editor.view,execute_bash,file_editor.create,execute_bash,file_editor.str_replace
deepswe-01701,success,execute_bash,execute_bash,file_editor.view,execute_bash,file_editor.view,execute_bash,execute_bash,file_editor.view
deepswe-01702,success,execute_bash,execute_bash,execute_bash,file_editor.view,file_editor.view,execute_bash,file_editor.view,execute_bash
deepswe-01703,success,execute_bash,execute_bash,file_editor.view,file_editor.view,file_editor.view,execute_bash,file_editor.view,file_editor.create
deepswe-01704,success,execute_bash,file_editor.view,file_editor.view,execute_bash,file_editor.view,file_editor.view,execute_bash,file_editor.create
deepswe-01705,success,file_editor.view,execute_bash,execute_bash,file_editor.view,file_editor.view,file_editor.view,file_editor.create,execute_bash
deepswe-01706,partial,execute_bash,file_editor.view,file_editor.view,execute_bash,execute_bash,file_editor.create,execute_bash,file_editor.str_replace
deepswe-01707,success,execute_bash,file_editor.view,execute_bash,execute_bash,file_editor.view,file_editor.view,execute_bash,file_editor.create
deepswe-01708,success,execute_bash,execute_bash,file_editor.view,file_editor.view,file_editor.view,file_editor.create,execute_bash,file_editor.view
deepswe-01709,success,execute_bash,execute_bash,file_editor.view,file_editor.view,file_editor.view,execute_bash,file_editor.create,execute_bash
deepswe-01710,success,execute_bash,execute_bash,file_editor.view,execute_bash,file_editor.view,file_editor.view,execute_bash,execute_bash
deepswe-01711,success,execute_bash,execute_bash,file_editor.view,file_editor.view,file_editor.create,execute_bash,file_editor.str_replace,file_editor.str_replace
deepswe-01712,success,execute_bash,execute_bash,file_editor.view,file_editor.view,file_editor.view,execute_bash,file_editor.view,file_editor.create
deepswe-01713,success,execute_bash,execute_bash,file_editor.view,file_editor.view,file_editor.create,execute_bash,file_editor.str_replace,execute_bash
deepswe-01714,partial,execute_bash,execute_bash,execute_bash,execute_bash,execute_bash,execute_bash,execute_bash,execute_bash
deepswe-01715,partial,execute_bash,execute_bash,file_editor.view,file_editor.view,file_editor.view,file_editor.view,file_editor.view,file_editor.create
deepswe-01716,success,execute_bash,file_editor.view,file_editor.view,execute_bash,file_editor.view,file_editor.view,execute_bash,execute_bash
deepswe-01717,partial,execute_bash,execute_bash,execute_bash,execute_bash,execute_bash,execute_bash,execute_bash,execute_bash
deepswe-01718,success,execute_bash,file_editor.view,file_editor.view,file_editor.view,file_editor.create,execute_bash,file_editor.str_replace,execute_bash
deepswe-01719,success,execute_bash,execute_bash,execute_bash,file_editor.view,execute_bash,file_editor.view,execute_bash,file_editor.view
deepswe-01720,success,execute_bash,execute_bash,file_editor.view,file_editor.view,file_editor.view,file_editor.view,file_editor.view,file_editor.create
deepswe-01721,success,execute_bash,file_editor.view,execute_bash,execute_bash,file_editor.view,execute_bash,file_editor.view,execute_bash
deepswe-01722,success,execute_bash,execute_bash,execute_bash,execute_bash,execute_bash,file_editor.view,file_editor.view,file_editor.create
deepswe-01723,success,execute_bash,execute_bash,execute_bash,file_editor.view,file_editor.view,file_editor.view,file_editor.view,execute_bash
deepswe-01724,partial,execute_bash,execute_bash,execute_bash,execute_bash,execute_bash,execute_bash,execute_bash,execute_bash
deepswe-01725,success,execute_bash,execute_bash,file_editor.view,file_editor.view,execute_bash,execute_bash,file_editor.view,file_editor.view
deepswe-01726,success,file_editor.view,file_editor.create,execute_bash,execute_bash,file_editor.view,execute_bash,file_editor.view,file_editor.view
deepswe-01727,partial,execute_bash,file_editor.view,file_editor.view,file_editor.view,execute_bash,file_editor.view,execute_bash,file_editor.view
deepswe-01728,partial,execute_bash,execute_bash,execute_bash,file_editor.view,execute_bash,file_editor.view,file_editor.view,file_editor.view
deepswe-01729,success,execute_bash,execute_bash,execute_bash,file_editor.view,file_editor.view,execute_bash,execute_bash,file_editor.create
deepswe-01730,success,execute_bash,execute_bash,file_editor.view,file_editor.view,file_editor.view,file_editor.view,execute_bash,execute_bash
deepswe-01731,success,execute_bash,execute_bash,execute_bash,execute_bash,execute_bash,file_editor.view,file_editor.view,execute_bash
deepswe-01732,success,execute_bash,execute_bash,execute_bash,execute_bash,file_editor.create,execute_bash,execute_bash,file_editor.view
deepswe-01733,success,execute_bash,execute_bash,file_editor.view,execute_bash,file_editor.view,file_editor.view,execute_bash,file_editor.view
deepswe-01734,success,execute_bash,file_editor.view,file_editor.create,execute_bash,execute_bash,execute_bash,execute_bash,execute_bash
deepswe-01735,success,execute_bash,file_editor.view,execute_bash,file_editor.view,file_editor.view,execute_bash,file_editor.view,file_editor.create
deepswe-01736,success,execute_bash,execute_bash,file_editor.view,file_editor.create,execute_bash,file_editor.view,execute_bash,file_editor.view
deepswe-01737,success,execute_bash,execute_bash,file_editor.view,execute_bash,execute_bash,file_editor.view,execute_bash,file_editor.view
deepswe-01738,success,execute_bash,execute_bash,execute_bash,execute_bash,file_editor.view,execute_bash,file_editor.view,file_editor.view
deepswe-01739,success,execute_bash,execute_bash,file_editor.view,execute_bash,file_editor.view,execute_bash,execute_bash,file_editor.view
deepswe-01740,success,execute_bash,execute_bash,execute_bash,file_editor.view,file_editor.view,file_editor.view,execute_bash,file_editor.create
deepswe-01741,success,execute_bash,execute_bash,execute_bash,file_editor.view,file_editor.view,file_editor.view,execute_bash,execute_bash
deepswe-01742,success,execute_bash,execute_bash,file_editor.view,execute_bash,execute_bash,file_editor.view,execute_bash,execute_bash
deepswe-01743,success,execute_bash,execute_bash,file_editor.view,file_editor.view,execute_bash,file_editor.create,execute_bash,file_editor.str_replace
deepswe-01744,success,execute_bash,file_editor.view,file_editor.view,file_editor.view,execute_bash,execute_bash,file_editor.create,execute_bash
deepswe-01745,success,execute_bash,execute_bash,file_editor.view,file_editor.view,execute_bash,execute_bash,execute_bash,file_editor.create
deepswe-01746,success,execute_bash,execute_bash,execute_bash,execute_bash,execute_bash,execute_bash,execute_bash,file_editor.view
deepswe-01747,success,execute_bash,execute_bash,execute_bash,file_editor.view,execute_bash,file_editor.view,file_editor.create,execute_bash
deepswe-01748,success,execute_bash,execute_bash,file_editor.view,execute_bash,file_editor.view,file_editor.view,file_editor.view,file_editor.view
deepswe-01749,success,execute_bash,execute_bash,execute_bash,execute_bash,file_editor.view,execute_bash,file_editor.view,file_editor.view
deepswe-01750,success,execute_bash,execute_bash,execute_bash,file_editor.view,execute_bash,file_editor.view,file_editor.view,file_editor.create
deepswe-01751,success,execute_bash,execute_bash,execute_bash,file_editor.view,execute_bash,file_editor.view,execute_bash,file_editor.view
deepswe-01752,success,execute_bash,execute_bash,file_editor.view,file_editor.view,execute_bash,file_editor.view,file_editor.view,execute_bash
deepswe-01753,success,execute_bash,execute_bash,file_editor.view,file_editor.view,execute_bash,execute_bash,file_editor.view,execute_bash
deepswe-01754,partial,execute_bash,execute_bash,execute_bash,file_editor.view,file_editor.view,file_editor.view,execute_bash,file_editor.view
deepswe-01755,success,execute_bash,execute_bash,file_editor.view,file_editor.view,execute_bash,execute_bash,file_editor.view,file_editor.create
deepswe-01756,success,execute_bash,file_editor.view,file_editor.view,execute_bash,execute_bash,execute_bash,execute_bash,execute_bash
deepswe-01757,partial,execute_bash,execute_bash,file_editor.view,file_editor.view,file_editor.view,execute_bash,file_editor.view,file_editor.view
deepswe-01758,success,execute_bash,execute_bash,execute_bash,execute_bash,execute_bash,file_editor.view,execute_bash,file_editor.view
deepswe-01759,success,execute_bash,execute_bash,execute_bash,execute_bash,execute_bash,file_editor.view,file_editor.view,execute_bash
deepswe-01760,success,execute_bash,execute_bash,execute_bash,execute_bash,file_editor.view,file_editor.view,file_editor.create,execute_bash
deepswe-01761,success,execute_bash,execute_bash,execute_bash,execute_bash,execute_bash,execute_bash,execute_bash,file_editor.view
deepswe-01762,success,execute_bash,execute_bash,file_editor.view,execute_bash,execute_bash,execute_bash,execute_bash,file_editor.view
deepswe-01763,success,execute_bash,file_editor.view,file_editor.view,file_editor.view,execute_bash,execute_bash,file_editor.create,execute_bash
deepswe-01764,success,execute_bash,execute_bash,file_editor.view,execute_bash,file_editor.view,file_editor.create,execute_bash,file_editor.str_replace
deepswe-01765,success,execute_bash,execute_bash,file_editor.view,file_editor.view,execute_bash,file_editor.create,execute_bash,file_editor.str_replace
deepswe-01766,partial,file_editor.view,execute_bash,file_editor.view,execute_bash,file_editor.view,execute_bash,execute_bash,file_editor.view
deepswe-01767,success,execute_bash,execute_bash,file_editor.view,file_editor.view,file_editor.view,file_editor.create,execute_bash,file_editor.view
deepswe-01768,success,execute_bash,file_editor.view,execute_bash,file_editor.view,execute_bash,file_editor.create,execute_bash,execute_bash
deepswe-01769,success,execute_bash,execute_bash,file_editor.view,execute_bash,file_editor.view,file_editor.view,execute_bash,file_editor.view
deepswe-01770,success,execute_bash,execute_bash,execute_bash,execute_bash,file_editor.view,file_editor.create,execute_bash,execute_bash
deepswe-01771,success,execute_bash,execute_bash,execute_bash,file_editor.view,execute_bash,file_editor.view,execute_bash,execute_bash
deepswe-01772,partial,execute_bash,execute_bash,execute_bash,execute_bash,file_editor.view,execute_bash,file_editor.view,file_editor.view
deepswe-01773,success,execute_bash,execute_bash,file_editor.view,execute_bash,file_editor.view,execute_bash,file_editor.view,file_editor.create
deepswe-01774,success,execute_bash,execute_bash,file_editor.view,file_editor.view,file_editor.view,execute_bash,file_editor.view,file_editor.view
deepswe-01775,success,execute_bash,execute_bash,execute_bash,execute_bash,file_editor.view,execute_bash,execute_bash,file_editor.view
deepswe-01776,success,execute_bash,execute_bash,file_editor.view,file_editor.view,file_editor.create,execute_bash,file_editor.str_replace,file_editor.str_replace
deepswe-01777,success,execute_bash,execute_bash,execute_bash,file_editor.view,file_editor.view,file_editor.view,file_editor.create,execute_bash
deepswe-01778,success,execute_bash,execute_bash,execute_bash,file_editor.view,file_editor.view,file_editor.view,file_editor.view,file_editor.view
deepswe-01779,success,execute_bash,execute_bash,execute_bash,execute_bash,file_editor.view,execute_bash,file_editor.view,execute_bash
deepswe-01780,success,execute_bash,execute_bash,file_editor.view,file_editor.view,file_editor.view,execute_bash,execute_bash,file_editor.view
deepswe-01781,success,execute_bash,execute_bash,file_editor.view,file_editor.view,file_editor.view,execute_bash,file_editor.view,file_editor.view
deepswe-01782,partial,execute_bash,execute_bash,file_editor.view,file_editor.view,file_editor.view,execute_bash,file_editor.view,file_editor.view
deepswe-01783,partial,execute_bash,file_editor.view,file_editor.view,execute_bash,file_editor.create,execute_bash,execute_bash,execute_bash
deepswe-01784,success,execute_bash,execute_bash,execute_bash,execute_bash,execute_bash,execute_bash,execute_bash,file_editor.view
deepswe-01785,partial,execute_bash,execute_bash,file_editor.view,file_editor.view,execute_bash,file_editor.view,execute_bash,file_editor.view
deepswe-01786,success,execute_bash,execute_bash,execute_bash,execute_bash,file_editor.view,execute_bash,execute_bash,execute_bash
deepswe-01787,success,execute_bash,execute_bash,execute_bash,file_editor.view,file_editor.view,file_editor.view,execute_bash,file_editor.view
deepswe-01788,success,execute_bash,execute_bash,execute_bash,file_editor.view,file_editor.view,file_editor.view,execute_bash,file_editor.view
deepswe-01789,success,execute_bash,execute_bash,file_editor.view,execute_bash,file_editor.view,file_editor.view,execute_bash,file_editor.view
deepswe-01790,success,execute_bash,execute_bash,execute_bash,execute_bash,file_editor.view,execute_bash,execute_bash,file_editor.view
deepswe-01791,success,execute_bash,execute_bash,file_editor.view,execute_bash,file_editor.view,file_editor.view,execute_bash,execute_bash
deepswe-01792,success,execute_bash,file_editor.view,file_editor.view,file_editor.view,file_editor.view,file_editor.view,file_editor.view,file_editor.view
deepswe-01793,success,execute_bash,execute_bash,execute_bash,execute_bash,execute_bash,file_editor.view,file_editor.view,file_editor.view
deepswe-01794,success,execute_bash,execute_bash,file_editor.view,execute_bash,file_editor.view,file_editor.view,execute_bash,file_editor.view
deepswe-01795,success,execute_bash,file_editor.view,file_editor.view,execute_bash,file_editor.view,file_editor.create,execute_bash,execute_bash
deepswe-01796,partial,execute_bash,execute_bash,file_editor.view,execute_bash,execute_bash,execute_bash,file_editor.view,execute_bash
deepswe-01797,success,execute_bash,execute_bash,file_editor.view,execute_bash,file_editor.view,file_editor.view,execute_bash,file_editor.view
deepswe-01798,success,execute_bash,execute_bash,execute_bash,file_editor.view,execute_bash,execute_bash,execute_bash,file_editor.view
deepswe-01799,success,execute_bash,execute_bash,file_editor.view,file_editor.view,execute_bash,file_editor.view,file_editor.create,execute_bash
deepswe-01800,success,execute_bash,execute_bash,file_editor.view,file_editor.view,file_editor.view,file_editor.view,execute_bash,execute_bash
deepswe-01801,success,execute_bash,execute_bash,execute_bash,execute_bash,execute_bash,file_editor.view,file_editor.view,file_editor.create
deepswe-01802,success,execute_bash,execute_bash,file_editor.view,file_editor.view,file_editor.view,file_editor.view,file_editor.view,execute_bash
deepswe-01803,success,execute_bash,execute_bash,file_editor.view,execute_bash,file_editor.view,execute_bash,file_editor.view,execute_bash
deepswe-01804,success,execute_bash,file_editor.view,execute_bash,file_editor.view,execute_bash,file_editor.view,execute_bash,file_editor.view
deepswe-01805,success,execute_bash,execute_bash,execute_bash,execute_bash,execute_bash,execute_bash,execute_bash,execute_bash
deepswe-01806,success,execute_bash,file_editor.view,file_editor.view,execute_bash,execute_bash,file_editor.create,execute_bash,execute_bash
deepswe-01807,success,execute_bash,execute_bash,file_editor.view,file_editor.view,file_editor.view,file_editor.create,execute_bash,file_editor.str_replace
deepswe-01808,success,execute_bash,execute_bash,execute_bash,execute_bash,execute_bash,execute_bash,execute_bash,file_editor.view
deepswe-01809,success,execute_bash,execute_bash,execute_bash,execute_bash,execute_bash,execute_bash,execute_bash,file_editor.view
deepswe-01810,success,execute_bash,execute_bash,file_editor.view,file_editor.view,file_editor.view,file_editor.create,execute_bash,execute_bash
deepswe-01811,success,execute_bash,execute_bash,execute_bash,file_editor.view,file_editor.create,execute_bash,execute_bash,execute_bash
deepswe-01812,success,execute_bash,file_editor.view,file_editor.view,execute_bash,file_editor.view,file_editor.view,file_editor.create,execute_bash
deepswe-01813,success,execute_bash,execute_bash,file_editor.view,execute_bash,file_editor.view,execute_bash,file_editor.view,file_editor.view
deepswe-01814,success,execute_bash,file_editor.view,file_editor.create,file_editor.create,execute_bash,file_editor.create,execute_bash,execute_bash
deepswe-01815,success,execute_bash,execute_bash,file_editor.view,file_editor.view,file_editor.view,execute_bash,file_editor.create,execute_bash
deepswe-01816,success,execute_bash,execute_bash,file_editor.view,file_editor.view,execute_bash,file_editor.view,execute_bash,file_editor.create
deepswe-01817,success,execute_bash,file_editor.view,file_editor.view,file_editor.view,execute_bash,file_editor.create,execute_bash,execute_bash
deepswe-01818,success,execute_bash,execute_bash,execute_bash,file_editor.view,file_editor.view,file_editor.create,execute_bash,file_editor.str_replace
deepswe-01819,success,execute_bash,execute_bash,execute_bash,file_editor.view,search,execute_bash,execute_bash,execute_bash
deepswe-01820,partial,execute_bash,file_editor.view,execute_bash,execute_bash,file_editor.view,file_editor.view,file_editor.view,file_editor.view
deepswe-01821,success,execute_bash,file_editor.view,execute_bash,execute_bash,file_editor.view,execute_bash,file_editor.view,execute_bash
deepswe-01822,success,execute_bash,file_editor.view,file_editor.view,execute_bash,file_editor.view,file_editor.view,execute_bash,file_editor.view
deepswe-01823,success,execute_bash,execute_bash,execute_bash,execute_bash,execute_bash,execute_bash,file_editor.view,file_editor.view
deepswe-01824,success,execute_bash,execute_bash,file_editor.view,file_editor.view,file_editor.view,file_editor.view,file_editor.view,execute_bash
deepswe-01825,partial,execute_bash,execute_bash,execute_bash,file_editor.view,file_editor.view,file_editor.view,execute_bash,execute_bash
deepswe-01826,success,execute_bash,execute_bash,file_editor.view,execute_bash,file_editor.view,file_editor.view,file_editor.view,file_editor.create
deepswe-01827,success,execute_bash,execute_bash,execute_bash,execute_bash,execute_bash,execute_bash,execute_bash,execute_bash
deepswe-01828,success,execute_bash,file_editor.view,execute_bash,file_editor.view,execute_bash,file_editor.create,execute_bash,file_editor.str_replace
deepswe-01829,success,execute_bash,execute_bash,execute_bash,execute_bash,file_editor.view,execute_bash,execute_bash,file_editor.view
deepswe-01830,success,execute_bash,execute_bash,file_editor.view,file_editor.view,file_editor.view,file_editor.create,execute_bash,execute_bash
deepswe-01831,success,execute_bash,execute_bash,execute_bash,execute_bash,execute_bash,execute_bash,execute_bash,execute_bash
deepswe-01832,success,execute_bash,execute_bash,file_editor.view,file_editor.view,file_editor.view,execute_bash,execute_bash,execute_bash
deepswe-01833,success,execute_bash,execute_bash,file_editor.view,execute_bash,execute_bash,file_editor.view,file_editor.view,execute_bash
deepswe-01834,success,execute_bash,execute_bash,execute_bash,file_editor.view,file_editor.view,execute_bash,file_editor.create,execute_bash
deepswe-01835,success,execute_bash,file_editor.view,file_editor.view,execute_bash,execute_bash,file_editor.view,execute_bash,file_editor.create
deepswe-01836,success,execute_bash,execute_bash,file_editor.view,file_editor.view,execute_bash,file_editor.view,file_editor.view,file_editor.create
deepswe-01837,partial,execute_bash,execute_bash,execute_bash,execute_bash,file_editor.view,execute_bash,file_editor.view,execute_bash
deepswe-01838,success,execute_bash,file_editor.view,execute_bash,execute_bash,file_editor.view,execute_bash,execute_bash,file_editor.create
deepswe-01839,success,execute_bash,execute_bash,execute_bash,execute_bash,execute_bash,file_editor.view,file_editor.view,execute_bash
deepswe-01840,success,execute_bash,execute_bash,execute_bash,execute_bash,execute_bash,execute_bash,execute_bash,file_editor.view
deepswe-01841,success,execute_bash,execute_bash,file_editor.view,file_editor.view,file_editor.view,execute_bash,file_editor.view,file_editor.view
deepswe-01842,success,execute_bash,file_editor.view,file_editor.view,file_editor.view,execute_bash,file_editor.create,execute_bash,file_editor.view
deepswe-01843,success,execute_bash,file_editor.view,file_editor.create,execute_bash,execute_bash,file_editor.view,execute_bash,file_editor.view
deepswe-01844,success,execute_bash,execute_bash,execute_bash,execute_bash,file_editor.view,execute_bash,file_editor.view,file_editor.view
deepswe-01845,success,execute_bash,file_editor.view,execute_bash,file_editor.view,execute_bash,file_editor.view,file_editor.create,execute_bash
deepswe-01846,success,execute_bash,execute_bash,file_editor.view,file_editor.view,file_editor.view,execute_bash,file_editor.view,file_editor.create
deepswe-01847,success,execute_bash,execute_bash,file_editor.view,execute_bash,execute_bash,file_editor.view,file_editor.create,execute_bash
deepswe-01848,success,execute_bash,file_editor.view,file_editor.view,file_editor.view,execute_bash,file_editor.view,file_editor.create,execute_bash
deepswe-01849,partial,execute_bash,file_editor.view,execute_bash,execute_bash,file_editor.view,file_editor.view,execute_bash,file_editor.view
deepswe-01850,partial,file_editor.view,execute_bash,execute_bash,file_editor.view,file_editor.view,file_editor.view,execute_bash,file_editor.view
deepswe-01851,success,execute_bash,file_editor.view,file_editor.view,file_editor.view,execute_bash,file_editor.create,execute_bash,execute_bash
deepswe-01852,success,execute_bash,execute_bash,execute_bash,execute_bash,execute_bash,execute_bash,file_editor.view,file_editor.create
deepswe-01853,partial,execute_bash,execute_bash,execute_bash,execute_bash,file_editor.view,execute_bash,file_editor.view,execute_bash
deepswe-01854,success,execute_bash,execute_bash,file_editor.view,execute_bash,file_editor.view,execute_bash,file_editor.view,file_editor.view
deepswe-01855,partial,execute_bash,file_editor.view,execute_bash,file_editor.view,execute_bash,execute_bash,execute_bash,file_editor.view
deepswe-01856,success,execute_bash,execute_bash,file_editor.view,execute_bash,execute_bash,file_editor.view,file_editor.view,file_editor.view
deepswe-01857,success,execute_bash,execute_bash,file_editor.view,file_editor.view,execute_bash,execute_bash,execute_bash,file_editor.create
deepswe-01858,success,execute_bash,execute_bash,file_editor.view,file_editor.view,file_editor.view,file_editor.create,execute_bash,execute_bash
deepswe-01859,success,execute_bash,execute_bash,execute_bash,execute_bash,execute_bash,execute_bash,file_editor.view,file_editor.view
deepswe-01860,partial,execute_bash,execute_bash,execute_bash,file_editor.view,execute_bash,file_editor.view,execute_bash,file_editor.view
deepswe-01861,success,execute_bash,execute_bash,execute_bash,file_editor.view,execute_bash,file_editor.view,execute_bash,execute_bash
deepswe-01862,success,execute_bash,file_editor.view,file_editor.view,file_editor.view,execute_bash,file_editor.view,file_editor.view,file_editor.create
deepswe-01863,success,execute_bash,execute_bash,file_editor.view,execute_bash,execute_bash,execute_bash,file_editor.view,file_editor.view
deepswe-01864,success,execute_bash,execute_bash,execute_bash,file_editor.view,execute_bash,file_editor.view,file_editor.view,execute_bash
deepswe-01865,success,execute_bash,execute_bash,file_editor.view,file_editor.view,execute_bash,execute_bash,file_editor.view,file_editor.view
deepswe-01866,success,execute_bash,execute_bash,file_editor.view,execute_bash,file_editor.view,execute_bash,file_editor.view,file_editor.view
deepswe-01867,success,execute_bash,execute_bash,file_editor.view,file_editor.view,execute_bash,file_editor.view,file_editor.view,execute_bash
deepswe-01868,success,execute_bash,file_editor.view,execute_bash,execute_bash,execute_bash,execute_bash,execute_bash,execute_bash
deepswe-01869,success,execute_bash,execute_bash,file_editor.view,file_editor.view,file_editor.view,execute_bash,file_editor.view,file_editor.view
deepswe-01870,success,execute_bash,execute_bash,file_editor.view,file_editor.view,file_editor.view,execute_bash,execute_bash,execute_bash
deepswe-01871,success,execute_bash,execute_bash,execute_bash,execute_bash,file_editor.view,execute_bash,file_editor.view,execute_bash
deepswe-01872,success,execute_bash,execute_bash,execute_bash,execute_bash,execute_bash,execute_bash,file_editor.view,execute_bash
deepswe-01873,partial,execute_bash,execute_bash,file_editor.view,file_editor.view,file_editor.view,file_editor.view,file_editor.view,file_editor.create
deepswe-01874,success,execute_bash,file_editor.view,file_editor.view,execute_bash,execute_bash,file_editor.create,execute_bash,file_editor.view
deepswe-01875,success,execute_bash,execute_bash,execute_bash,file_editor.view,file_editor.view,file_editor.view,file_editor.view,file_editor.create
deepswe-01876,success,execute_bash,file_editor.view,execute_bash,file_editor.view,execute_bash,file_editor.view,execute_bash,file_editor.view
deepswe-01877,success,execute_bash,execute_bash,execute_bash,file_editor.view,search,file_editor.view,file_editor.view,file_editor.view
deepswe-01878,partial,execute_bash,execute_bash,execute_bash,execute_bash,execute_bash,execute_bash,execute_bash,execute_bash
deepswe-01879,success,file_editor.view,file_editor.view,execute_bash,execute_bash,execute_bash,file_editor.view,file_editor.view,execute_bash
deepswe-01880,success,execute_bash,execute_bash,file_editor.view,file_editor.view,file_editor.create,execute_bash,execute_bash,file_editor.create
deepswe-01881,success,execute_bash,execute_bash,execute_bash,execute_bash,execute_bash,execute_bash,execute_bash,file_editor.view
deepswe-01882,partial,execute_bash,execute_bash,file_editor.view,file_editor.view,file_editor.view,file_editor.view,file_editor.create,execute_bash
deepswe-01883,success,execute_bash,execute_bash,file_editor.view,file_editor.view,execute_bash,file_editor.view,execute_bash,file_editor.view
deepswe-01884,success,execute_bash,file_editor.view,file_editor.view,file_editor.create,file_editor.create,execute_bash,file_editor.create,execute_bash
deepswe-01885,success,execute_bash,execute_bash,file_editor.view,execute_bash,execute_bash,execute_bash,execute_bash,file_editor.view
deepswe-01886,success,execute_bash,execute_bash,file_editor.view,file_editor.view,file_editor.view,execute_bash,execute_bash,execute_bash
deepswe-01887,success,execute_bash,execute_bash,execute_bash,execute_bash,execute_bash,execute_bash,execute_bash,execute_bash
deepswe-01888,partial,execute_bash,file_editor.view,execute_bash,execute_bash,execute_bash,file_editor.view,file_editor.view,execute_bash
deepswe-01889,success,execute_bash,execute_bash,file_editor.view,file_editor.view,execute_bash,execute_bash,file_editor.create,execute_bash
deepswe-01890,partial,execute_bash,execute_bash,file_editor.create,execute_bash,execute_bash,execute_bash,file_editor.view,file_editor.view
deepswe-01891,partial,execute_bash,execute_bash,execute_bash,execute_bash,file_editor.view,execute_bash,execute_bash,execute_bash
deepswe-01892,success,execute_bash,execute_bash,execute_bash,execute_bash,execute_bash,execute_bash,execute_bash,file_editor.create
deepswe-01893,success,execute_bash,execute_bash,execute_bash,execute_bash,execute_bash,execute_bash,file_editor.view,file_editor.view
deepswe-01894,success,execute_bash,execute_bash,execute_bash,execute_bash,execute_bash,file_editor.view,file_editor.view,file_editor.view
deepswe-01895,partial,execute_bash,execute_bash,execute_bash,execute_bash,execute_bash,execute_bash,file_editor.create,execute_bash
deepswe-01896,success,execute_bash,file_editor.view,file_editor.view,execute_bash,execute_bash,execute_bash,execute_bash,execute_bash
deepswe-01897,partial,execute_bash,execute_bash,execute_bash,file_editor.view,file_editor.view,execute_bash,file_editor.view,execute_bash
deepswe-01898,success,execute_bash,execute_bash,execute_bash,execute_bash,execute_bash,execute_bash,execute_bash,execute_bash
deepswe-01899,success,execute_bash,execute_bash,execute_bash,execute_bash,file_editor.view,execute_bash,execute_bash,execute_bash
deepswe-01900,success,file_editor.view,file_editor.create,execute_bash,execute_bash,execute_bash,execute_bash,execute_bash,execute_bash
deepswe-01901,partial,execute_bash,execute_bash,execute_bash,execute_bash,execute_bash,execute_bash,execute_bash,execute_bash
deepswe-01902,success,execute_bash,execute_bash,execute_bash,execute_bash,execute_bash,execute_bash,execute_bash,execute_bash
deepswe-01903,partial,file_editor.view,file_editor.view,execute_bash,execute_bash,execute_bash,file_editor.view,execute_bash,execute_bash
deepswe-01904,success,execute_bash,execute_bash,file_editor.create,execute_bash,execute_bash,execute_bash,execute_bash,file_editor.view
deepswe-01905,success,execute_bash,execute_bash,execute_bash,execute_bash,execute_bash,execute_bash,execute_bash,file_editor.view
deepswe-01906,success,execute_bash,execute_bash,execute_bash,execute_bash,execute_bash,execute_bash,file_editor.view,execute_bash
deepswe-01907,partial,file_editor.view,file_editor.create,execute_bash,str_replace,execute_bash,str_replace,str_replace,execute_bash
deepswe-01908,partial,execute_bash,execute_bash,execute_bash,execute_bash,execute_bash,execute_bash,file_editor.view,execute_bash
deepswe-01909,success,execute_bash,file_editor.view,file_editor.view,execute_bash,execute_bash,file_editor.view,execute_bash,execute_bash
deepswe-01910,success,execute_bash,execute_bash,execute_bash,execute_bash,file_editor.view,file_editor.view,file_editor.view,file_editor.view
deepswe-01911,success,execute_bash,execute_bash,execute_bash,execute_bash,file_editor.view,execute_bash,execute_bash,file_editor.view
deepswe-01912,success,execute_bash,execute_bash,execute_bash,file_editor.create,execute_bash,execute_bash,execute_bash,file_editor.view
deepswe-01913,success,execute_bash,execute_bash,execute_bash,execute_bash,file_editor.view,execute_bash,file_editor.view,file_editor.view
deepswe-01914,success,execute_bash,file_editor.view,file_editor.view,execute_bash,file_editor.view,execute_bash,execute_bash,file_editor.create
deepswe-01915,success,execute_bash,execute_bash,execute_bash,execute_bash,execute_bash,execute_bash,execute_bash,execute_bash
deepswe-01916,success,execute_bash,execute_bash,execute_bash,execute_bash,execute_bash,execute_bash,execute_bash,execute_bash
deepswe-01917,success,execute_bash,execute_bash,execute_bash,file_editor.create,execute_bash,execute_bash,execute_bash,execute_bash
deepswe-01918,success,execute_bash,execute_bash,file_editor.view,file_editor.view,execute_bash,file_editor.view,file_editor.view,execute_bash
deepswe-01919,success,execute_bash,execute_bash,file_editor.create,execute_bash,execute_bash,execute_bash,execute_bash,file_editor.view
deepswe-01920,success,execute_bash,execute_bash,execute_bash,execute_bash,execute_bash,file_editor.view,file_editor.view,file_editor.view
deepswe-01921,success,execute_bash,execute_bash,file_editor.view,file_editor.view,execute_bash,file_editor.create,execute_bash,file_editor.str_replace
deepswe-01922,partial,execute_bash,execute_bash,file_editor.view,execute_bash,execute_bash,execute_bash,execute_bash,execute_bash
deepswe-01923,partial,execute_bash,execute_bash,execute_bash,file_editor.view,execute_bash,execute_bash,execute_bash,execute_bash
deepswe-01924,success,file_editor.view,file_editor.view,execute_bash,execute_bash,execute_bash,execute_bash,file_editor.create,execute_bash
deepswe-01925,success,execute_bash,execute_bash,execute_bash,execute_bash,file_editor.view,execute_bash,execute_bash,execute_bash
deepswe-01926,success,execute_bash,execute_bash,execute_bash,execute_bash,file_editor.view,file_editor.view,execute_bash,execute_bash
deepswe-01927,success,execute_bash,execute_bash,execute_bash,file_editor.view,execute_bash,file_editor.view,execute_bash,execute_bash
deepswe-01928,success,file_editor.view,execute_bash,file_editor.create,execute_bash,execute_bash,execute_bash,execute_bash,execute_bash
deepswe-01929,partial,execute_bash,file_editor.view,file_editor.view,file_editor.view,execute_bash,file_editor.view,file_editor.create,execute_bash
deepswe-01930,success,execute_bash,execute_bash,execute_bash,file_editor.create,execute_bash,execute_bash,execute_bash,file_editor.view
deepswe-01931,partial,execute_bash,file_editor.view,file_editor.view,file_editor.view,execute_bash,file_editor.view,execute_bash,execute_bash
deepswe-01932,success,execute_bash,execute_bash,file_editor.view,execute_bash,execute_bash,execute_bash,file_editor.view,execute_bash
deepswe-01933,success,execute_bash,execute_bash,execute_bash,execute_bash,execute_bash,execute_bash,file_editor.view,execute_bash
deepswe-01934,partial,execute_bash,execute_bash,file_editor.view,file_editor.view,execute_bash,execute_bash,file_editor.view,execute_bash
deepswe-01935,partial,execute_bash,execute_bash,execute_bash,file_editor.view,execute_bash,execute_bash,file_editor.create,execute_bash
deepswe-01936,success,execute_bash,execute_bash,execute_bash,execute_bash,execute_bash,execute_bash,execute_bash,file_editor.view
deepswe-01937,partial,execute_bash,execute_bash,execute_bash,file_editor.view,execute_bash,execute_bash,execute_bash,execute_bash
deepswe-01938,success,execute_bash,execute_bash,file_editor.view,file_editor.view,file_editor.view,execute_bash,execute_bash,file_editor.view
deepswe-01939,success,execute_bash,execute_bash,file_editor.view,execute_bash,execute_bash,execute_bash,file_editor.view,file_editor.view
deepswe-01940,success,execute_bash,execute_bash,execute_bash,execute_bash,execute_bash,execute_bash,file_editor.view,execute_bash
deepswe-01941,success,execute_bash,file_editor.view,file_editor.view,execute_bash,file_editor.view,file_editor.view,execute_bash,execute_bash
deepswe-01942,success,execute_bash,execute_bash,execute_bash,execute_bash,execute_bash,execute_bash,execute_bash,execute_bash
deepswe-01943,success,execute_bash,execute_bash,execute_bash,execute_bash,file_editor.view,execute_bash,execute_bash,execute_bash
deepswe-01944,success,execute_bash,execute_bash,execute_bash,execute_bash,execute_bash,execute_bash,file_editor.view,execute_bash
deepswe-01945,success,execute_bash,execute_bash,execute_bash,execute_bash,execute_bash,execute_bash,execute_bash,execute_bash
deepswe-01946,success,execute_bash,execute_bash,file_editor.view,execute_bash,execute_bash,execute_bash,file_editor.view,file_editor.view
deepswe-01947,partial,execute_bash,execute_bash,execute_bash,execute_bash,execute_bash,execute_bash,file_editor.view,file_editor.view
deepswe-01948,success,execute_bash,execute_bash,file_editor.view,file_editor.view,file_editor.view,file_editor.view,file_editor.create,execute_bash
deepswe-01949,success,execute_bash,execute_bash,execute_bash,file_editor.view,execute_bash,execute_bash,execute_bash,execute_bash
deepswe-01950,success,execute_bash,execute_bash,file_editor.view,execute_bash,execute_bash,file_editor.view,file_editor.view,execute_bash
deepswe-01951,success,execute_bash,execute_bash,file_editor.view,file_editor.view,execute_bash,execute_bash,execute_bash,execute_bash
deepswe-01952,success,execute_bash,execute_bash,execute_bash,file_editor.view,file_editor.view,file_editor.view,file_editor.create,execute_bash
deepswe-01953,success,execute_bash,execute_bash,execute_bash,execute_bash,file_editor.view,execute_bash,execute_bash,execute_bash
deepswe-01954,success,execute_bash,file_editor.view,execute_bash,execute_bash,execute_bash,file_editor.view,file_editor.view,execute_bash
deepswe-01955,success,execute_bash,execute_bash,execute_bash,file_editor.view,execute_bash,execute_bash,file_editor.view,execute_bash
deepswe-01956,partial,execute_bash,execute_bash,execute_bash,execute_bash,file_editor.view,execute_bash,file_editor.view,execute_bash
deepswe-01957,success,execute_bash,execute_bash,execute_bash,execute_bash,execute_bash,execute_bash,execute_bash,execute_bash
deepswe-01958,success,execute_bash,execute_bash,file_editor.view,file_editor.view,file_editor.view,file_editor.create,execute_bash,file_editor.view
deepswe-01959,partial,execute_bash,execute_bash,execute_bash,file_editor.view,file_editor.view,execute_bash,file_editor.view,file_editor.view
deepswe-01960,success,execute_bash,execute_bash,execute_bash,file_editor.view,execute_bash,execute_bash,execute_bash,file_editor.create
deepswe-01961,success,execute_bash,execute_bash,execute_bash,execute_bash,execute_bash,file_editor.view,file_editor.view,file_editor.view
deepswe-01962,success,execute_bash,execute_bash,execute_bash,file_editor.view,file_editor.view,execute_bash,file_editor.view,execute_bash
deepswe-01963,success,execute_bash,execute_bash,execute_bash,execute_bash,file_editor.view,file_editor.view,execute_bash,file_editor.view
deepswe-01964,success,execute_bash,file_editor.view,execute_bash,execute_bash,file_editor.view,execute_bash,file_editor.view,execute_bash
deepswe-01965,success,execute_bash,execute_bash,execute_bash,file_editor.view,file_editor.view,file_editor.view,file_editor.view,file_editor.view
deepswe-01966,success,execute_bash,file_editor.view,file_editor.view,file_editor.view,execute_bash,file_editor.view,file_editor.view,execute_bash
deepswe-01967,success,execute_bash,execute_bash,file_editor.view,file_editor.view,execute_bash,execute_bash,file_editor.view,file_editor.create
deepswe-01968,partial,execute_bash,execute_bash,file_editor.view,execute_bash,file_editor.view,execute_bash,file_editor.view,execute_bash
deepswe-01969,success,execute_bash,execute_bash,file_editor.view,execute_bash,file_editor.view,execute_bash,file_editor.view,file_editor.view
deepswe-01970,success,execute_bash,execute_bash,execute_bash,file_editor.view,file_editor.view,file_editor.view,file_editor.view,file_editor.view
deepswe-01971,success,execute_bash,execute_bash,file_editor.view,execute_bash,file_editor.view,file_editor.view,execute_bash,execute_bash
deepswe-01972,success,execute_bash,execute_bash,file_editor.view,execute_bash,file_editor.view,execute_bash,file_editor.view,execute_bash
deepswe-01973,success,execute_bash,execute_bash,file_editor.view,execute_bash,execute_bash,execute_bash,file_editor.view,file_editor.view
deepswe-01974,partial,execute_bash,execute_bash,execute_bash,file_editor.view,file_editor.view,file_editor.view,file_editor.create,execute_bash
deepswe-01975,success,execute_bash,execute_bash,execute_bash,file_editor.view,file_editor.view,execute_bash,file_editor.create,execute_bash
deepswe-01976,success,execute_bash,execute_bash,execute_bash,execute_bash,execute_bash,file_editor.view,file_editor.view,file_editor.view
deepswe-01977,success,execute_bash,execute_bash,execute_bash,file_editor.view,file_editor.view,file_editor.view,file_editor.view,execute_bash
deepswe-01978,success,execute_bash,execute_bash,file_editor.view,file_editor.view,file_editor.view,execute_bash,file_editor.view,file_editor.view
deepswe-01979,success,execute_bash,execute_bash,execute_bash,file_editor.view,execute_bash,execute_bash,execute_bash,file_editor.view
deepswe-01980,success,execute_bash,execute_bash,execute_bash,file_editor.view,file_editor.view,file_editor.view,execute_bash,file_editor.view
deepswe-01981,success,execute_bash,file_editor.view,execute_bash,file_editor.view,execute_bash,file_editor.view,file_editor.view,execute_bash
deepswe-01982,success,execute_bash,execute_bash,execute_bash,execute_bash,file_editor.view,execute_bash,file_editor.view,execute_bash
deepswe-01983,success,execute_bash,execute_bash,file_editor.view,file_editor.view,file_editor.view,file_editor.view,file_editor.view,file_editor.view
deepswe-01984,success,execute_bash,execute_bash,file_editor.view,execute_bash,file_editor.view,file_editor.view,execute_bash,file_editor.view
deepswe-01985,success,execute_bash,execute_bash,execute_bash,file_editor.view,file_editor.view,execute_bash,file_editor.view,file_editor.view
deepswe-01986,success,execute_bash,execute_bash,execute_bash,execute_bash,execute_bash,execute_bash,execute_bash,file_editor.view
deepswe-01987,success,execute_bash,execute_bash,file_editor.view,file_editor.view,execute_bash,file_editor.view,file_editor.view,file_editor.view
deepswe-01988,success,execute_bash,execute_bash,execute_bash,execute_bash,file_editor.view,file_editor.view,execute_bash,file_editor.view
deepswe-01989,partial,execute_bash,execute_bash,execute_bash,execute_bash,file_editor.view,file_editor.view,execute_bash,execute_bash
deepswe-01990,success,execute_bash,execute_bash,execute_bash,file_editor.view,file_editor.view,execute_bash,file_editor.view,file_editor.view
deepswe-01991,success,execute_bash,execute_bash,execute_bash,execute_bash,file_editor.view,execute_bash,execute_bash,file_editor.view
deepswe-01992,success,execute_bash,execute_bash,execute_bash,execute_bash,execute_bash,execute_bash,file_editor.view,file_editor.view
deepswe-01993,success,execute_bash,execute_bash,execute_bash,execute_bash,file_editor.view,file_editor.view,execute_bash,file_editor.view
deepswe-01994,success,execute_bash,execute_bash,file_editor.view,file_editor.view,execute_bash,execute_bash,file_editor.view,file_editor.create
deepswe-01995,success,execute_bash,execute_bash,file_editor.view,search,file_editor.view,file_editor.view,execute_bash,file_editor.create
deepswe-01996,success,file_editor.view,execute_bash,execute_bash,execute_bash,execute_bash,file_editor.view,file_editor.view,file_editor.view
deepswe-01997,success,execute_bash,execute_bash,file_editor.view,execute_bash,file_editor.view,execute_bash,file_editor.view,file_editor.view
deepswe-01998,success,execute_bash,execute_bash,file_editor.view,execute_bash,file_editor.view,file_editor.view,file_editor.view,file_editor.view
deepswe-01999,success,execute_bash,file_editor.view,file_editor.view,execute_bash,file_editor.view,file_editor.view,execute_bash,file_editor.view
deepswe-02000,success,execute_bash,file_editor.view,file_editor.view,file_editor.view,execute_bash,execute_bash,execute_bash,execute_bash
deepswe-02001,partial,execute_bash,execute_bash,execute_bash,execute_bash,file_editor.view,file_editor.view,file_editor.view,file_editor.view
deepswe-02002,success,execute_bash,execute_bash,execute_bash,execute_bash,execute_bash,execute_bash,file_editor.view,execute_bash
deepswe-02003,success,execute_bash,execute_bash,execute_bash,execute_bash,execute_bash,execute_bash,execute_bash,execute_bash
deepswe-02004,success,execute_bash,execute_bash,file_editor.view,execute_bash,file_editor.view,execute_bash,file_editor.view,file_editor.view
deepswe-02005,success,execute_bash,execute_bash,file_editor.view,execute_bash,execute_bash,execute_bash,file_editor.view,file_editor.create
deepswe-02006,partial,execute_bash,execute_bash,execute_bash,execute_bash,file_editor.view,file_editor.view,file_editor.view,execute_bash
deepswe-02007,success,execute_bash,execute_bash,file_editor.view,execute_bash,file_editor.view,execute_bash,file_editor.view,execute_bash
deepswe-02008,success,execute_bash,execute_bash,execute_bash,execute_bash,file_editor.view,file_editor.view,execute_bash,execute_bash
deepswe-02009,partial,execute_bash,execute_bash,execute_bash,execute_bash,execute_bash,execute_bash,execute_bash,execute_bash
deepswe-02010,success,execute_bash,execute_bash,execute_bash,file_editor.view,execute_bash,execute_bash,file_editor.view,file_editor.view
deepswe-02011,success,execute_bash,execute_bash,execute_bash,execute_bash,file_editor.view,execute_bash,execute_bash,execute_bash
deepswe-02012,success,execute_bash,execute_bash,file_editor.view,file_editor.view,file_editor.view,file_editor.view,file_editor.view,execute_bash
deepswe-02013,success,execute_bash,execute_bash,execute_bash,execute_bash,execute_bash,execute_bash,execute_bash,file_editor.view
deepswe-02014,success,execute_bash,execute_bash,file_editor.view,file_editor.view,execute_bash,execute_bash,file_editor.view,file_editor.view
deepswe-02015,success,execute_bash,execute_bash,file_editor.view,file_editor.view,execute_bash,file_editor.view,file_editor.view,file_editor.create
deepswe-02016,success,execute_bash,execute_bash,execute_bash,execute_bash,execute_bash,execute_bash,file_editor.view,file_editor.view
deepswe-02017,success,execute_bash,execute_bash,file_editor.view,execute_bash,file_editor.view,file_editor.view,execute_bash,file_editor.view
deepswe-02018,success,execute_bash,execute_bash,file_editor.view,search,execute_bash,file_editor.view,execute_bash,file_editor.view
deepswe-02019,success,execute_bash,execute_bash,execute_bash,execute_bash,file_editor.view,file_editor.view,file_editor.view,execute_bash
deepswe-02020,partial,execute_bash,execute_bash,execute_bash,execute_bash,file_editor.view,file_editor.view,file_editor.view,file_editor.view
deepswe-02021,success,execute_bash,execute_bash,execute_bash,execute_bash,file_editor.view,execute_bash,file_editor.view,file_editor.view
deepswe-02022,success,execute_bash,execute_bash,file_editor.view,file_editor.view,file_editor.view,execute_bash,file_editor.view,execute_bash
deepswe-02023,success,execute_bash,execute_bash,execute_bash,execute_bash,file_editor.view,file_editor.view,file_editor.view,file_editor.create
deepswe-02024,success,execute_bash,execute_bash,execute_bash,execute_bash,execute_bash,execute_bash,execute_bash,file_editor.view
deepswe-02025,success,execute_bash,execute_bash,execute_bash,file_editor.view,execute_bash,execute_bash,file_editor.view,file_editor.view
deepswe-02026,success,execute_bash,execute_bash,file_editor.view,file_editor.view,file_editor.view,execute_bash,execute_bash,file_editor.view
deepswe-02027,success,execute_bash,execute_bash,file_editor.view,file_editor.view,execute_bash,file_editor.view,execute_bash,file_editor.view
deepswe-02028,partial,execute_bash,execute_bash,execute_bash,execute_bash,file_editor.view,file_editor.view,file_editor.view,execute_bash
deepswe-02029,success,execute_bash,file_editor.view,file_editor.view,file_editor.view,execute_bash,file_editor.view,file_editor.view,file_editor.view
deepswe-02030,partial,execute_bash,execute_bash,execute_bash,execute_bash,execute_bash,execute_bash,file_editor.view,file_editor.view
deepswe-02031,success,execute_bash,execute_bash,file_editor.view,execute_bash,file_editor.view,execute_bash,file_editor.view,file_editor.view
deepswe-02032,success,execute_bash,execute_bash,execute_bash,file_editor.create,execute_bash,file_editor.str_replace,execute_bash,execute_bash
deepswe-02033,success,execute_bash,execute_bash,execute_bash,file_editor.view,file_editor.view,execute_bash,execute_bash,file_editor.view
deepswe-02034,success,execute_bash,execute_bash,execute_bash,file_editor.view,execute_bash,file_editor.view,execute_bash,execute_bash
deepswe-02035,success,execute_bash,execute_bash,execute_bash,file_editor.view,file_editor.view,file_editor.view,execute_bash,file_editor.view
deepswe-02036,success,execute_bash,execute_bash,execute_bash,file_editor.view,file_editor.view,execute_bash,execute_bash,execute_bash
deepswe-02037,partial,execute_bash,execute_bash,execute_bash,execute_bash,file_editor.view,execute_bash,execute_bash,execute_bash
deepswe-02038,success,execute_bash,execute_bash,execute_bash,execute_bash,file_editor.view,file_editor.view,file_editor.view,file_editor.view
deepswe-02039,success,execute_bash,execute_bash,execute_bash,file_editor.view,execute_bash,file_editor.view,execute_bash,file_editor.view
deepswe-02040,partial,execute_bash,execute_bash,file_editor.view,file_editor.view,execute_bash,file_editor.view,file_editor.create,execute_bash
deepswe-02041,success,file_editor.view,execute_bash,execute_bash,execute_bash,execute_bash,execute_bash,file_editor.view,file_editor.view
deepswe-02042,partial,execute_bash,execute_bash,execute_bash,execute_bash,execute_bash,file_editor.view,execute_bash,file_editor.view
deepswe-02043,success,execute_bash,execute_bash,file_editor.view,file_editor.view,file_editor.view,execute_bash,file_editor.view,file_editor.create
deepswe-02044,success,execute_bash,execute_bash,execute_bash,execute_bash,file_editor.view,file_editor.view,file_editor.view,file_editor.view
deepswe-02045,partial,execute_bash,execute_bash,execute_bash,execute_bash,execute_bash,execute_bash,execute_bash,execute_bash
deepswe-02046,success,execute_bash,execute_bash,file_editor.view,execute_bash,execute_bash,execute_bash,file_editor.create,execute_bash
deepswe-02047,success,execute_bash,execute_bash,execute_bash,file_editor.view,execute_bash,file_editor.view,file_editor.view,execute_bash
deepswe-02048,success,execute_bash,execute_bash,execute_bash,file_editor.view,file_editor.view,execute_bash,file_editor.view,file_editor.view
deepswe-02049,success,execute_bash,execute_bash,execute_bash,execute_bash,file_editor.view,file_editor.view,file_editor.view,execute_bash
deepswe-02050,success,execute_bash,execute_bash,file_editor.view,file_editor.view,file_editor.view,file_editor.view,file_editor.view,file_editor.view
deepswe-02051,success,execute_bash,execute_bash,execute_bash,file_editor.view,execute_bash,file_editor.view,file_editor.view,execute_bash
deepswe-02052,partial,execute_bash,execute_bash,execute_bash,execute_bash,file_editor.view,execute_bash,execute_bash,execute_bash
deepswe-02053,success,execute_bash,execute_bash,execute_bash,execute_bash,execute_bash,execute_bash,execute_bash,execute_bash
deepswe-02054,success,execute_bash,execute_bash,file_editor.view,execute_bash,execute_bash,file_editor.view,execute_bash,file_editor.view
deepswe-02055,partial,execute_bash,execute_bash,file_editor.view,file_editor.view,execute_bash,execute_bash,execute_bash,execute_bash
deepswe-02056,success,execute_bash,file_editor.view,file_editor.view,execute_bash,file_editor.create,execute_bash,execute_bash,file_editor.view
deepswe-02057,success,execute_bash,execute_bash,file_editor.view,file_editor.view,execute_bash,file_editor.view,file_editor.view,execute_bash
deepswe-02058,success,execute_bash,execute_bash,execute_bash,file_editor.view,execute_bash,execute_bash,file_editor.view,execute_bash
deepswe-02059,success,execute_bash,execute_bash,execute_bash,file_editor.view,execute_bash,file_editor.view,execute_bash,file_editor.view
deepswe-02060,success,execute_bash,execute_bash,execute_bash,execute_bash,execute_bash,file_editor.view,file_editor.view,file_editor.view
deepswe-02061,success,execute_bash,execute_bash,file_editor.view,file_editor.view,file_editor.view,file_editor.view,file_editor.view,file_editor.view
deepswe-02062,success,execute_bash,execute_bash,execute_bash,execute_bash,execute_bash,file_editor.view,file_editor.view,file_editor.view
deepswe-02063,success,execute_bash,execute_bash,execute_bash,execute_bash,execute_bash,execute_bash,execute_bash,execute_bash
deepswe-02064,success,execute_bash,execute_bash,file_editor.view,file_editor.view,file_editor.view,execute_bash,file_editor.view,execute_bash
deepswe-02065,partial,execute_bash,execute_bash,execute_bash,file_editor.view,execute_bash,file_editor.view,file_editor.view,execute_bash
deepswe-02066,success,execute_bash,execute_bash,execute_bash,execute_bash,file_editor.view,execute_bash,file_editor.view,file_editor.view
deepswe-02067,success,execute_bash,execute_bash,execute_bash,execute_bash,execute_bash,execute_bash,execute_bash,execute_bash
deepswe-02068,partial,execute_bash,execute_bash,execute_bash,execute_bash,file_editor.view,execute_bash,execute_bash,file_editor.view
deepswe-02069,success,execute_bash,execute_bash,execute_bash,file_editor.view,file_editor.view,file_editor.view,execute_bash,execute_bash
deepswe-02070,partial,file_editor.view,execute_bash,execute_bash,execute_bash,file_editor.view,file_editor.view,execute_bash,file_editor.view
deepswe-02071,partial,execute_bash,execute_bash,execute_bash,execute_bash,execute_bash,execute_bash,execute_bash,execute_bash
deepswe-02072,success,execute_bash,execute_bash,file_editor.view,file_editor.view,execute_bash,file_editor.view,file_editor.create,execute_bash
deepswe-02073,success,execute_bash,execute_bash,execute_bash,execute_bash,execute_bash,execute_bash,file_editor.view,execute_bash
deepswe-02074,success,execute_bash,execute_bash,execute_bash,execute_bash,execute_bash,execute_bash,execute_bash,file_editor.view
deepswe-02075,success,file_editor.view,file_editor.view,file_editor.view,file_editor.view,execute_bash,file_editor.view,file_editor.create,execute_bash
deepswe-02076,partial,execute_bash,execute_bash,file_editor.view,execute_bash,file_editor.view,file_editor.view,file_editor.view,file_editor.view
deepswe-02077,success,execute_bash,execute_bash,execute_bash,execute_bash,execute_bash,execute_bash,execute_bash,file_editor.view
deepswe-02078,success,execute_bash,execute_bash,execute_bash,execute_bash,execute_bash,execute_bash,execute_bash,file_editor.view
deepswe-02079,partial,execute_bash,execute_bash,execute_bash,file_editor.view,file_editor.view,file_editor.view,file_editor.view,file_editor.view
deepswe-02080,success,execute_bash,execute_bash,file_editor.view,file_editor.view,file_editor.view,execute_bash,execute_bash,file_editor.view
deepswe-02081,partial,execute_bash,file_editor.view,file_editor.view,execute_bash,file_editor.view,execute_bash,execute_bash,file_editor.view
deepswe-02082,success,execute_bash,execute_bash,execute_bash,file_editor.view,file_editor.view,file_editor.view,execute_bash,execute_bash
deepswe-02083,success,execute_bash,execute_bash,execute_bash,execute_bash,execute_bash,execute_bash,file_editor.view,execute_bash
deepswe-02084,success,execute_bash,execute_bash,file_editor.view,execute_bash,execute_bash,file_editor.view,file_editor.view,execute_bash
deepswe-02085,success,execute_bash,execute_bash,file_editor.view,file_editor.view,file_editor.view,file_editor.view,execute_bash,execute_bash
deepswe-02086,partial,execute_bash,execute_bash,execute_bash,file_editor.view,execute_bash,execute_bash,execute_bash,execute_bash
deepswe-02087,success,execute_bash,execute_bash,file_editor.view,file_editor.view,file_editor.view,file_editor.view,execute_bash,execute_bash
deepswe-02088,success,execute_bash,execute_bash,file_editor.view,file_editor.view,file_editor.view,file_editor.view,execute_bash,execute_bash
deepswe-02089,success,execute_bash,execute_bash,file_editor.view,execute_bash,file_editor.view,file_editor.create,execute_bash,execute_bash
deepswe-02090,success,execute_bash,execute_bash,file_editor.view,execute_bash,file_editor.view,file_editor.view,execute_bash,file_editor.view
deepswe-02091,success,execute_bash,file_editor.view,file_editor.view,execute_bash,execute_bash,execute_bash,file_editor.create,execute_bash
deepswe-02092,success,execute_bash,execute_bash,file_editor.view,file_editor.view,file_editor.view,file_editor.view,execute_bash,execute_bash
deepswe-02093,success,execute_bash,execute_bash,file_editor.view,file_editor.view,file_editor.create,execute_bash,file_editor.str_replace,execute_bash
deepswe-02094,success,execute_bash,execute_bash,file_editor.view,execute_bash,file_editor.view,file_editor.view,execute_bash,file_editor.view
deepswe-02095,success,execute_bash,file_editor.view,file_editor.view,execute_bash,file_editor.view,execute_bash,file_editor.view,file_editor.create
deepswe-02096,partial,execute_bash,execute_bash,file_editor.view,file_editor.view,execute_bash,file_editor.view,execute_bash,file_editor.view
deepswe-02097,success,execute_bash,execute_bash,execute_bash,execute_bash,execute_bash,file_editor.view,execute_bash,execute_bash
deepswe-02098,success,execute_bash,execute_bash,file_editor.view,execute_bash,file_editor.view,file_editor.view,execute_bash,execute_bash
deepswe-02099,success,execute_bash,execute_bash,file_editor.view,file_editor.view,file_editor.view,execute_bash,file_editor.view,file_editor.view
deepswe-02100,success,execute_bash,execute_bash,file_editor.view,execute_bash,file_editor.view,execute_bash,execute_bash,file_editor.view
deepswe-02101,success,execute_bash,execute_bash,execute_bash,execute_bash,file_editor.view,file_editor.view,file_editor.view,execute_bash
deepswe-02102,success,execute_bash,execute_bash,execute_bash,execute_bash,execute_bash,execute_bash,file_editor.view,file_editor.view
deepswe-02103,partial,execute_bash,execute_bash,file_editor.view,execute_bash,execute_bash,execute_bash,file_editor.view,file_editor.view
deepswe-02104,success,execute_bash,execute_bash,execute_bash,file_editor.view,execute_bash,file_editor.view,execute_bash,execute_bash
deepswe-02105,success,execute_bash,execute_bash,file_editor.view,execute_bash,file_editor.view,execute_bash,file_editor.view,execute_bash
deepswe-02106,success,execute_bash,file_editor.view,file_editor.view,file_editor.view,execute_bash,execute_bash,file_editor.view,execute_bash
deepswe-02107,success,execute_bash,execute_bash,execute_bash,file_editor.view,file_editor.view,execute_bash,execute_bash,file_editor.view
deepswe-02108,success,execute_bash,execute_bash,file_editor.view,execute_bash,execute_bash,execute_bash,file_editor.view,file_editor.view
deepswe-02109,success,execute_bash,execute_bash,execute_bash,execute_bash,file_editor.view,file_editor.view,file_editor.view,execute_bash
deepswe-02110,success,execute_bash,execute_bash,execute_bash,execute_bash,file_editor.view,file_editor.view,execute_bash,file_editor.view
deepswe-02111,success,execute_bash,execute_bash,file_editor.view,file_editor.view,file_editor.view,file_editor.view,execute_bash,file_editor.create
deepswe-02112,success,execute_bash,execute_bash,file_editor.view,file_editor.view,execute_bash,file_editor.view,file_editor.view,execute_bash
deepswe-02113,success,execute_bash,execute_bash,file_editor.view,file_editor.view,file_editor.view,file_editor.view,execute_bash,file_editor.view
deepswe-02114,success,execute_bash,execute_bash,execute_bash,file_editor.view,execute_bash,file_editor.view,file_editor.view,file_editor.view
deepswe-02115,success,execute_bash,execute_bash,execute_bash,file_editor.view,file_editor.view,execute_bash,execute_bash,file_editor.view
deepswe-02116,success,file_editor.view,file_editor.view,file_editor.view,file_editor.view,execute_bash,file_editor.view,file_editor.view,file_editor.view
deepswe-02117,success,execute_bash,file_editor.view,execute_bash,file_editor.view,file_editor.create,execute_bash,execute_bash,file_editor.str_replace
deepswe-02118,success,execute_bash,execute_bash,execute_bash,execute_bash,file_editor.create,execute_bash,file_editor.str_replace,execute_bash
deepswe-02119,success,execute_bash,execute_bash,execute_bash,execute_bash,execute_bash,execute_bash,execute_bash,execute_bash
deepswe-02120,success,execute_bash,execute_bash,file_editor.view,execute_bash,execute_bash,execute_bash,file_editor.view,execute_bash
deepswe-02121,success,execute_bash,execute_bash,file_editor.view,execute_bash,file_editor.view,execute_bash,execute_bash,file_editor.view
deepswe-02122,success,execute_bash,file_editor.view,execute_bash,execute_bash,file_editor.view,execute_bash,execute_bash,file_editor.view
deepswe-02123,success,execute_bash,execute_bash,execute_bash,file_editor.view,execute_bash,file_editor.view,file_editor.view,execute_bash
deepswe-02124,success,execute_bash,execute_bash,file_editor.create,execute_bash,execute_bash,execute_bash,file_editor.view,file_editor.view
deepswe-02125,success,execute_bash,execute_bash,execute_bash,file_editor.view,file_editor.view,file_editor.create,execute_bash,file_editor.view
deepswe-02126,success,execute_bash,file_editor.view,file_editor.view,execute_bash,execute_bash,execute_bash,file_editor.view,file_editor.view
deepswe-02127,success,execute_bash,execute_bash,execute_bash,execute_bash,execute_bash,file_editor.view,file_editor.view,execute_bash
deepswe-02128,success,execute_bash,execute_bash,file_editor.view,execute_bash,execute_bash,execute_bash,execute_bash,file_editor.view
deepswe-02129,success,execute_bash,execute_bash,execute_bash,execute_bash,execute_bash,file_editor.view,file_editor.view,execute_bash
deepswe-02130,success,execute_bash,execute_bash,execute_bash,execute_bash,execute_bash,execute_bash,execute_bash,execute_bash
deepswe-02131,success,file_editor.view,file_editor.view,file_editor.view,file_editor.view,file_editor.view,execute_bash,file_editor.create,execute_bash
deepswe-02132,partial,execute_bash,execute_bash,execute_bash,execute_bash,execute_bash,execute_bash,file_editor.view,file_editor.view
deepswe-02133,success,execute_bash,execute_bash,file_editor.view,execute_bash,file_editor.view,file_editor.view,execute_bash,file_editor.view
deepswe-02134,success,execute_bash,execute_bash,file_editor.view,file_editor.view,file_editor.view,execute_bash,file_editor.view,file_editor.view
deepswe-02135,partial,execute_bash,execute_bash,execute_bash,file_editor.view,execute_bash,file_editor.view,execute_bash,file_editor.view
deepswe-02136,success,execute_bash,file_editor.view,execute_bash,file_editor.view,file_editor.view,file_editor.create,execute_bash,file_editor.view
deepswe-02137,success,execute_bash,file_editor.view,file_editor.view,execute_bash,file_editor.view,execute_bash,file_editor.view,file_editor.create
deepswe-02138,success,execute_bash,execute_bash,execute_bash,file_editor.view,execute_bash,execute_bash,file_editor.view,file_editor.view
deepswe-02139,success,execute_bash,execute_bash,execute_bash,file_editor.view,file_editor.view,file_editor.view,file_editor.view,execute_bash
deepswe-02140,success,execute_bash,execute_bash,file_editor.view,file_editor.view,file_editor.view,file_editor.view,file_editor.view,file_editor.create
deepswe-02141,partial,execute_bash,file_editor.view,execute_bash,file_editor.view,execute_bash,file_editor.view,execute_bash,file_editor.view
deepswe-02142,success,execute_bash,execute_bash,execute_bash,file_editor.view,execute_bash,execute_bash,execute_bash,file_editor.view
deepswe-02143,success,execute_bash,file_editor.view,execute_bash,execute_bash,file_editor.view,execute_bash,file_editor.view,file_editor.create
deepswe-02144,success,execute_bash,file_editor.view,execute_bash,file_editor.view,execute_bash,file_editor.view,execute_bash,file_editor.create
deepswe-02145,success,execute_bash,execute_bash,execute_bash,execute_bash,execute_bash,execute_bash,file_editor.view,file_editor.view
deepswe-02146,success,execute_bash,execute_bash,file_editor.view,execute_bash,file_editor.view,execute_bash,file_editor.view,file_editor.create
deepswe-02147,success,execute_bash,execute_bash,file_editor.view,file_editor.view,file_editor.view,execute_bash,file_editor.view,file_editor.view
deepswe-02148,success,execute_bash,execute_bash,execute_bash,execute_bash,file_editor.view,execute_bash,file_editor.view,file_editor.view
deepswe-02149,success,file_editor.view,execute_bash,execute_bash,execute_bash,execute_bash,execute_bash,file_editor.view,execute_bash
deepswe-02150,success,execute_bash,execute_bash,execute_bash,execute_bash,execute_bash,file_editor.view,file_editor.view,file_editor.view
deepswe-02151,partial,execute_bash,execute_bash,file_editor.view,file_editor.view,execute_bash,file_editor.view,file_editor.view,execute_bash
deepswe-02152,success,execute_bash,execute_bash,execute_bash,file_editor.view,file_editor.view,file_editor.view,file_editor.view,execute_bash
deepswe-02153,success,execute_bash,execute_bash,file_editor.view,execute_bash,file_editor.view,execute_bash,file_editor.view,execute_bash
deepswe-02154,success,execute_bash,execute_bash,execute_bash,execute_bash,execute_bash,file_editor.view,file_editor.view,execute_bash
deepswe-02155,success,execute_bash,execute_bash,execute_bash,file_editor.view,file_editor.view,file_editor.view,file_editor.create,execute_bash
deepswe-02156,partial,execute_bash,file_editor.view,file_editor.view,file_editor.view,execute_bash,file_editor.view,file_editor.create,execute_bash
deepswe-02157,partial,execute_bash,execute_bash,execute_bash,file_editor.view,file_editor.view,file_editor.view,execute_bash,execute_bash
deepswe-02158,partial,execute_bash,execute_bash,file_editor.view,execute_bash,execute_bash,execute_bash,execute_bash,execute_bash
deepswe-02159,success,execute_bash,execute_bash,execute_bash,execute_bash,execute_bash,execute_bash,execute_bash,execute_bash
deepswe-02160,success,execute_bash,file_editor.view,file_editor.view,execute_bash,file_editor.view,execute_bash,execute_bash,file_editor.view
deepswe-02161,success,execute_bash,execute_bash,execute_bash,execute_bash,file_editor.view,file_editor.view,execute_bash,file_editor.view
deepswe-02162,partial,execute_bash,execute_bash,execute_bash,execute_bash,execute_bash,execute_bash,file_editor.view,execute_bash
deepswe-02163,success,execute_bash,execute_bash,file_editor.view,execute_bash,file_editor.create,execute_bash,file_editor.view,file_editor.view
deepswe-02164,success,execute_bash,execute_bash,execute_bash,execute_bash,file_editor.view,execute_bash,file_editor.view,file_editor.view
deepswe-02165,success,execute_bash,file_editor.view,file_editor.view,execute_bash,file_editor.view,execute_bash,execute_bash,file_editor.create
deepswe-02166,success,execute_bash,file_editor.view,execute_bash,file_editor.view,execute_bash,file_editor.view,execute_bash,execute_bash
deepswe-02167,success,execute_bash,execute_bash,file_editor.view,file_editor.view,execute_bash,file_editor.view,file_editor.create,execute_bash
deepswe-02168,partial,execute_bash,file_editor.view,file_editor.view,execute_bash,file_editor.view,file_editor.view,execute_bash,file_editor.view
deepswe-02169,success,execute_bash,execute_bash,file_editor.view,file_editor.view,file_editor.view,execute_bash,file_editor.view,file_editor.create
deepswe-02170,success,execute_bash,execute_bash,execute_bash,execute_bash,execute_bash,file_editor.view,execute_bash,file_editor.view
deepswe-02171,success,execute_bash,execute_bash,execute_bash,file_editor.view,execute_bash,file_editor.view,execute_bash,file_editor.view
deepswe-02172,partial,execute_bash,execute_bash,execute_bash,file_editor.view,execute_bash,file_editor.view,file_editor.view,file_editor.view
deepswe-02173,success,execute_bash,execute_bash,file_editor.view,file_editor.view,file_editor.view,execute_bash,execute_bash,file_editor.view
deepswe-02174,success,execute_bash,execute_bash,file_editor.view,file_editor.view,file_editor.view,file_editor.view,file_editor.create,execute_bash
deepswe-02175,success,execute_bash,execute_bash,execute_bash,file_editor.view,file_editor.view,execute_bash,file_editor.view,execute_bash
deepswe-02176,success,execute_bash,execute_bash,execute_bash,execute_bash,execute_bash,execute_bash,execute_bash,file_editor.view
deepswe-02177,success,execute_bash,execute_bash,file_editor.view,file_editor.view,execute_bash,file_editor.view,execute_bash,file_editor.view
deepswe-02178,success,execute_bash,execute_bash,execute_bash,execute_bash,file_editor.view,file_editor.create,execute_bash,execute_bash
deepswe-02179,partial,execute_bash,execute_bash,execute_bash,execute_bash,file_editor.view,execute_bash,execute_bash,execute_bash
deepswe-02180,success,execute_bash,execute_bash,file_editor.view,execute_bash,execute_bash,file_editor.view,execute_bash,file_editor.view
deepswe-02181,success,execute_bash,execute_bash,file_editor.view,execute_bash,file_editor.view,execute_bash,file_editor.view,file_editor.view
deepswe-02182,success,execute_bash,execute_bash,file_editor.view,file_editor.view,file_editor.view,execute_bash,file_editor.view,file_editor.create
deepswe-02183,success,execute_bash,execute_bash,execute_bash,file_editor.view,execute_bash,file_editor.view,execute_bash,execute_bash
deepswe-02184,success,execute_bash,file_editor.view,file_editor.view,execute_bash,file_editor.view,file_editor.view,execute_bash,execute_bash
deepswe-02185,success,execute_bash,execute_bash,execute_bash,execute_bash,execute_bash,file_editor.view,execute_bash,execute_bash
deepswe-02186,success,execute_bash,execute_bash,file_editor.view,file_editor.view,execute_bash,execute_bash,file_editor.view,file_editor.view
deepswe-02187,success,execute_bash,execute_bash,execute_bash,execute_bash,file_editor.view,file_editor.view,execute_bash,file_editor.view
deepswe-02188,partial,execute_bash,execute_bash,execute_bash,file_editor.view,file_editor.view,execute_bash,execute_bash,execute_bash
deepswe-02189,partial,execute_bash,execute_bash,execute_bash,file_editor.view,execute_bash,file_editor.view,file_editor.view,execute_bash
deepswe-02190,success,execute_bash,execute_bash,file_editor.view,file_editor.view,execute_bash,execute_bash,file_editor.view,execute_bash
deepswe-02191,success,execute_bash,execute_bash,execute_bash,file_editor.view,execute_bash,file_editor.view,file_editor.view,execute_bash
deepswe-02192,success,execute_bash,execute_bash,execute_bash,execute_bash,execute_bash,file_editor.view,file_editor.view,execute_bash
deepswe-02193,success,execute_bash,execute_bash,execute_bash,execute_bash,execute_bash,file_editor.view,file_editor.view,file_editor.view
deepswe-02194,success,execute_bash,execute_bash,file_editor.view,execute_bash,file_editor.view,execute_bash,file_editor.view,file_editor.create
deepswe-02195,partial,execute_bash,file_editor.view,execute_bash,execute_bash,execute_bash,execute_bash,file_editor.view,execute_bash
deepswe-02196,partial,execute_bash,execute_bash,file_editor.view,file_editor.view,file_editor.view,execute_bash,file_editor.create,execute_bash
deepswe-02197,success,execute_bash,execute_bash,execute_bash,execute_bash,execute_bash,execute_bash,file_editor.view,file_editor.view
deepswe-02198,success,execute_bash,execute_bash,file_editor.view,file_editor.view,execute_bash,file_editor.view,execute_bash,file_editor.view
deepswe-02199,success,execute_bash,execute_bash,execute_bash,execute_bash,execute_bash,execute_bash,execute_bash,execute_bash
deepswe-02200,success,execute_bash,execute_bash,execute_bash,execute_bash,execute_bash,execute_bash,execute_bash,execute_bash
deepswe-02201,success,execute_bash,file_editor.view,execute_bash,execute_bash,file_editor.view,file_editor.view,execute_bash,execute_bash
deepswe-02202,success,execute_bash,execute_bash,file_editor.view,file_editor.view,execute_bash,execute_bash,file_editor.view,file_editor.view
deepswe-02203,success,execute_bash,execute_bash,file_editor.view,execute_bash,file_editor.view,file_editor.view,execute_bash,file_editor.view
deepswe-02204,success,execute_bash,execute_bash,execute_bash,execute_bash,file_editor.view,file_editor.view,file_editor.view,file_editor.view
deepswe-02205,success,execute_bash,file_editor.view,file_editor.view,file_editor.view,file_editor.create,execute_bash,file_editor.view,execute_bash
deepswe-02206,success,execute_bash,file_editor.view,file_editor.view,file_editor.view,file_editor.view,execute_bash,file_editor.view,file_editor.view
deepswe-02207,partial,execute_bash,execute_bash,execute_bash,file_editor.view,execute_bash,file_editor.view,file_editor.view,execute_bash
deepswe-02208,success,execute_bash,execute_bash,execute_bash,execute_bash,execute_bash,execute_bash,execute_bash,execute_bash
deepswe-02209,success,execute_bash,execute_bash,execute_bash,execute_bash,execute_bash,file_editor.view,execute_bash,execute_bash
deepswe-02210,partial,execute_bash,execute_bash,execute_bash,file_editor.view,file_editor.view,execute_bash,file_editor.view,file_editor.view
deepswe-02211,success,execute_bash,execute_bash,execute_bash,file_editor.view,file_editor.view,file_editor.view,execute_bash,file_editor.view
deepswe-02212,success,execute_bash,execute_bash,execute_bash,file_editor.view,execute_bash,file_editor.view,file_editor.view,execute_bash
deepswe-02213,success,execute_bash,file_editor.view,search,file_editor.view,execute_bash,execute_bash,file_editor.view,execute_bash
deepswe-02214,success,execute_bash,execute_bash,execute_bash,execute_bash,file_editor.view,execute_bash,file_editor.view,execute_bash
deepswe-02215,success,execute_bash,file_editor.view,execute_bash,file_editor.view,file_editor.view,file_editor.view,execute_bash,file_editor.view
deepswe-02216,success,execute_bash,file_editor.view,file_editor.view,execute_bash,file_editor.view,file_editor.view,file_editor.view,execute_bash
deepswe-02217,success,execute_bash,execute_bash,execute_bash,execute_bash,file_editor.view,file_editor.view,file_editor.view,execute_bash
deepswe-02218,partial,execute_bash,execute_bash,execute_bash,execute_bash,file_editor.view,execute_bash,file_editor.view,file_editor.view
deepswe-02219,partial,execute_bash,execute_bash,execute_bash,file_editor.view,file_editor.view,file_editor.view,execute_bash,file_editor.view
deepswe-02220,success,execute_bash,execute_bash,execute_bash,execute_bash,file_editor.view,file_editor.view,execute_bash,file_editor.view
deepswe-02221,success,execute_bash,execute_bash,execute_bash,execute_bash,execute_bash,execute_bash,file_editor.view,execute_bash
deepswe-02222,success,execute_bash,execute_bash,file_editor.view,file_editor.view,execute_bash,file_editor.view,file_editor.view,execute_bash
deepswe-02223,success,execute_bash,execute_bash,file_editor.view,execute_bash,file_editor.view,execute_bash,file_editor.view,file_editor.view
deepswe-02224,partial,execute_bash,execute_bash,execute_bash,file_editor.view,execute_bash,execute_bash,execute_bash,execute_bash
deepswe-02225,success,execute_bash,execute_bash,execute_bash,execute_bash,file_editor.view,file_editor.view,execute_bash,execute_bash
deepswe-02226,success,execute_bash,execute_bash,file_editor.view,execute_bash,file_editor.view,execute_bash,file_editor.view,execute_bash
deepswe-02227,success,execute_bash,execute_bash,execute_bash,execute_bash,execute_bash,execute_bash,file_editor.view,execute_bash
deepswe-02228,success,execute_bash,execute_bash,execute_bash,file_editor.view,execute_bash,file_editor.view,file_editor.view,file_editor.create
deepswe-02229,success,execute_bash,execute_bash,execute_bash,file_editor.view,file_editor.view,execute_bash,execute_bash,file_editor.view
deepswe-02230,success,execute_bash,execute_bash,file_editor.view,execute_bash,file_editor.view,file_editor.view,file_editor.view,execute_bash
deepswe-02231,success,execute_bash,execute_bash,execute_bash,file_editor.view,file_editor.view,execute_bash,file_editor.view,file_editor.view
deepswe-02232,success,execute_bash,execute_bash,execute_bash,file_editor.view,file_editor.view,file_editor.view,execute_bash,file_editor.view
deepswe-02233,success,execute_bash,execute_bash,file_editor.view,execute_bash,file_editor.view,file_editor.view,execute_bash,file_editor.view
deepswe-02234,success,execute_bash,file_editor.view,file_editor.view,file_editor.view,execute_bash,execute_bash,file_editor.create,execute_bash
deepswe-02235,success,execute_bash,execute_bash,execute_bash,execute_bash,execute_bash,execute_bash,file_editor.view,file_editor.view
deepswe-02236,success,execute_bash,execute_bash,file_editor.view,file_editor.view,execute_bash,file_editor.view,file_editor.create,execute_bash
deepswe-02237,success,execute_bash,execute_bash,file_editor.view,file_editor.view,file_editor.view,file_editor.view,execute_bash,execute_bash
deepswe-02238,partial,execute_bash,execute_bash,execute_bash,execute_bash,execute_bash,file_editor.view,execute_bash,file_editor.view
deepswe-02239,partial,execute_bash,file_editor.view,file_editor.view,execute_bash,file_editor.view,file_editor.view,file_editor.create,execute_bash
deepswe-02240,partial,execute_bash,file_editor.view,file_editor.view,execute_bash,file_editor.view,file_editor.view,execute_bash,file_editor.view
deepswe-02241,success,execute_bash,execute_bash,execute_bash,execute_bash,execute_bash,execute_bash,execute_bash,execute_bash
deepswe-02242,success,execute_bash,file_editor.view,file_editor.view,file_editor.view,file_editor.view,execute_bash,execute_bash,file_editor.view
deepswe-02243,success,execute_bash,file_editor.view,execute_bash,file_editor.view,file_editor.create,execute_bash,execute_bash,execute_bash
deepswe-02244,success,execute_bash,execute_bash,execute_bash,file_editor.view,file_editor.view,file_editor.view,execute_bash,file_editor.create
deepswe-02245,success,execute_bash,execute_bash,file_editor.view,file_editor.view,file_editor.view,execute_bash,execute_bash,execute_bash
deepswe-02246,success,execute_bash,execute_bash,execute_bash,execute_bash,execute_bash,file_editor.view,file_editor.view,execute_bash
deepswe-02247,success,execute_bash,execute_bash,file_editor.view,execute_bash,file_editor.view,file_editor.view,execute_bash,file_editor.view
deepswe-02248,success,execute_bash,execute_bash,file_editor.view,execute_bash,file_editor.view,file_editor.view,execute_bash,execute_bash
deepswe-02249,success,execute_bash,execute_bash,execute_bash,execute_bash,execute_bash,execute_bash,file_editor.view,file_editor.view
deepswe-02250,partial,execute_bash,file_editor.view,execute_bash,file_editor.view,file_editor.view,execute_bash,file_editor.view,execute_bash
deepswe-02251,success,execute_bash,execute_bash,file_editor.view,execute_bash,execute_bash,file_editor.view,file_editor.view,file_editor.view
deepswe-02252,success,execute_bash,execute_bash,file_editor.view,file_editor.view,execute_bash,file_editor.view,file_editor.view,file_editor.view
deepswe-02253,success,execute_bash,execute_bash,execute_bash,file_editor.view,execute_bash,file_editor.view,file_editor.view,execute_bash
deepswe-02254,success,execute_bash,execute_bash,file_editor.view,execute_bash,file_editor.view,execute_bash,file_editor.view,file_editor.view
deepswe-02255,success,execute_bash,execute_bash,file_editor.view,file_editor.view,search,file_editor.view,file_editor.view,execute_bash
deepswe-02256,success,execute_bash,execute_bash,execute_bash,file_editor.view,execute_bash,file_editor.view,execute_bash,execute_bash
deepswe-02257,success,execute_bash,file_editor.view,execute_bash,file_editor.view,file_editor.view,execute_bash,file_editor.view,file_editor.create
deepswe-02258,success,execute_bash,execute_bash,file_editor.view,file_editor.view,file_editor.view,file_editor.view,file_editor.view,execute_bash
deepswe-02259,success,execute_bash,execute_bash,execute_bash,execute_bash,execute_bash,file_editor.view,file_editor.view,file_editor.view
deepswe-02260,partial,execute_bash,execute_bash,file_editor.view,file_editor.view,execute_bash,file_editor.view,file_editor.view,execute_bash
deepswe-02261,success,execute_bash,execute_bash,file_editor.view,execute_bash,execute_bash,execute_bash,file_editor.view,execute_bash
deepswe-02262,success,execute_bash,execute_bash,file_editor.view,file_editor.view,execute_bash,file_editor.view,file_editor.view,file_editor.create
deepswe-02263,success,execute_bash,file_editor.view,file_editor.view,execute_bash,execute_bash,file_editor.view,execute_bash,file_editor.view
deepswe-02264,success,execute_bash,file_editor.view,file_editor.view,execute_bash,file_editor.view,file_editor.view,file_editor.view,execute_bash
deepswe-02265,success,execute_bash,execute_bash,execute_bash,file_editor.view,file_editor.view,execute_bash,file_editor.view,file_editor.create
deepswe-02266,success,execute_bash,execute_bash,execute_bash,execute_bash,execute_bash,file_editor.view,execute_bash,file_editor.view
deepswe-02267,success,execute_bash,file_editor.view,execute_bash,execute_bash,file_editor.view,file_editor.view,execute_bash,file_editor.view
deepswe-02268,success,execute_bash,execute_bash,execute_bash,execute_bash,execute_bash,execute_bash,file_editor.view,execute_bash
deepswe-02269,partial,execute_bash,execute_bash,execute_bash,file_editor.view,file_editor.view,execute_bash,execute_bash,execute_bash
deepswe-02270,success,execute_bash,execute_bash,execute_bash,execute_bash,execute_bash,file_editor.view,file_editor.view,file_editor.view
deepswe-02271,success,execute_bash,file_editor.view,file_editor.view,file_editor.view,file_editor.view,execute_bash,execute_bash,file_editor.view
deepswe-02272,success,execute_bash,file_editor.view,execute_bash,file_editor.view,execute_bash,file_editor.view,file_editor.create,execute_bash
deepswe-02273,success,execute_bash,file_editor.view,file_editor.view,file_editor.view,file_editor.view,execute_bash,file_editor.view,execute_bash
deepswe-02274,success,execute_bash,execute_bash,execute_bash,execute_bash,execute_bash,execute_bash,file_editor.view,execute_bash
deepswe-02275,success,file_editor.view,file_editor.view,execute_bash,file_editor.view,execute_bash,file_editor.view,execute_bash,execute_bash
deepswe-02276,success,execute_bash,execute_bash,execute_bash,file_editor.view,file_editor.view,file_editor.view,file_editor.view,file_editor.view
deepswe-02277,success,execute_bash,execute_bash,file_editor.view,file_editor.view,execute_bash,execute_bash,execute_bash,execute_bash
deepswe-02278,success,execute_bash,execute_bash,file_editor.view,file_editor.view,search,file_editor.view,execute_bash,execute_bash
deepswe-02279,success,execute_bash,execute_bash,execute_bash,execute_bash,execute_bash,execute_bash,file_editor.view,file_editor.view
deepswe-02280,success,execute_bash,execute_bash,execute_bash,file_editor.view,file_editor.view,file_editor.view,file_editor.view,execute_bash
deepswe-02281,success,execute_bash,execute_bash,execute_bash,file_editor.view,file_editor.view,file_editor.view,execute_bash,file_editor.create
deepswe-02282,success,execute_bash,execute_bash,execute_bash,file_editor.view,file_editor.view,execute_bash,file_editor.create,execute_bash
deepswe-02283,success,execute_bash,execute_bash,file_editor.view,file_editor.view,file_editor.view,execute_bash,execute_bash,file_editor.view
deepswe-02284,success,execute_bash,file_editor.view,file_editor.view,execute_bash,file_editor.view,file_editor.view,execute_bash,file_editor.view
deepswe-02285,partial,execute_bash,execute_bash,file_editor.view,search,file_editor.view,execute_bash,execute_bash,file_editor.view
deepswe-02286,success,execute_bash,execute_bash,file_editor.view,execute_bash,file_editor.create,execute_bash,execute_bash,execute_bash
deepswe-02287,success,execute_bash,file_editor.view,execute_bash,file_editor.view,execute_bash,file_editor.view,file_editor.view,file_editor.create
deepswe-02288,success,execute_bash,execute_bash,execute_bash,execute_bash,execute_bash,file_editor.view,file_editor.view,execute_bash
deepswe-02289,success,execute_bash,execute_bash,file_editor.view,execute_bash,file_editor.view,execute_bash,file_editor.view,execute_bash
deepswe-02290,partial,execute_bash,execute_bash,execute_bash,file_editor.view,execute_bash,execute_bash,execute_bash,execute_bash
deepswe-02291,success,execute_bash,file_editor.view,file_editor.view,file_editor.view,execute_bash,file_editor.view,file_editor.view,file_editor.view
deepswe-02292,success,execute_bash,execute_bash,execute_bash,execute_bash,execute_bash,execute_bash,execute_bash,execute_bash
deepswe-02293,success,execute_bash,execute_bash,execute_bash,execute_bash,execute_bash,file_editor.view,execute_bash,execute_bash
deepswe-02294,partial,execute_bash,execute_bash,execute_bash,file_editor.view,execute_bash,file_editor.view,execute_bash,file_editor.view
deepswe-02295,success,execute_bash,execute_bash,execute_bash,execute_bash,execute_bash,execute_bash,execute_bash,execute_bash
deepswe-02296,partial,execute_bash,execute_bash,file_editor.view,execute_bash,file_editor.view,execute_bash,file_editor.view,execute_bash
deepswe-02297,success,execute_bash,execute_bash,execute_bash,file_editor.view,file_editor.view,file_editor.view,file_editor.view,execute_bash
deepswe-02298,success,execute_bash,execute_bash,execute_bash,execute_bash,file_editor.view,execute_bash,file_editor.view,file_editor.view
deepswe-02299,success,execute_bash,execute_bash,file_editor.view,file_editor.view,execute_bash,file_editor.view,execute_bash,file_editor.view
deepswe-02300,success,execute_bash,execute_bash,execute_bash,execute_bash,file_editor.view,file_editor.view,file_editor.view,execute_bash
deepswe-02301,success,execute_bash,execute_bash,file_editor.view,execute_bash,file_editor.view,execute_bash,file_editor.view,execute_bash
deepswe-02302,partial,execute_bash,file_editor.view,file_editor.view,execute_bash,execute_bash,execute_bash,file_editor.view,file_editor.view
deepswe-02303,success,execute_bash,execute_bash,execute_bash,execute_bash,execute_bash,execute_bash,execute_bash,execute_bash
deepswe-02304,success,execute_bash,execute_bash,file_editor.view,file_editor.view,execute_bash,execute_bash,execute_bash,execute_bash
deepswe-02305,success,execute_bash,execute_bash,file_editor.view,execute_bash,execute_bash,execute_bash,file_editor.view,file_editor.view
deepswe-02306,success,execute_bash,execute_bash,file_editor.view,file_editor.create,execute_bash,execute_bash,file_editor.str_replace,execute_bash
deepswe-02307,success,execute_bash,execute_bash,execute_bash,execute_bash,execute_bash,execute_bash,file_editor.view,file_editor.view
deepswe-02308,success,execute_bash,execute_bash,execute_bash,execute_bash,execute_bash,file_editor.view,file_editor.view,execute_bash
deepswe-02309,success,execute_bash,execute_bash,execute_bash,execute_bash,file_editor.view,execute_bash,file_editor.view,execute_bash
deepswe-02310,success,execute_bash,file_editor.view,file_editor.view,execute_bash,file_editor.view,execute_bash,execute_bash,file_editor.view
deepswe-02311,success,execute_bash,execute_bash,file_editor.view,execute_bash,execute_bash,execute_bash,file_editor.view,file_editor.view
deepswe-02312,success,execute_bash,execute_bash,execute_bash,execute_bash,execute_bash,file_editor.view,execute_bash,execute_bash
deepswe-02313,success,execute_bash,file_editor.view,execute_bash,file_editor.view,execute_bash,file_editor.view,file_editor.view,execute_bash
deepswe-02314,partial,execute_bash,file_editor.view,execute_bash,execute_bash,execute_bash,file_editor.view,execute_bash,file_editor.view
deepswe-02315,success,execute_bash,execute_bash,file_editor.view,file_editor.view,execute_bash,file_editor.view,execute_bash,file_editor.view
deepswe-02316,success,execute_bash,execute_bash,file_editor.view,execute_bash,execute_bash,execute_bash,file_editor.view,file_editor.view
deepswe-02317,success,execute_bash,execute_bash,execute_bash,file_editor.view,file_editor.view,execute_bash,file_editor.view,execute_bash
deepswe-02318,success,execute_bash,execute_bash,execute_bash,file_editor.view,execute_bash,file_editor.view,file_editor.view,execute_bash
deepswe-02319,success,execute_bash,file_editor.view,execute_bash,file_editor.view,file_editor.view,file_editor.view,file_editor.view,file_editor.view
deepswe-02320,success,execute_bash,execute_bash,file_editor.view,file_editor.view,execute_bash,execute_bash,file_editor.view,file_editor.create
deepswe-02321,success,execute_bash,execute_bash,execute_bash,execute_bash,execute_bash,file_editor.view,file_editor.view,execute_bash
deepswe-02322,success,execute_bash,file_editor.view,execute_bash,file_editor.view,file_editor.view,execute_bash,file_editor.view,execute_bash
deepswe-02323,success,execute_bash,file_editor.view,execute_bash,execute_bash,execute_bash,file_editor.view,file_editor.view,file_editor.create
deepswe-02324,success,execute_bash,execute_bash,file_editor.view,file_editor.view,search,file_editor.view,execute_bash,execute_bash
deepswe-02325,success,execute_bash,execute_bash,file_editor.view,search,file_editor.view,file_editor.create,execute_bash,file_editor.view
deepswe-02326,success,execute_bash,execute_bash,execute_bash,execute_bash,execute_bash,execute_bash,file_editor.view,execute_bash
deepswe-02327,success,execute_bash,file_editor.view,file_editor.view,file_editor.view,file_editor.view,execute_bash,execute_bash,execute_bash
deepswe-02328,success,execute_bash,file_editor.view,execute_bash,execute_bash,execute_bash,execute_bash,execute_bash,file_editor.view
deepswe-02329,partial,execute_bash,execute_bash,execute_bash,execute_bash,execute_bash,file_editor.view,execute_bash,execute_bash
deepswe-02330,success,execute_bash,execute_bash,execute_bash,execute_bash,execute_bash,execute_bash,execute_bash,execute_bash
deepswe-02331,success,execute_bash,execute_bash,file_editor.view,execute_bash,file_editor.view,file_editor.view,file_editor.create,execute_bash
deepswe-02332,partial,execute_bash,execute_bash,execute_bash,file_editor.view,execute_bash,execute_bash,execute_bash,file_editor.view
deepswe-02333,success,execute_bash,execute_bash,execute_bash,execute_bash,execute_bash,execute_bash,execute_bash,file_editor.view
deepswe-02334,success,execute_bash,execute_bash,execute_bash,execute_bash,execute_bash,execute_bash,file_editor.view,file_editor.view
deepswe-02335,success,execute_bash,execute_bash,execute_bash,file_editor.view,execute_bash,execute_bash,execute_bash,execute_bash
deepswe-02336,success,execute_bash,execute_bash,execute_bash,execute_bash,execute_bash,execute_bash,file_editor.view,file_editor.view
deepswe-02337,success,execute_bash,execute_bash,file_editor.view,file_editor.create,execute_bash,file_editor.str_replace,execute_bash,file_editor.view
deepswe-02338,success,execute_bash,file_editor.view,file_editor.view,execute_bash,execute_bash,file_editor.view,execute_bash,file_editor.view
deepswe-02339,success,execute_bash,execute_bash,file_editor.view,execute_bash,file_editor.view,file_editor.view,execute_bash,file_editor.view
deepswe-02340,success,execute_bash,execute_bash,execute_bash,file_editor.view,file_editor.view,file_editor.view,search,file_editor.view
deepswe-02341,success,execute_bash,execute_bash,file_editor.view,file_editor.view,file_editor.view,execute_bash,file_editor.view,execute_bash
deepswe-02342,success,execute_bash,execute_bash,file_editor.view,file_editor.view,file_editor.view,file_editor.view,file_editor.view,execute_bash
deepswe-02343,success,execute_bash,execute_bash,file_editor.view,execute_bash,file_editor.view,file_editor.view,file_editor.view,execute_bash
deepswe-02344,success,execute_bash,execute_bash,file_editor.view,file_editor.view,execute_bash,file_editor.view,file_editor.view,execute_bash
deepswe-02345,partial,execute_bash,file_editor.view,file_editor.view,file_editor.view,execute_bash,execute_bash,file_editor.view,execute_bash
deepswe-02346,success,execute_bash,execute_bash,file_editor.view,file_editor.view,execute_bash,file_editor.view,execute_bash,execute_bash
deepswe-02347,success,execute_bash,file_editor.view,execute_bash,execute_bash,execute_bash,file_editor.view,execute_bash,file_editor.view
deepswe-02348,success,execute_bash,file_editor.view,execute_bash,file_editor.view,execute_bash,execute_bash,file_editor.view,execute_bash
deepswe-02349,success,execute_bash,execute_bash,file_editor.view,file_editor.view,file_editor.view,execute_bash,file_editor.view,execute_bash
deepswe-02350,partial,execute_bash,execute_bash,execute_bash,file_editor.view,file_editor.view,file_editor.view,file_editor.view,execute_bash
deepswe-02351,success,execute_bash,execute_bash,execute_bash,execute_bash,execute_bash,execute_bash,execute_bash,execute_bash
deepswe-02352,partial,execute_bash,file_editor.view,execute_bash,file_editor.view,execute_bash,execute_bash,execute_bash,file_editor.view
deepswe-02353,success,execute_bash,execute_bash,execute_bash,execute_bash,execute_bash,file_editor.view,file_editor.view,execute_bash
deepswe-02354,success,execute_bash,execute_bash,execute_bash,execute_bash,file_editor.view,execute_bash,execute_bash,file_editor.view
deepswe-02355,success,execute_bash,execute_bash,execute_bash,execute_bash,execute_bash,execute_bash,execute_bash,execute_bash
deepswe-02356,success,execute_bash,execute_bash,execute_bash,execute_bash,execute_bash,execute_bash,execute_bash,file_editor.view
deepswe-02357,success,execute_bash,execute_bash,execute_bash,execute_bash,execute_bash,file_editor.view,execute_bash,file_editor.view
deepswe-02358,success,execute_bash,execute_bash,execute_bash,execute_bash,file_editor.view,file_editor.view,execute_bash,file_editor.create
deepswe-02359,success,execute_bash,execute_bash,file_editor.view,file_editor.view,execute_bash,execute_bash,file_editor.view,execute_bash
deepswe-02360,success,execute_bash,execute_bash,execute_bash,file_editor.view,execute_bash,file_editor.view,file_editor.view,execute_bash
deepswe-02361,success,execute_bash,execute_bash,file_editor.view,file_editor.view,execute_bash,file_editor.create,execute_bash,file_editor.view
deepswe-02362,success,execute_bash,execute_bash,execute_bash,execute_bash,execute_bash,execute_bash,execute_bash,execute_bash
deepswe-02363,partial,execute_bash,execute_bash,file_editor.view,file_editor.view,file_editor.view,file_editor.view,file_editor.create,execute_bash
deepswe-02364,partial,execute_bash,execute_bash,file_editor.view,file_editor.view,execute_bash,file_editor.create,execute_bash,file_editor.str_replace
deepswe-02365,success,execute_bash,execute_bash,execute_bash,execute_bash,execute_bash,file_editor.view,file_editor.view,execute_bash
deepswe-02366,success,execute_bash,execute_bash,file_editor.create,execute_bash,file_editor.str_replace,execute_bash,execute_bash,execute_bash
deepswe-02367,success,execute_bash,execute_bash,file_editor.view,execute_bash,file_editor.view,file_editor.view,execute_bash,file_editor.view
deepswe-02368,success,execute_bash,file_editor.view,file_editor.view,execute_bash,file_editor.view,execute_bash,file_editor.view,file_editor.view
deepswe-02369,partial,execute_bash,execute_bash,file_editor.view,execute_bash,execute_bash,execute_bash,file_editor.view,execute_bash
deepswe-02370,success,execute_bash,execute_bash,file_editor.view,execute_bash,file_editor.view,execute_bash,file_editor.view,file_editor.view
deepswe-02371,success,execute_bash,execute_bash,execute_bash,file_editor.view,file_editor.view,file_editor.view,file_editor.view,execute_bash
deepswe-02372,success,execute_bash,execute_bash,file_editor.view,execute_bash,file_editor.view,execute_bash,file_editor.view,file_editor.create
deepswe-02373,success,execute_bash,execute_bash,execute_bash,execute_bash,file_editor.view,file_editor.view,execute_bash,execute_bash
deepswe-02374,success,execute_bash,execute_bash,execute_bash,file_editor.view,file_editor.create,execute_bash,execute_bash,file_editor.view
deepswe-02375,success,execute_bash,file_editor.view,execute_bash,file_editor.view,file_editor.view,execute_bash,execute_bash,execute_bash
deepswe-02376,success,execute_bash,execute_bash,file_editor.view,execute_bash,execute_bash,file_editor.view,execute_bash,file_editor.create
deepswe-02377,success,execute_bash,execute_bash,file_editor.view,file_editor.view,execute_bash,file_editor.view,file_editor.view,file_editor.view
deepswe-02378,success,execute_bash,execute_bash,file_editor.view,execute_bash,execute_bash,file_editor.view,file_editor.view,execute_bash
deepswe-02379,success,file_editor.view,execute_bash,execute_bash,execute_bash,execute_bash,execute_bash,file_editor.view,file_editor.view
deepswe-02380,success,execute_bash,execute_bash,execute_bash,execute_bash,execute_bash,execute_bash,execute_bash,file_editor.view
deepswe-02381,success,execute_bash,file_editor.view,file_editor.view,execute_bash,execute_bash,execute_bash,file_editor.view,file_editor.view
deepswe-02382,partial,execute_bash,execute_bash,execute_bash,file_editor.view,search,file_editor.view,file_editor.view,search
deepswe-02383,partial,execute_bash,file_editor.view,execute_bash,file_editor.view,execute_bash,file_editor.view,file_editor.create,execute_bash
deepswe-02384,success,execute_bash,execute_bash,execute_bash,file_editor.view,file_editor.view,execute_bash,file_editor.view,file_editor.view
deepswe-02385,success,execute_bash,file_editor.view,execute_bash,execute_bash,file_editor.view,execute_bash,execute_bash,file_editor.view
deepswe-02386,success,execute_bash,execute_bash,execute_bash,file_editor.view,execute_bash,file_editor.view,execute_bash,file_editor.view
deepswe-02387,success,execute_bash,file_editor.view,file_editor.view,file_editor.view,execute_bash,file_editor.view,file_editor.view,execute_bash
deepswe-02388,success,file_editor.view,execute_bash,execute_bash,execute_bash,execute_bash,execute_bash,execute_bash,execute_bash
deepswe-02389,success,execute_bash,execute_bash,file_editor.view,execute_bash,file_editor.view,execute_bash,execute_bash,file_editor.create
deepswe-02390,success,execute_bash,execute_bash,execute_bash,execute_bash,execute_bash,file_editor.view,execute_bash,file_editor.view
deepswe-02391,partial,execute_bash,execute_bash,execute_bash,execute_bash,execute_bash,file_editor.view,file_editor.view,execute_bash
deepswe-02392,success,execute_bash,execute_bash,file_editor.view,file_editor.view,file_editor.view,execute_bash,file_editor.view,execute_bash
deepswe-02393,success,execute_bash,execute_bash,execute_bash,execute_bash,execute_bash,execute_bash,execute_bash,execute_bash
deepswe-02394,success,execute_bash,file_editor.view,file_editor.create,execute_bash,execute_bash,file_editor.view,file_editor.view,file_editor.view
deepswe-02395,success,execute_bash,file_editor.view,file_editor.view,file_editor.view,execute_bash,execute_bash,execute_bash,execute_bash
deepswe-02396,success,execute_bash,execute_bash,execute_bash,execute_bash,execute_bash,file_editor.view,file_editor.view,file_editor.view
deepswe-02397,partial,execute_bash,execute_bash,file_editor.view,file_editor.view,file_editor.view,file_editor.view,file_editor.view,execute_bash
deepswe-02398,success,execute_bash,file_editor.view,execute_bash,file_editor.view,execute_bash,execute_bash,file_editor.create,execute_bash
deepswe-02399,success,execute_bash,file_editor.view,file_editor.create,execute_bash,execute_bash,file_editor.view,execute_bash,file_editor.view
deepswe-02400,success,execute_bash,execute_bash,execute_bash,file_editor.view,execute_bash,file_editor.view,execute_bash,file_editor.view
deepswe-02401,success,execute_bash,file_editor.view,execute_bash,file_editor.view,execute_bash,file_editor.view,execute_bash,execute_bash
deepswe-02402,success,execute_bash,execute_bash,execute_bash,execute_bash,file_editor.view,file_editor.view,file_editor.view,file_editor.view
deepswe-02403,success,execute_bash,execute_bash,execute_bash,execute_bash,execute_bash,execute_bash,execute_bash,execute_bash
deepswe-02404,partial,execute_bash,execute_bash,file_editor.view,execute_bash,file_editor.view,execute_bash,execute_bash,file_editor.view
deepswe-02405,success,execute_bash,execute_bash,file_editor.view,execute_bash,file_editor.view,execute_bash,file_editor.view,execute_bash
deepswe-02406,success,execute_bash,file_editor.view,file_editor.view,execute_bash,execute_bash,file_editor.view,execute_bash,execute_bash
deepswe-02407,success,execute_bash,file_editor.view,execute_bash,execute_bash,file_editor.view,file_editor.view,file_editor.view,execute_bash
deepswe-02408,success,execute_bash,execute_bash,execute_bash,execute_bash,execute_bash,file_editor.view,file_editor.view,execute_bash
deepswe-02409,success,execute_bash,file_editor.view,execute_bash,file_editor.view,execute_bash,file_editor.view,execute_bash,file_editor.view
deepswe-02410,success,execute_bash,execute_bash,file_editor.view,file_editor.view,file_editor.view,execute_bash,execute_bash,execute_bash
deepswe-02411,partial,execute_bash,execute_bash,execute_bash,file_editor.view,file_editor.view,execute_bash,file_editor.view,file_editor.view
deepswe-02412,success,execute_bash,execute_bash,execute_bash,execute_bash,execute_bash,execute_bash,execute_bash,execute_bash
deepswe-02413,success,execute_bash,execute_bash,file_editor.view,execute_bash,file_editor.view,file_editor.view,execute_bash,file_editor.view
deepswe-02414,success,execute_bash,execute_bash,execute_bash,file_editor.view,file_editor.view,file_editor.view,file_editor.view,execute_bash
deepswe-02415,success,execute_bash,execute_bash,execute_bash,execute_bash,file_editor.view,execute_bash,execute_bash,file_editor.view
deepswe-02416,success,execute_bash,execute_bash,file_editor.view,file_editor.view,file_editor.view,execute_bash,execute_bash,execute_bash
deepswe-02417,success,execute_bash,execute_bash,file_editor.view,file_editor.view,file_editor.view,file_editor.view,file_editor.view,file_editor.view
deepswe-02418,success,execute_bash,file_editor.view,file_editor.view,execute_bash,file_editor.view,file_editor.view,file_editor.view,execute_bash
deepswe-02419,success,execute_bash,file_editor.view,execute_bash,file_editor.view,file_editor.view,execute_bash,file_editor.view,file_editor.create
deepswe-02420,success,execute_bash,execute_bash,file_editor.view,search,file_editor.view,file_editor.view,search,file_editor.view
deepswe-02421,success,execute_bash,execute_bash,file_editor.view,execute_bash,file_editor.view,execute_bash,file_editor.view,execute_bash
deepswe-02422,success,execute_bash,execute_bash,execute_bash,file_editor.view,file_editor.view,file_editor.view,file_editor.view,execute_bash
deepswe-02423,success,execute_bash,execute_bash,execute_bash,execute_bash,file_editor.view,file_editor.view,execute_bash,execute_bash
deepswe-02424,success,execute_bash,execute_bash,execute_bash,execute_bash,execute_bash,execute_bash,execute_bash,file_editor.view
deepswe-02425,success,execute_bash,execute_bash,file_editor.view,file_editor.view,execute_bash,file_editor.view,file_editor.view,file_editor.create
deepswe-02426,success,execute_bash,execute_bash,file_editor.view,file_editor.view,file_editor.view,execute_bash,file_editor.view,file_editor.create
deepswe-02427,success,execute_bash,execute_bash,file_editor.view,execute_bash,file_editor.view,execute_bash,file_editor.view,file_editor.view
deepswe-02428,success,execute_bash,execute_bash,execute_bash,execute_bash,execute_bash,execute_bash,execute_bash,execute_bash
deepswe-02429,success,execute_bash,file_editor.view,file_editor.view,execute_bash,execute_bash,file_editor.view,execute_bash,file_editor.view
deepswe-02430,success,execute_bash,execute_bash,execute_bash,file_editor.view,execute_bash,file_editor.view,execute_bash,file_editor.view
deepswe-02431,success,execute_bash,execute_bash,execute_bash,execute_bash,file_editor.view,execute_bash,file_editor.view,file_editor.view
deepswe-02432,success,execute_bash,execute_bash,execute_bash,file_editor.view,file_editor.view,file_editor.view,execute_bash,file_editor.view
deepswe-02433,success,execute_bash,file_editor.view,execute_bash,file_editor.view,file_editor.view,execute_bash,file_editor.view,file_editor.view
deepswe-02434,success,execute_bash,execute_bash,execute_bash,execute_bash,file_editor.view,execute_bash,execute_bash,file_editor.create
deepswe-02435,success,execute_bash,execute_bash,execute_bash,execute_bash,execute_bash,execute_bash,execute_bash,file_editor.view
deepswe-02436,success,execute_bash,file_editor.view,execute_bash,file_editor.view,execute_bash,execute_bash,execute_bash,file_editor.view
deepswe-02437,success,execute_bash,execute_bash,execute_bash,file_editor.view,file_editor.view,file_editor.view,file_editor.view,file_editor.view
deepswe-02438,success,execute_bash,execute_bash,file_editor.view,file_editor.view,file_editor.view,file_editor.view,file_editor.create,execute_bash
deepswe-02439,success,execute_bash,execute_bash,execute_bash,execute_bash,file_editor.view,file_editor.view,file_editor.view,file_editor.view
deepswe-02440,success,execute_bash,execute_bash,file_editor.view,execute_bash,file_editor.view,file_editor.view,execute_bash,file_editor.view
deepswe-02441,success,execute_bash,execute_bash,file_editor.view,file_editor.view,file_editor.create,execute_bash,file_editor.str_replace,execute_bash
deepswe-02442,success,execute_bash,execute_bash,execute_bash,execute_bash,execute_bash,execute_bash,file_editor.create,execute_bash
deepswe-02443,success,execute_bash,execute_bash,file_editor.view,file_editor.view,execute_bash,file_editor.view,file_editor.view,execute_bash
deepswe-02444,success,execute_bash,execute_bash,execute_bash,execute_bash,execute_bash,execute_bash,file_editor.view,file_editor.view
deepswe-02445,success,execute_bash,execute_bash,execute_bash,execute_bash,execute_bash,execute_bash,execute_bash,execute_bash
deepswe-02446,success,execute_bash,file_editor.view,file_editor.view,execute_bash,file_editor.view,execute_bash,execute_bash,execute_bash
deepswe-02447,success,execute_bash,execute_bash,execute_bash,execute_bash,execute_bash,execute_bash,execute_bash,execute_bash
deepswe-02448,partial,execute_bash,execute_bash,execute_bash,file_editor.view,file_editor.create,execute_bash,execute_bash,file_editor.view
deepswe-02449,success,execute_bash,execute_bash,file_editor.create,execute_bash,execute_bash,execute_bash,file_editor.view,execute_bash
deepswe-02450,success,execute_bash,execute_bash,execute_bash,execute_bash,file_editor.create,execute_bash,file_editor.str_replace,execute_bash
deepswe-02451,success,execute_bash,execute_bash,execute_bash,execute_bash,execute_bash,file_editor.create,execute_bash,execute_bash
deepswe-02452,success,execute_bash,execute_bash,execute_bash,execute_bash,execute_bash,execute_bash,file_editor.view,file_editor.view
deepswe-02453,success,execute_bash,file_editor.view,file_editor.create,execute_bash,execute_bash,str_replace,execute_bash,execute_bash
deepswe-02454,success,execute_bash,execute_bash,execute_bash,execute_bash,execute_bash,execute_bash,execute_bash,file_editor.view
deepswe-02455,success,execute_bash,execute_bash,file_editor.create,execute_bash,execute_bash,execute_bash,execute_bash,file_editor.view
deepswe-02456,success,execute_bash,execute_bash,file_editor.view,file_editor.view,execute_bash,execute_bash,execute_bash,execute_bash
deepswe-02457,success,execute_bash,execute_bash,execute_bash,execute_bash,execute_bash,execute_bash,file_editor.view,execute_bash
deepswe-02458,partial,execute_bash,execute_bash,execute_bash,execute_bash,execute_bash,execute_bash,execute_bash,file_editor.view
deepswe-02459,partial,execute_bash,execute_bash,execute_bash,execute_bash,execute_bash,execute_bash,execute_bash,file_editor.view
deepswe-02460,success,execute_bash,file_editor.view,file_editor.view,file_editor.view,file_editor.create,execute_bash,file_editor.view,execute_bash
deepswe-02461,success,file_editor.view,file_editor.create,execute_bash,execute_bash,execute_bash,execute_bash,file_editor.view,execute_bash
deepswe-02462,success,execute_bash,execute_bash,execute_bash,execute_bash,execute_bash,execute_bash,file_editor.view,file_editor.view
deepswe-02463,success,execute_bash,execute_bash,execute_bash,file_editor.view,file_editor.view,execute_bash,file_editor.view,file_editor.create
deepswe-02464,success,execute_bash,execute_bash,file_editor.view,file_editor.create,execute_bash,execute_bash,file_editor.view,execute_bash
deepswe-02465,partial,execute_bash,execute_bash,execute_bash,execute_bash,file_editor.view,file_editor.view,file_editor.create,execute_bash
deepswe-02466,partial,execute_bash,execute_bash,file_editor.create,execute_bash,execute_bash,file_editor.view,execute_bash,execute_bash
deepswe-02467,success,execute_bash,execute_bash,execute_bash,execute_bash,file_editor.create,execute_bash,execute_bash,execute_bash
deepswe-02468,success,execute_bash,file_editor.view,execute_bash,file_editor.view,execute_bash,file_editor.view,execute_bash,file_editor.view
deepswe-02469,success,execute_bash,file_editor.view,file_editor.create,execute_bash,execute_bash,execute_bash,execute_bash,file_editor.view
deepswe-02470,success,execute_bash,execute_bash,execute_bash,file_editor.view,file_editor.create,execute_bash,execute_bash,execute_bash
deepswe-02471,success,execute_bash,execute_bash,execute_bash,execute_bash,execute_bash,file_editor.view,execute_bash,file_editor.view
deepswe-02472,success,execute_bash,execute_bash,execute_bash,file_editor.create,execute_bash,execute_bash,execute_bash,file_editor.view
deepswe-02473,success,file_editor.view,execute_bash,file_editor.view,file_editor.view,execute_bash,execute_bash,file_editor.view,file_editor.view
deepswe-02474,success,execute_bash,file_editor.view,execute_bash,file_editor.view,file_editor.view,execute_bash,execute_bash,file_editor.view
deepswe-02475,success,execute_bash,execute_bash,file_editor.view,file_editor.view,execute_bash,file_editor.create,execute_bash,file_editor.str_replace
deepswe-02476,success,execute_bash,execute_bash,file_editor.view,file_editor.create,execute_bash,execute_bash,execute_bash,execute_bash
deepswe-02477,success,execute_bash,file_editor.view,execute_bash,execute_bash,execute_bash,execute_bash,execute_bash,execute_bash
deepswe-02478,partial,execute_bash,execute_bash,execute_bash,file_editor.view,file_editor.view,file_editor.view,file_editor.create,execute_bash
deepswe-02479,success,execute_bash,execute_bash,execute_bash,execute_bash,execute_bash,execute_bash,file_editor.create,execute_bash
deepswe-02480,partial,execute_bash,execute_bash,execute_bash,execute_bash,file_editor.view,file_editor.view,file_editor.view,execute_bash
deepswe-02481,success,execute_bash,execute_bash,execute_bash,execute_bash,execute_bash,execute_bash,execute_bash,execute_bash
deepswe-02482,partial,execute_bash,execute_bash,execute_bash,execute_bash,execute_bash,file_editor.create,execute_bash,execute_bash
deepswe-02483,success,execute_bash,execute_bash,execute_bash,execute_bash,execute_bash,execute_bash,execute_bash,execute_bash
deepswe-02484,partial,execute_bash,execute_bash,file_editor.view,execute_bash,file_editor.view,execute_bash,file_editor.view,file_editor.create
deepswe-02485,success,execute_bash,file_editor.view,file_editor.view,execute_bash,execute_bash,execute_bash,file_editor.view,execute_bash
deepswe-02486,success,execute_bash,file_editor.view,execute_bash,execute_bash,execute_bash,execute_bash,file_editor.view,execute_bash
deepswe-02487,success,execute_bash,execute_bash,execute_bash,execute_bash,execute_bash,execute_bash,execute_bash,execute_bash
deepswe-02488,success,execute_bash,file_editor.create,execute_bash,execute_bash,str_replace,execute_bash,execute_bash,execute_bash
deepswe-02489,success,execute_bash,execute_bash,execute_bash,file_editor.view,execute_bash,file_editor.view,execute_bash,file_editor.view
deepswe-02490,partial,execute_bash,execute_bash,execute_bash,execute_bash,execute_bash,execute_bash,file_editor.view,execute_bash
deepswe-02491,success,execute_bash,execute_bash,execute_bash,execute_bash,execute_bash,file_editor.create,execute_bash,file_editor.str_replace
deepswe-02492,success,execute_bash,execute_bash,execute_bash,execute_bash,execute_bash,execute_bash,execute_bash,execute_bash
deepswe-02493,success,execute_bash,execute_bash,execute_bash,execute_bash,execute_bash,execute_bash,execute_bash,execute_bash
deepswe-02494,success,execute_bash,execute_bash,execute_bash,file_editor.create,execute_bash,execute_bash,execute_bash,execute_bash
deepswe-02495,partial,execute_bash,execute_bash,file_editor.view,file_editor.create,execute_bash,execute_bash,file_editor.view,execute_bash
deepswe-02496,success,execute_bash,execute_bash,execute_bash,execute_bash,execute_bash,execute_bash,execute_bash,execute_bash
deepswe-02497,success,execute_bash,execute_bash,execute_bash,execute_bash,file_editor.view,file_editor.create,execute_bash,file_editor.create
deepswe-02498,success,execute_bash,execute_bash,execute_bash,execute_bash,execute_bash,execute_bash,execute_bash,execute_bash
deepswe-02499,success,execute_bash,execute_bash,execute_bash,file_editor.view,file_editor.view,execute_bash,execute_bash,file_editor.view
deepswe-02500,success,execute_bash,execute_bash,execute_bash,execute_bash,execute_bash,file_editor.create,execute_bash,execute_bash
deepswe-02501,success,execute_bash,execute_bash,file_editor.create,execute_bash,execute_bash,execute_bash,execute_bash,execute_bash
deepswe-02502,success,execute_bash,execute_bash,execute_bash,execute_bash,execute_bash,execute_bash,execute_bash,file_editor.view
deepswe-02503,success,execute_bash,execute_bash,execute_bash,execute_bash,execute_bash,execute_bash,execute_bash,execute_bash
deepswe-02504,success,execute_bash,execute_bash,execute_bash,file_editor.create,execute_bash,execute_bash,execute_bash,execute_bash
deepswe-02505,partial,execute_bash,execute_bash,execute_bash,file_editor.view,file_editor.create,execute_bash,execute_bash,execute_bash
deepswe-02506,success,file_editor.view,execute_bash,execute_bash,execute_bash,file_editor.view,file_editor.create,execute_bash,file_editor.view
deepswe-02507,partial,execute_bash,execute_bash,execute_bash,execute_bash,execute_bash,execute_bash,execute_bash,file_editor.view
deepswe-02508,success,execute_bash,execute_bash,execute_bash,execute_bash,execute_bash,execute_bash,execute_bash,execute_bash
deepswe-02509,partial,execute_bash,execute_bash,execute_bash,execute_bash,execute_bash,file_editor.view,execute_bash,execute_bash
deepswe-02510,success,execute_bash,execute_bash,file_editor.create,execute_bash,file_editor.str_replace,execute_bash,file_editor.str_replace,execute_bash
deepswe-02511,success,execute_bash,execute_bash,execute_bash,execute_bash,file_editor.create,execute_bash,execute_bash,execute_bash
deepswe-02512,success,execute_bash,execute_bash,file_editor.create,execute_bash,execute_bash,execute_bash,execute_bash,execute_bash
deepswe-02513,success,execute_bash,execute_bash,execute_bash,execute_bash,execute_bash,execute_bash,execute_bash,file_editor.view
deepswe-02514,success,execute_bash,execute_bash,execute_bash,execute_bash,execute_bash,file_editor.view,execute_bash,execute_bash
deepswe-02515,success,execute_bash,execute_bash,execute_bash,execute_bash,execute_bash,file_editor.view,file_editor.view,execute_bash
deepswe-02516,partial,execute_bash,file_editor.view,execute_bash,execute_bash,file_editor.view,file_editor.create,execute_bash,execute_bash
deepswe-02517,success,execute_bash,file_editor.view,execute_bash,execute_bash,file_editor.view,file_editor.view,execute_bash,file_editor.view
deepswe-02518,success,execute_bash,file_editor.view,file_editor.view,execute_bash,file_editor.create,execute_bash,execute_bash,file_editor.view
deepswe-02519,partial,execute_bash,execute_bash,file_editor.create,execute_bash,execute_bash,file_editor.create,execute_bash,file_editor.view
deepswe-02520,success,execute_bash,execute_bash,execute_bash,execute_bash,execute_bash,execute_bash,file_editor.view,execute_bash
deepswe-02521,success,execute_bash,execute_bash,file_editor.view,file_editor.create,execute_bash,execute_bash,execute_bash,execute_bash
deepswe-02522,success,execute_bash,execute_bash,execute_bash,execute_bash,file_editor.view,file_editor.view,file_editor.view,file_editor.create
deepswe-02523,success,execute_bash,file_editor.view,execute_bash,execute_bash,execute_bash,execute_bash,execute_bash,execute_bash
deepswe-02524,success,execute_bash,execute_bash,file_editor.view,file_editor.view,file_editor.view,file_editor.create,execute_bash,execute_bash
deepswe-02525,success,execute_bash,execute_bash,execute_bash,file_editor.view,file_editor.view,file_editor.view,file_editor.view,execute_bash
deepswe-02526,success,execute_bash,execute_bash,execute_bash,execute_bash,execute_bash,execute_bash,execute_bash,file_editor.view
deepswe-02527,success,execute_bash,file_editor.view,execute_bash,file_editor.view,execute_bash,execute_bash,file_editor.view,file_editor.view
deepswe-02528,success,execute_bash,execute_bash,execute_bash,execute_bash,execute_bash,execute_bash,execute_bash,execute_bash
deepswe-02529,success,execute_bash,execute_bash,execute_bash,execute_bash,execute_bash,execute_bash,execute_bash,file_editor.view
deepswe-02530,success,execute_bash,execute_bash,execute_bash,execute_bash,execute_bash,file_editor.view,file_editor.create,execute_bash
deepswe-02531,success,execute_bash,execute_bash,execute_bash,file_editor.view,file_editor.create,execute_bash,execute_bash,file_editor.view
deepswe-02532,partial,execute_bash,execute_bash,file_editor.create,execute_bash,execute_bash,execute_bash,execute_bash,execute_bash
deepswe-02533,partial,execute_bash,execute_bash,execute_bash,execute_bash,execute_bash,file_editor.view,execute_bash,file_editor.view
deepswe-02534,success,execute_bash,execute_bash,file_editor.view,execute_bash,file_editor.view,file_editor.create,execute_bash,file_editor.view
deepswe-02535,success,execute_bash,execute_bash,execute_bash,file_editor.view,file_editor.view,file_editor.view,file_editor.view,file_editor.view
deepswe-02536,success,execute_bash,execute_bash,execute_bash,file_editor.view,execute_bash,file_editor.view,execute_bash,file_editor.view
deepswe-02537,success,execute_bash,execute_bash,execute_bash,execute_bash,execute_bash,file_editor.view,file_editor.view,file_editor.view
deepswe-02538,success,execute_bash,execute_bash,execute_bash,execute_bash,execute_bash,execute_bash,file_editor.view,execute_bash
deepswe-02539,success,execute_bash,execute_bash,execute_bash,execute_bash,file_editor.view,execute_bash,execute_bash,execute_bash
deepswe-02540,success,execute_bash,execute_bash,execute_bash,file_editor.view,file_editor.create,execute_bash,execute_bash,execute_bash
deepswe-02541,partial,execute_bash,execute_bash,execute_bash,file_editor.create,execute_bash,execute_bash,execute_bash,execute_bash
deepswe-02542,success,execute_bash,execute_bash,execute_bash,execute_bash,execute_bash,execute_bash,execute_bash,file_editor.view
deepswe-02543,success,execute_bash,execute_bash,execute_bash,execute_bash,file_editor.view,file_editor.create,execute_bash,file_editor.view
deepswe-02544,success,execute_bash,execute_bash,execute_bash,execute_bash,file_editor.create,execute_bash,execute_bash,execute_bash
deepswe-02545,success,execute_bash,execute_bash,execute_bash,file_editor.view,file_editor.view,file_editor.create,execute_bash,execute_bash
deepswe-02546,success,execute_bash,file_editor.view,file_editor.create,execute_bash,execute_bash,execute_bash,execute_bash,execute_bash
deepswe-02547,success,execute_bash,file_editor.create,execute_bash,execute_bash,file_editor.view,execute_bash,file_editor.view,execute_bash
deepswe-02548,success,execute_bash,execute_bash,execute_bash,execute_bash,execute_bash,file_editor.view,file_editor.view,file_editor.view
deepswe-02549,success,execute_bash,execute_bash,file_editor.create,execute_bash,execute_bash,execute_bash,file_editor.view,execute_bash
deepswe-02550,partial,execute_bash,execute_bash,file_editor.view,file_editor.create,execute_bash,file_editor.str_replace,execute_bash,execute_bash
deepswe-02551,success,execute_bash,execute_bash,execute_bash,execute_bash,execute_bash,execute_bash,execute_bash,execute_bash
deepswe-02552,success,execute_bash,execute_bash,execute_bash,execute_bash,execute_bash,execute_bash,execute_bash,execute_bash
deepswe-02553,success,execute_bash,execute_bash,execute_bash,execute_bash,file_editor.create,execute_bash,execute_bash,execute_bash
deepswe-02554,success,execute_bash,execute_bash,execute_bash,execute_bash,execute_bash,execute_bash,file_editor.view,file_editor.view
deepswe-02555,success,execute_bash,execute_bash,execute_bash,execute_bash,execute_bash,execute_bash,execute_bash,file_editor.create
deepswe-02556,success,execute_bash,execute_bash,execute_bash,file_editor.create,execute_bash,execute_bash,execute_bash,execute_bash
deepswe-02557,success,execute_bash,execute_bash,execute_bash,execute_bash,execute_bash,execute_bash,execute_bash,execute_bash
deepswe-02558,success,execute_bash,execute_bash,execute_bash,execute_bash,execute_bash,execute_bash,execute_bash,execute_bash
deepswe-02559,success,execute_bash,execute_bash,file_editor.view,file_editor.view,execute_bash,execute_bash,execute_bash,file_editor.view
deepswe-02560,success,execute_bash,execute_bash,file_editor.view,file_editor.view,execute_bash,file_editor.view,execute_bash,file_editor.create
deepswe-02561,partial,execute_bash,execute_bash,execute_bash,execute_bash,execute_bash,file_editor.create,execute_bash,execute_bash
deepswe-02562,partial,execute_bash,execute_bash,execute_bash,execute_bash,execute_bash,execute_bash,execute_bash,execute_bash
deepswe-02563,success,execute_bash,execute_bash,file_editor.view,file_editor.create,execute_bash,execute_bash,execute_bash,file_editor.view
deepswe-02564,success,execute_bash,execute_bash,execute_bash,execute_bash,execute_bash,execute_bash,file_editor.create,execute_bash
deepswe-02565,success,execute_bash,execute_bash,execute_bash,execute_bash,execute_bash,file_editor.create,execute_bash,execute_bash
deepswe-02566,success,execute_bash,execute_bash,execute_bash,execute_bash,execute_bash,execute_bash,execute_bash,execute_bash
deepswe-02567,success,execute_bash,execute_bash,file_editor.view,execute_bash,execute_bash,file_editor.create,execute_bash,execute_bash
deepswe-02568,success,execute_bash,execute_bash,execute_bash,execute_bash,file_editor.create,execute_bash,execute_bash,execute_bash
deepswe-02569,success,execute_bash,execute_bash,execute_bash,file_editor.view,file_editor.view,file_editor.create,execute_bash,execute_bash
deepswe-02570,success,execute_bash,execute_bash,execute_bash,execute_bash,file_editor.view,execute_bash,execute_bash,execute_bash
deepswe-02571,partial,execute_bash,execute_bash,execute_bash,execute_bash,file_editor.view,file_editor.view,execute_bash,file_editor.view
deepswe-02572,partial,execute_bash,execute_bash,execute_bash,execute_bash,execute_bash,file_editor.create,execute_bash,execute_bash
deepswe-02573,success,execute_bash,execute_bash,execute_bash,execute_bash,file_editor.view,file_editor.create,execute_bash,execute_bash
deepswe-02574,success,execute_bash,execute_bash,execute_bash,execute_bash,file_editor.view,file_editor.view,execute_bash,file_editor.view
deepswe-02575,success,execute_bash,execute_bash,execute_bash,execute_bash,file_editor.create,execute_bash,execute_bash,execute_bash
deepswe-02576,success,execute_bash,execute_bash,execute_bash,file_editor.view,file_editor.view,execute_bash,file_editor.view,execute_bash
deepswe-02577,success,execute_bash,file_editor.view,file_editor.view,execute_bash,file_editor.view,file_editor.create,execute_bash,file_editor.view
deepswe-02578,success,execute_bash,execute_bash,execute_bash,file_editor.create,execute_bash,execute_bash,execute_bash,execute_bash
deepswe-02579,success,execute_bash,execute_bash,execute_bash,file_editor.create,execute_bash,execute_bash,execute_bash,execute_bash
deepswe-02580,partial,execute_bash,execute_bash,execute_bash,execute_bash,execute_bash,execute_bash,execute_bash,execute_bash
deepswe-02581,success,execute_bash,execute_bash,execute_bash,execute_bash,execute_bash,execute_bash,execute_bash,execute_bash
deepswe-02582,partial,execute_bash,execute_bash,execute_bash,execute_bash,file_editor.view,file_editor.view,file_editor.view,file_editor.view
deepswe-02583,partial,execute_bash,execute_bash,file_editor.view,file_editor.create,execute_bash,file_editor.str_replace,execute_bash,execute_bash
deepswe-02584,success,execute_bash,execute_bash,execute_bash,file_editor.view,execute_bash,execute_bash,execute_bash,file_editor.view
deepswe-02585,partial,execute_bash,file_editor.view,file_editor.view,execute_bash,execute_bash,execute_bash,file_editor.view,execute_bash
deepswe-02586,success,execute_bash,execute_bash,execute_bash,execute_bash,execute_bash,execute_bash,execute_bash,file_editor.view
deepswe-02587,success,execute_bash,execute_bash,file_editor.view,file_editor.create,execute_bash,execute_bash,file_editor.view,execute_bash
deepswe-02588,success,execute_bash,execute_bash,execute_bash,execute_bash,execute_bash,execute_bash,file_editor.create,execute_bash
deepswe-02589,partial,execute_bash,execute_bash,execute_bash,file_editor.view,file_editor.view,execute_bash,file_editor.view,file_editor.view
deepswe-02590,success,execute_bash,file_editor.view,file_editor.create,execute_bash,file_editor.view,file_editor.view,execute_bash,execute_bash
deepswe-02591,success,execute_bash,file_editor.view,file_editor.view,execute_bash,execute_bash,execute_bash,file_editor.view,execute_bash
deepswe-02592,success,execute_bash,execute_bash,file_editor.view,file_editor.str_replace,file_editor.create,execute_bash,file_editor.str_replace,execute_bash
deepswe-02593,success,execute_bash,execute_bash,execute_bash,execute_bash,execute_bash,execute_bash,execute_bash,execute_bash
deepswe-02594,success,execute_bash,file_editor.view,execute_bash,execute_bash,execute_bash,file_editor.create,execute_bash,execute_bash
deepswe-02595,partial,execute_bash,execute_bash,execute_bash,execute_bash,execute_bash,execute_bash,file_editor.view,file_editor.view
deepswe-02596,success,execute_bash,execute_bash,execute_bash,execute_bash,execute_bash,execute_bash,file_editor.view,execute_bash
deepswe-02597,success,execute_bash,execute_bash,execute_bash,execute_bash,file_editor.view,file_editor.create,execute_bash,execute_bash
deepswe-02598,success,execute_bash,execute_bash,execute_bash,execute_bash,execute_bash,execute_bash,execute_bash,execute_bash
deepswe-02599,partial,execute_bash,file_editor.view,file_editor.view,execute_bash,execute_bash,execute_bash,execute_bash,file_editor.create
deepswe-02600,success,execute_bash,execute_bash,file_editor.view,execute_bash,execute_bash,file_editor.view,file_editor.create,execute_bash
deepswe-02601,partial,execute_bash,execute_bash,execute_bash,execute_bash,execute_bash,execute_bash,execute_bash,file_editor.view
deepswe-02602,partial,execute_bash,file_editor.view,file_editor.create,execute_bash,file_editor.view,execute_bash,execute_bash,execute_bash
deepswe-02603,success,execute_bash,execute_bash,file_editor.view,file_editor.view,file_editor.view,file_editor.create,execute_bash,execute_bash
deepswe-02604,success,execute_bash,execute_bash,file_editor.view,file_editor.view,file_editor.view,file_editor.create,execute_bash,str_replace
deepswe-02605,success,execute_bash,execute_bash,file_editor.create,execute_bash,execute_bash,execute_bash,file_editor.view,execute_bash
deepswe-02606,success,execute_bash,file_editor.view,file_editor.create,execute_bash,file_editor.view,file_editor.view,execute_bash,file_editor.view
deepswe-02607,success,execute_bash,execute_bash,execute_bash,execute_bash,file_editor.view,execute_bash,file_editor.view,file_editor.view
deepswe-02608,success,execute_bash,execute_bash,execute_bash,execute_bash,execute_bash,file_editor.view,execute_bash,execute_bash
deepswe-02609,success,execute_bash,execute_bash,file_editor.create,execute_bash,file_editor.str_replace,execute_bash,file_editor.str_replace,execute_bash
deepswe-02610,success,execute_bash,execute_bash,execute_bash,file_editor.view,execute_bash,file_editor.view,execute_bash,file_editor.view
deepswe-02611,success,execute_bash,execute_bash,execute_bash,file_editor.create,execute_bash,execute_bash,execute_bash,file_editor.view
deepswe-02612,success,execute_bash,execute_bash,execute_bash,execute_bash,execute_bash,execute_bash,execute_bash,execute_bash
deepswe-02613,success,execute_bash,execute_bash,execute_bash,file_editor.create,execute_bash,execute_bash,execute_bash,execute_bash
deepswe-02614,success,execute_bash,execute_bash,file_editor.view,execute_bash,execute_bash,execute_bash,execute_bash,execute_bash
deepswe-02615,success,execute_bash,execute_bash,file_editor.view,file_editor.view,file_editor.create,execute_bash,file_editor.str_replace,execute_bash
deepswe-02616,success,execute_bash,execute_bash,file_editor.view,file_editor.view,file_editor.view,file_editor.view,file_editor.view,file_editor.create
deepswe-02617,success,execute_bash,file_editor.view,execute_bash,file_editor.view,execute_bash,file_editor.view,file_editor.create,execute_bash
deepswe-02618,success,execute_bash,execute_bash,execute_bash,execute_bash,file_editor.create,execute_bash,file_editor.view,file_editor.view
deepswe-02619,success,execute_bash,execute_bash,file_editor.view,execute_bash,execute_bash,execute_bash,execute_bash,execute_bash
deepswe-02620,success,execute_bash,execute_bash,execute_bash,execute_bash,execute_bash,execute_bash,execute_bash,execute_bash
deepswe-02621,success,execute_bash,file_editor.view,execute_bash,execute_bash,file_editor.view,execute_bash,file_editor.view,file_editor.create
deepswe-02622,partial,execute_bash,execute_bash,file_editor.create,execute_bash,file_editor.view,execute_bash,file_editor.view,execute_bash
deepswe-02623,success,execute_bash,execute_bash,execute_bash,execute_bash,execute_bash,execute_bash,execute_bash,execute_bash
deepswe-02624,success,execute_bash,file_editor.create,execute_bash,execute_bash,execute_bash,execute_bash,execute_bash,execute_bash
deepswe-02625,partial,execute_bash,execute_bash,execute_bash,execute_bash,execute_bash,file_editor.view,execute_bash,file_editor.view
deepswe-02626,success,execute_bash,execute_bash,execute_bash,execute_bash,execute_bash,file_editor.view,file_editor.view,file_editor.view
deepswe-02627,partial,execute_bash,execute_bash,execute_bash,execute_bash,execute_bash,file_editor.view,execute_bash,file_editor.view
deepswe-02628,success,execute_bash,execute_bash,execute_bash,file_editor.create,execute_bash,execute_bash,execute_bash,execute_bash
deepswe-02629,success,execute_bash,execute_bash,execute_bash,file_editor.view,execute_bash,execute_bash,execute_bash,file_editor.view
deepswe-02630,partial,execute_bash,execute_bash,execute_bash,file_editor.view,file_editor.view,execute_bash,execute_bash,file_editor.view
deepswe-02631,success,execute_bash,file_editor.view,execute_bash,execute_bash,execute_bash,file_editor.view,execute_bash,file_editor.view
deepswe-02632,success,execute_bash,execute_bash,file_editor.view,execute_bash,execute_bash,file_editor.view,execute_bash,execute_bash
deepswe-02633,partial,execute_bash,execute_bash,execute_bash,execute_bash,file_editor.view,file_editor.view,file_editor.create,execute_bash
deepswe-02634,success,execute_bash,execute_bash,execute_bash,execute_bash,file_editor.view,execute_bash,execute_bash,execute_bash
deepswe-02635,success,execute_bash,execute_bash,file_editor.view,execute_bash,file_editor.view,execute_bash,execute_bash,file_editor.view
deepswe-02636,success,execute_bash,file_editor.view,execute_bash,file_editor.view,execute_bash,file_editor.create,execute_bash,execute_bash
deepswe-02637,partial,execute_bash,execute_bash,execute_bash,file_editor.create,execute_bash,execute_bash,execute_bash,execute_bash
deepswe-02638,success,execute_bash,execute_bash,file_editor.view,execute_bash,file_editor.view,file_editor.view,execute_bash,file_editor.view
deepswe-02639,success,execute_bash,execute_bash,file_editor.view,file_editor.view,file_editor.create,execute_bash,execute_bash,file_editor.view
deepswe-02640,success,execute_bash,file_editor.view,file_editor.view,execute_bash,execute_bash,execute_bash,execute_bash,file_editor.view
deepswe-02641,partial,execute_bash,file_editor.create,execute_bash,file_editor.view,execute_bash,execute_bash,file_editor.view,execute_bash
deepswe-02642,success,execute_bash,execute_bash,execute_bash,file_editor.view,file_editor.create,execute_bash,file_editor.str_replace,execute_bash
deepswe-02643,success,execute_bash,execute_bash,execute_bash,file_editor.view,file_editor.create,execute_bash,file_editor.str_replace,execute_bash
deepswe-02644,success,execute_bash,execute_bash,execute_bash,execute_bash,execute_bash,execute_bash,file_editor.view,execute_bash
deepswe-02645,success,execute_bash,execute_bash,file_editor.view,execute_bash,execute_bash,execute_bash,execute_bash,execute_bash
deepswe-02646,success,execute_bash,file_editor.view,execute_bash,file_editor.view,file_editor.view,execute_bash,execute_bash,execute_bash
deepswe-02647,partial,execute_bash,execute_bash,execute_bash,execute_bash,execute_bash,execute_bash,execute_bash,execute_bash
deepswe-02648,partial,execute_bash,execute_bash,execute_bash,execute_bash,file_editor.view,file_editor.create,execute_bash,file_editor.str_replace
deepswe-02649,success,execute_bash,execute_bash,file_editor.view,execute_bash,file_editor.view,file_editor.view,file_editor.create,execute_bash
deepswe-02650,success,execute_bash,execute_bash,execute_bash,file_editor.create,execute_bash,execute_bash,execute_bash,execute_bash
deepswe-02651,success,execute_bash,execute_bash,execute_bash,execute_bash,execute_bash,execute_bash,execute_bash,file_editor.view
deepswe-02652,success,execute_bash,file_editor.create,execute_bash,file_editor.str_replace,execute_bash,execute_bash,file_editor.view,file_editor.view
deepswe-02653,partial,execute_bash,file_editor.view,execute_bash,file_editor.view,file_editor.create,execute_bash,file_editor.create,execute_bash
deepswe-02654,success,execute_bash,file_editor.view,file_editor.create,execute_bash,execute_bash,file_editor.view,execute_bash,file_editor.view
deepswe-02655,success,execute_bash,execute_bash,execute_bash,execute_bash,execute_bash,file_editor.view,file_editor.view,file_editor.view
deepswe-02656,partial,execute_bash,execute_bash,execute_bash,execute_bash,execute_bash,execute_bash,execute_bash,execute_bash
deepswe-02657,success,execute_bash,execute_bash,execute_bash,execute_bash,execute_bash,execute_bash,execute_bash,execute_bash
deepswe-02658,success,execute_bash,execute_bash,execute_bash,execute_bash,execute_bash,file_editor.create,execute_bash,execute_bash
deepswe-02659,success,execute_bash,execute_bash,file_editor.view,file_editor.create,execute_bash,execute_bash,execute_bash,execute_bash
deepswe-02660,success,execute_bash,execute_bash,execute_bash,file_editor.view,execute_bash,file_editor.view,execute_bash,file_editor.view
deepswe-02661,success,execute_bash,execute_bash,file_editor.view,file_editor.create,execute_bash,execute_bash,execute_bash,execute_bash
deepswe-02662,success,execute_bash,file_editor.view,file_editor.view,file_editor.view,execute_bash,file_editor.create,execute_bash,execute_bash
deepswe-02663,success,execute_bash,execute_bash,execute_bash,file_editor.create,execute_bash,file_editor.str_replace,execute_bash,file_editor.str_replace
deepswe-02664,success,execute_bash,execute_bash,execute_bash,file_editor.create,execute_bash,execute_bash,file_editor.str_replace,execute_bash
deepswe-02665,success,execute_bash,execute_bash,execute_bash,execute_bash,execute_bash,file_editor.view,execute_bash,execute_bash
deepswe-02666,success,execute_bash,execute_bash,file_editor.create,execute_bash,execute_bash,execute_bash,file_editor.view,file_editor.view
deepswe-02667,success,execute_bash,execute_bash,file_editor.view,file_editor.view,file_editor.create,execute_bash,execute_bash,file_editor.view
deepswe-02668,partial,execute_bash,file_editor.view,execute_bash,execute_bash,execute_bash,file_editor.view,execute_bash,execute_bash
deepswe-02669,success,execute_bash,execute_bash,file_editor.view,execute_bash,file_editor.view,execute_bash,file_editor.view,file_editor.view
deepswe-02670,partial,execute_bash,execute_bash,execute_bash,execute_bash,execute_bash,execute_bash,execute_bash,file_editor.view
deepswe-02671,success,execute_bash,execute_bash,file_editor.view,file_editor.view,file_editor.view,execute_bash,execute_bash,file_editor.create
deepswe-02672,success,execute_bash,execute_bash,execute_bash,file_editor.view,execute_bash,file_editor.view,execute_bash,execute_bash
deepswe-02673,success,execute_bash,execute_bash,execute_bash,execute_bash,execute_bash,execute_bash,execute_bash,execute_bash
deepswe-02674,success,execute_bash,execute_bash,execute_bash,execute_bash,execute_bash,execute_bash,execute_bash,execute_bash
deepswe-02675,partial,execute_bash,file_editor.view,file_editor.view,execute_bash,execute_bash,file_editor.view,file_editor.create,execute_bash
deepswe-02676,success,execute_bash,execute_bash,execute_bash,file_editor.view,file_editor.view,execute_bash,execute_bash,execute_bash
deepswe-02677,success,execute_bash,execute_bash,execute_bash,execute_bash,file_editor.create,execute_bash,execute_bash,execute_bash
deepswe-02678,partial,execute_bash,execute_bash,execute_bash,execute_bash,execute_bash,file_editor.view,file_editor.create,execute_bash
deepswe-02679,success,execute_bash,execute_bash,execute_bash,execute_bash,execute_bash,execute_bash,execute_bash,execute_bash
deepswe-02680,partial,execute_bash,execute_bash,execute_bash,execute_bash,execute_bash,execute_bash,execute_bash,execute_bash
deepswe-02681,success,execute_bash,execute_bash,execute_bash,file_editor.view,file_editor.view,file_editor.view,execute_bash,file_editor.view
deepswe-02682,success,execute_bash,execute_bash,execute_bash,execute_bash,execute_bash,execute_bash,execute_bash,execute_bash
deepswe-02683,success,execute_bash,file_editor.view,file_editor.create,execute_bash,execute_bash,file_editor.view,execute_bash,file_editor.view
deepswe-02684,partial,execute_bash,execute_bash,file_editor.create,execute_bash,execute_bash,execute_bash,file_editor.view,execute_bash
deepswe-02685,success,execute_bash,execute_bash,execute_bash,file_editor.create,execute_bash,execute_bash,execute_bash,execute_bash
deepswe-02686,success,execute_bash,file_editor.view,execute_bash,file_editor.view,file_editor.view,file_editor.view,execute_bash,file_editor.view
deepswe-02687,success,execute_bash,execute_bash,execute_bash,execute_bash,execute_bash,file_editor.view,search,file_editor.view
deepswe-02688,success,execute_bash,execute_bash,execute_bash,execute_bash,execute_bash,file_editor.view,file_editor.create,execute_bash
deepswe-02689,success,execute_bash,execute_bash,file_editor.view,execute_bash,file_editor.view,file_editor.view,execute_bash,execute_bash
deepswe-02690,partial,execute_bash,execute_bash,file_editor.view,execute_bash,file_editor.view,execute_bash,file_editor.view,file_editor.view
deepswe-02691,success,execute_bash,execute_bash,execute_bash,file_editor.view,file_editor.view,file_editor.view,file_editor.create,execute_bash
deepswe-02692,success,execute_bash,execute_bash,file_editor.view,file_editor.create,execute_bash,execute_bash,execute_bash,file_editor.view
deepswe-02693,success,execute_bash,execute_bash,file_editor.create,execute_bash,execute_bash,file_editor.view,file_editor.view,execute_bash
deepswe-02694,success,execute_bash,execute_bash,execute_bash,file_editor.create,execute_bash,execute_bash,execute_bash,file_editor.view
deepswe-02695,success,execute_bash,execute_bash,execute_bash,execute_bash,file_editor.create,execute_bash,execute_bash,execute_bash
deepswe-02696,success,execute_bash,execute_bash,execute_bash,file_editor.view,file_editor.view,execute_bash,file_editor.view,file_editor.view
deepswe-02697,partial,execute_bash,execute_bash,execute_bash,execute_bash,file_editor.create,execute_bash,execute_bash,execute_bash
deepswe-02698,success,execute_bash,execute_bash,execute_bash,execute_bash,file_editor.create,execute_bash,file_editor.str_replace,execute_bash
deepswe-02699,success,execute_bash,execute_bash,file_editor.view,file_editor.create,execute_bash,execute_bash,execute_bash,execute_bash
deepswe-02700,partial,execute_bash,execute_bash,file_editor.create,execute_bash,execute_bash,execute_bash,file_editor.view,file_editor.view
deepswe-02701,success,execute_bash,file_editor.view,execute_bash,execute_bash,execute_bash,execute_bash,execute_bash,execute_bash
deepswe-02702,success,execute_bash,execute_bash,execute_bash,execute_bash,execute_bash,execute_bash,file_editor.create,execute_bash
deepswe-02703,success,execute_bash,execute_bash,execute_bash,execute_bash,file_editor.create,execute_bash,file_editor.str_replace,file_editor.str_replace
deepswe-02704,success,execute_bash,execute_bash,execute_bash,execute_bash,execute_bash,file_editor.view,file_editor.create,execute_bash
deepswe-02705,success,execute_bash,execute_bash,execute_bash,execute_bash,execute_bash,execute_bash,file_editor.create,execute_bash
deepswe-02706,success,execute_bash,execute_bash,execute_bash,execute_bash,file_editor.create,execute_bash,execute_bash,execute_bash
deepswe-02707,success,execute_bash,execute_bash,file_editor.view,file_editor.create,execute_bash,execute_bash,execute_bash,file_editor.view
deepswe-02708,success,execute_bash,execute_bash,file_editor.view,file_editor.create,execute_bash,execute_bash,execute_bash,execute_bash
deepswe-02709,partial,execute_bash,execute_bash,execute_bash,execute_bash,execute_bash,execute_bash,file_editor.view,file_editor.view
deepswe-02710,partial,execute_bash,execute_bash,execute_bash,execute_bash,file_editor.create,execute_bash,execute_bash,execute_bash
deepswe-02711,success,execute_bash,execute_bash,execute_bash,file_editor.create,execute_bash,execute_bash,file_editor.view,execute_bash
deepswe-02712,success,execute_bash,execute_bash,execute_bash,file_editor.create,execute_bash,file_editor.view,file_editor.view,execute_bash
deepswe-02713,success,execute_bash,execute_bash,execute_bash,execute_bash,file_editor.view,file_editor.create,execute_bash,execute_bash
deepswe-02714,partial,execute_bash,file_editor.view,execute_bash,execute_bash,execute_bash,execute_bash,execute_bash,file_editor.view
deepswe-02715,partial,execute_bash,file_editor.view,execute_bash,file_editor.view,execute_bash,execute_bash,file_editor.view,file_editor.view
deepswe-02716,success,execute_bash,execute_bash,execute_bash,file_editor.view,execute_bash,execute_bash,execute_bash,file_editor.view
deepswe-02717,partial,execute_bash,file_editor.view,file_editor.view,execute_bash,file_editor.view,file_editor.view,file_editor.create,execute_bash
deepswe-02718,partial,execute_bash,execute_bash,execute_bash,execute_bash,execute_bash,file_editor.create,execute_bash,execute_bash
deepswe-02719,partial,execute_bash,file_editor.create,execute_bash,file_editor.view,file_editor.view,file_editor.view,execute_bash,file_editor.view
deepswe-02720,partial,execute_bash,execute_bash,execute_bash,execute_bash,file_editor.view,execute_bash,file_editor.view,file_editor.view
deepswe-02721,partial,execute_bash,file_editor.view,file_editor.view,execute_bash,execute_bash,execute_bash,file_editor.view,execute_bash
deepswe-02722,success,execute_bash,execute_bash,execute_bash,execute_bash,execute_bash,execute_bash,execute_bash,execute_bash
deepswe-02723,success,execute_bash,execute_bash,execute_bash,execute_bash,file_editor.view,execute_bash,execute_bash,file_editor.view
deepswe-02724,success,execute_bash,execute_bash,execute_bash,execute_bash,execute_bash,execute_bash,execute_bash,execute_bash
deepswe-02725,success,execute_bash,file_editor.view,file_editor.create,execute_bash,file_editor.str_replace,execute_bash,file_editor.str_replace,execute_bash
deepswe-02726,partial,execute_bash,execute_bash,execute_bash,execute_bash,execute_bash,execute_bash,file_editor.view,file_editor.create
deepswe-02727,success,execute_bash,execute_bash,file_editor.view,file_editor.create,execute_bash,execute_bash,file_editor.view,file_editor.view
deepswe-02728,success,execute_bash,execute_bash,file_editor.view,file_editor.create,execute_bash,execute_bash,file_editor.str_replace,execute_bash
deepswe-02729,success,execute_bash,execute_bash,execute_bash,execute_bash,execute_bash,file_editor.view,file_editor.view,file_editor.view
deepswe-02730,success,execute_bash,execute_bash,execute_bash,execute_bash,execute_bash,file_editor.view,search,file_editor.view
deepswe-02731,success,execute_bash,file_editor.view,execute_bash,execute_bash,file_editor.view,execute_bash,file_editor.view,file_editor.view
deepswe-02732,success,execute_bash,execute_bash,execute_bash,execute_bash,file_editor.create,execute_bash,execute_bash,execute_bash
deepswe-02733,success,execute_bash,execute_bash,execute_bash,file_editor.create,execute_bash,execute_bash,execute_bash,execute_bash
deepswe-02734,success,execute_bash,file_editor.view,file_editor.create,execute_bash,execute_bash,file_editor.str_replace,execute_bash,execute_bash
deepswe-02735,success,execute_bash,execute_bash,file_editor.view,execute_bash,file_editor.view,file_editor.view,execute_bash,execute_bash
deepswe-02736,partial,file_editor.view,file_editor.create,execute_bash,execute_bash,execute_bash,execute_bash,execute_bash,file_editor.view
deepswe-02737,success,execute_bash,execute_bash,execute_bash,file_editor.create,execute_bash,file_editor.str_replace,execute_bash,execute_bash
deepswe-02738,partial,execute_bash,file_editor.view,execute_bash,file_editor.view,file_editor.view,execute_bash,file_editor.view,file_editor.view
deepswe-02739,success,execute_bash,execute_bash,execute_bash,execute_bash,execute_bash,execute_bash,execute_bash,execute_bash
deepswe-02740,success,execute_bash,execute_bash,execute_bash,execute_bash,file_editor.view,file_editor.create,execute_bash,execute_bash
deepswe-02741,success,execute_bash,file_editor.view,execute_bash,execute_bash,execute_bash,file_editor.view,execute_bash,file_editor.view
deepswe-02742,success,execute_bash,execute_bash,file_editor.view,execute_bash,execute_bash,execute_bash,execute_bash,file_editor.view
deepswe-02743,success,execute_bash,file_editor.view,execute_bash,file_editor.view,execute_bash,execute_bash,execute_bash,execute_bash
deepswe-02744,success,execute_bash,file_editor.view,execute_bash,file_editor.view,execute_bash,file_editor.view,execute_bash,file_editor.view
deepswe-02745,partial,execute_bash,execute_bash,file_editor.view,execute_bash,execute_bash,execute_bash,file_editor.view,execute_bash
deepswe-02746,partial,execute_bash,execute_bash,execute_bash,file_editor.create,execute_bash,execute_bash,execute_bash,file_editor.view
deepswe-02747,success,execute_bash,execute_bash,execute_bash,execute_bash,execute_bash,execute_bash,execute_bash,file_editor.view
deepswe-02748,success,execute_bash,execute_bash,execute_bash,execute_bash,file_editor.view,file_editor.view,file_editor.view,file_editor.view
deepswe-02749,partial,execute_bash,execute_bash,execute_bash,execute_bash,file_editor.view,file_editor.create,execute_bash,file_editor.str_replace
deepswe-02750,success,execute_bash,execute_bash,execute_bash,file_editor.view,file_editor.view,execute_bash,file_editor.view,execute_bash
deepswe-02751,success,execute_bash,execute_bash,execute_bash,file_editor.view,file_editor.create,execute_bash,execute_bash,file_editor.view
deepswe-02752,success,execute_bash,execute_bash,file_editor.create,execute_bash,execute_bash,execute_bash,execute_bash,execute_bash
deepswe-02753,success,file_editor.view,execute_bash,execute_bash,execute_bash,file_editor.view,execute_bash,execute_bash,execute_bash
deepswe-02754,success,execute_bash,execute_bash,execute_bash,execute_bash,file_editor.view,execute_bash,file_editor.view,execute_bash
deepswe-02755,success,execute_bash,execute_bash,file_editor.view,file_editor.create,execute_bash,execute_bash,execute_bash,file_editor.view
deepswe-02756,success,execute_bash,execute_bash,execute_bash,file_editor.view,file_editor.view,file_editor.create,execute_bash,file_editor.str_replace
deepswe-02757,partial,execute_bash,execute_bash,execute_bash,execute_bash,execute_bash,execute_bash,file_editor.create,execute_bash
deepswe-02758,partial,execute_bash,execute_bash,execute_bash,execute_bash,execute_bash,execute_bash,execute_bash,execute_bash
deepswe-02759,success,execute_bash,execute_bash,execute_bash,execute_bash,execute_bash,execute_bash,execute_bash,file_editor.create
deepswe-02760,success,execute_bash,execute_bash,execute_bash,file_editor.view,execute_bash,file_editor.view,execute_bash,file_editor.view
deepswe-02761,success,execute_bash,execute_bash,execute_bash,execute_bash,execute_bash,file_editor.view,execute_bash,execute_bash
deepswe-02762,success,execute_bash,execute_bash,execute_bash,execute_bash,file_editor.view,file_editor.view,execute_bash,execute_bash
deepswe-02763,success,file_editor.view,file_editor.create,execute_bash,file_editor.str_replace,execute_bash,execute_bash,execute_bash,execute_bash
deepswe-02764,success,execute_bash,execute_bash,file_editor.view,file_editor.view,file_editor.view,file_editor.create,execute_bash,execute_bash
deepswe-02765,partial,execute_bash,file_editor.view,execute_bash,execute_bash,file_editor.view,execute_bash,file_editor.view,file_editor.view
deepswe-02766,success,execute_bash,execute_bash,file_editor.view,file_editor.view,file_editor.view,file_editor.view,execute_bash,execute_bash
deepswe-02767,partial,execute_bash,execute_bash,file_editor.create,execute_bash,file_editor.str_replace,execute_bash,execute_bash,file_editor.create
deepswe-02768,success,execute_bash,execute_bash,execute_bash,execute_bash,execute_bash,execute_bash,file_editor.view,file_editor.view
deepswe-02769,success,execute_bash,execute_bash,file_editor.create,execute_bash,execute_bash,file_editor.str_replace,execute_bash,file_editor.str_replace
deepswe-02770,partial,execute_bash,execute_bash,execute_bash,execute_bash,execute_bash,execute_bash,execute_bash,execute_bash
deepswe-02771,partial,execute_bash,execute_bash,execute_bash,file_editor.create,execute_bash,execute_bash,execute_bash,execute_bash
deepswe-02772,success,execute_bash,execute_bash,execute_bash,execute_bash,execute_bash,execute_bash,execute_bash,file_editor.view
deepswe-02773,success,execute_bash,file_editor.view,execute_bash,execute_bash,execute_bash,file_editor.view,execute_bash,file_editor.view
deepswe-02774,success,execute_bash,execute_bash,execute_bash,file_editor.create,execute_bash,execute_bash,execute_bash,file_editor.view
deepswe-02775,success,execute_bash,file_editor.view,execute_bash,file_editor.view,execute_bash,file_editor.view,file_editor.view,file_editor.view
deepswe-02776,success,execute_bash,execute_bash,execute_bash,execute_bash,execute_bash,execute_bash,execute_bash,file_editor.view
deepswe-02777,success,execute_bash,execute_bash,file_editor.create,file_editor.str_replace,file_editor.view,file_editor.create,execute_bash,execute_bash
deepswe-02778,success,execute_bash,execute_bash,execute_bash,execute_bash,file_editor.view,execute_bash,execute_bash,execute_bash
deepswe-02779,success,execute_bash,execute_bash,execute_bash,execute_bash,execute_bash,file_editor.view,execute_bash,execute_bash
deepswe-02780,success,execute_bash,execute_bash,execute_bash,execute_bash,execute_bash,execute_bash,file_editor.view,execute_bash
deepswe-02781,partial,execute_bash,file_editor.view,file_editor.view,execute_bash,execute_bash,execute_bash,execute_bash,execute_bash
deepswe-02782,success,execute_bash,execute_bash,execute_bash,execute_bash,file_editor.view,file_editor.view,execute_bash,execute_bash
deepswe-02783,partial,execute_bash,execute_bash,execute_bash,file_editor.view,execute_bash,file_editor.view,execute_bash,execute_bash
deepswe-02784,success,file_editor.view,file_editor.create,execute_bash,execute_bash,execute_bash,file_editor.view,file_editor.view,file_editor.view
deepswe-02785,partial,execute_bash,execute_bash,execute_bash,file_editor.view,file_editor.view,file_editor.create,execute_bash,file_editor.view
deepswe-02786,success,execute_bash,execute_bash,execute_bash,file_editor.view,execute_bash,file_editor.view,file_editor.view,file_editor.view
deepswe-02787,partial,execute_bash,execute_bash,execute_bash,execute_bash,execute_bash,execute_bash,execute_bash,file_editor.create
deepswe-02788,success,execute_bash,execute_bash,file_editor.view,file_editor.create,execute_bash,file_editor,file_editor.str_replace,execute_bash
deepswe-02789,partial,file_editor.view,file_editor.create,execute_bash,execute_bash,execute_bash,file_editor.view,execute_bash,file_editor.view
deepswe-02790,success,execute_bash,execute_bash,execute_bash,execute_bash,execute_bash,execute_bash,file_editor.view,file_editor.view
deepswe-02791,success,execute_bash,execute_bash,execute_bash,file_editor.create,execute_bash,file_editor.str_replace,execute_bash,execute_bash
deepswe-02792,success,execute_bash,execute_bash,execute_bash,execute_bash,execute_bash,execute_bash,execute_bash,execute_bash
deepswe-02793,partial,execute_bash,execute_bash,execute_bash,execute_bash,file_editor.create,execute_bash,execute_bash,execute_bash
deepswe-02794,success,execute_bash,execute_bash,file_editor.create,execute_bash,execute_bash,execute_bash,execute_bash,file_editor.view
deepswe-02795,partial,execute_bash,execute_bash,execute_bash,file_editor.create,execute_bash,execute_bash,execute_bash,execute_bash
deepswe-02796,success,execute_bash,execute_bash,file_editor.view,file_editor.create,execute_bash,execute_bash,execute_bash,execute_bash
deepswe-02797,partial,execute_bash,execute_bash,execute_bash,file_editor.view,file_editor.view,execute_bash,execute_bash,execute_bash
deepswe-02798,success,execute_bash,execute_bash,execute_bash,file_editor.view,execute_bash,execute_bash,file_editor.view,file_editor.view
deepswe-02799,partial,execute_bash,execute_bash,execute_bash,execute_bash,execute_bash,execute_bash,execute_bash,execute_bash
deepswe-02800,partial,execute_bash,file_editor.view,file_editor.view,execute_bash,execute_bash,file_editor.view,file_editor.view,file_editor.view
deepswe-02801,success,execute_bash,execute_bash,execute_bash,execute_bash,file_editor.create,execute_bash,execute_bash,execute_bash
deepswe-02802,success,execute_bash,file_editor.view,file_editor.create,execute_bash,file_editor.view,file_editor.view,file_editor.view,execute_bash
deepswe-02803,success,execute_bash,execute_bash,file_editor.view,execute_bash,file_editor.view,execute_bash,file_editor.view,execute_bash
deepswe-02804,success,execute_bash,execute_bash,execute_bash,execute_bash,execute_bash,execute_bash,execute_bash,file_editor.view
deepswe-02805,success,execute_bash,execute_bash,file_editor.view,execute_bash,file_editor.view,execute_bash,file_editor.view,file_editor.view
deepswe-02806,success,execute_bash,execute_bash,file_editor.view,execute_bash,execute_bash,file_editor.view,file_editor.view,execute_bash
deepswe-02807,success,execute_bash,execute_bash,execute_bash,execute_bash,execute_bash,execute_bash,execute_bash,execute_bash
deepswe-02808,success,execute_bash,execute_bash,file_editor.create,execute_bash,execute_bash,execute_bash,execute_bash,execute_bash
