id,outcome,step_1,step_2,step_3,step_4,step_5,step_6,step_7,step_8
math-00608,partial,(none),(none),(none),(none),(none),(none),(none),(none)
math-00609,success,Rational,(none),(none),(none),(none),(none),(none),(none)
math-00610,success,sqrt,(none),(none),(none),(none),(none),(none),(none)
math-00611,fail,find_factors,python_interpreter,limit_denominator,gcd,(none),(none),(none),(none)
math-00612,success,array,(none),(none),(none),(none),(none),(none),(none)
math-00613,partial,sqrt,(none),(none),(none),(none),(none),(none),(none)
math-00614,fail,(none),(none),(none),(none),(none),(none),(none),(none)
math-00615,success,(none),(none),(none),(none),(none),(none),(none),(none)
math-00616,fail,symbols,symbols,(none),(none),(none),(none),(none),(none)
math-00617,partial,array,python_interpreter,(none),(none),(none),(none),(none),(none)
math-00618,partial,array,dot,(none),(none),(none),(none),(none),(none)
math-00619,success,python_interpreter,(none),(none),(none),(none),(none),(none),(none)
math-00620,success,divmod,(none),(none),(none),(none),(none),(none),(none)
math-00621,success,sqrt,python_interpreter,(none),(none),(none),(none),(none),(none)
math-00622,success,array,(none),(none),(none),(none),(none),(none),(none)
math-00623,partial,f,(none),(none),(none),(none),(none),(none),(none)
math-00624,success,ceil,(none),(none),(none),(none),(none),(none),(none)
math-00625,success,python_interpreter,(none),(none),(none),(none),(none),(none),(none)
math-00626,success,symbols,solve,solve,Rational,(none),(none),(none),(none)
math-00627,partial,sqrt,(none),(none),(none),(none),(none),(none),(none)
math-00628,success,append,python_interpreter,(none),(none),(none),(none),(none),(none)
math-00629,partial,python_interpreter,(none),(none),(none),(none),(none),(none),(none)
math-00630,fail,(none),(none),(none),(none),(none),(none),(none),(none)
math-00631,success,lcm,(none),(none),(none),(none),(none),(none),(none)
math-00632,success,symbols,python_interpreter,append,append,(none),(none),(none),(none)
math-00633,success,primefactors,(none),(none),(none),(none),(none),(none),(none)
math-00634,success,symbols,python_interpreter,python_interpreter,Rational,(none),(none),(none),(none)
math-00635,partial,symbols,(none),(none),(none),(none),(none),(none),(none)
math-00636,fail,symbols,symbols,log,(none),(none),(none),(none),(none)
math-00637,success,python_interpreter,(none),(none),(none),(none),(none),(none),(none)
math-00638,success,floor,floor,(none),(none),(none),(none),(none),(none)
math-00639,success,symbols,(none),(none),(none),(none),(none),(none),(none)
math-00640,success,python_interpreter,(none),(none),(none),(none),(none),(none),(none)
math-00641,success,python_interpreter,(none),(none),(none),(none),(none),(none),(none)
math-00642,success,Rational,(none),(none),(none),(none),(none),(none),(none)
math-00643,partial,comb,(none),(none),(none),(none),(none),(none),(none)
math-00644,success,Rational,(none),(none),(none),(none),(none),(none),(none)
math-00645,partial,symbols,python_interpreter,(none),(none),(none),(none),(none),(none)
math-00646,success,python_interpreter,(none),(none),(none),(none),(none),(none),(none)
math-00647,partial,python_interpreter,limit_denominator,limit_denominator,(none),(none),(none),(none),(none)
math-00648,success,(none),(none),(none),(none),(none),(none),(none),(none)
math-00649,success,symbols,(none),(none),(none),(none),(none),(none),(none)
math-00650,success,find_min_sum,(none),(none),(none),(none),(none),(none),(none)
math-00651,success,f,(none),(none),(none),(none),(none),(none),(none)
math-00652,success,symbols,(none),(none),(none),(none),(none),(none),(none)
math-00653,success,python_interpreter,(none),(none),(none),(none),(none),(none),(none)
math-00654,success,python_interpreter,python_interpreter,(none),(none),(none),(none),(none),(none)
math-00655,success,array,(none),(none),(none),(none),(none),(none),(none)
math-00656,fail,symbols,(none),(none),(none),(none),(none),(none),(none)
math-00657,success,python_interpreter,(none),(none),(none),(none),(none),(none),(none)
math-00658,success,symbols,(none),(none),(none),(none),(none),(none),(none)
math-00659,success,gcd,(none),(none),(none),(none),(none),(none),(none)
math-00660,fail,factorial,values,(none),(none),(none),(none),(none),(none)
math-00661,success,combinations,(none),(none),(none),(none),(none),(none),(none)
math-00662,success,python_interpreter,(none),(none),(none),(none),(none),(none),(none)
math-00663,success,symbols,(none),(none),(none),(none),(none),(none),(none)
math-00664,success,limit_denominator,gcd,(none),(none),(none),(none),(none),(none)
math-00665,success,python_interpreter,(none),(none),(none),(none),(none),(none),(none)
math-00666,success,inches,(none),(none),(none),(none),(none),(none),(none)
math-00667,success,symbols,(none),(none),(none),(none),(none),(none),(none)
math-00668,success,python_interpreter,(none),(none),(none),(none),(none),(none),(none)
math-00669,partial,symbols,(none),(none),(none),(none),(none),(none),(none)
math-00670,success,factorial,(none),(none),(none),(none),(none),(none),(none)
math-00671,success,is_prime,(none),(none),(none),(none),(none),(none),(none)
math-00672,success,python_interpreter,(none),(none),(none),(none),(none),(none),(none)
math-00673,success,symbols,(none),(none),(none),(none),(none),(none),(none)
math-00674,success,python_interpreter,(none),(none),(none),(none),(none),(none),(none)
math-00675,success,symbols,sqrt,(none),(none),(none),(none),(none),(none)
math-00676,success,symbols,symbols,(none),(none),(none),(none),(none),(none)
math-00677,success,symbols,python_interpreter,(none),(none),(none),(none),(none),(none)
math-00678,fail,floor,(none),(none),(none),(none),(none),(none),(none)
math-00679,success,symbols,(none),(none),(none),(none),(none),(none),(none)
math-00680,partial,symbols,(none),(none),(none),(none),(none),(none),(none)
math-00681,success,Fraction,gcd,(none),(none),(none),(none),(none),(none)
math-00682,success,symbols,(none),(none),(none),(none),(none),(none),(none)
math-00683,success,symbols,subs,(none),(none),(none),(none),(none),(none)
math-00684,partial,python_interpreter,(none),(none),(none),(none),(none),(none),(none)
math-00685,success,python_interpreter,(none),(none),(none),(none),(none),(none),(none)
math-00686,success,python_interpreter,(none),(none),(none),(none),(none),(none),(none)
math-00687,success,comb,(none),(none),(none),(none),(none),(none),(none)
math-00688,success,python_interpreter,(none),(none),(none),(none),(none),(none),(none)
math-00689,success,sqrt,cos,(none),(none),(none),(none),(none),(none)
math-00690,fail,symbols,symbols,symbols,symbols,symbols,(none),(none),(none)
math-00691,success,python_interpreter,python_interpreter,(none),(none),(none),(none),(none),(none)
math-00692,success,primerange,(none),(none),(none),(none),(none),(none),(none)
math-00693,success,python_interpreter,(none),(none),(none),(none),(none),(none),(none)
math-00694,success,symbols,(none),(none),(none),(none),(none),(none),(none)
math-00695,success,symbols,(none),(none),(none),(none),(none),(none),(none)
math-00696,success,digit,(none),(none),(none),(none),(none),(none),(none)
math-00697,success,python_interpreter,(none),(none),(none),(none),(none),(none),(none)
math-00698,success,Fraction,python_interpreter,(none),(none),(none),(none),(none),(none)
math-00699,partial,symbols,pair,(none),(none),(none),(none),(none),(none)
math-00700,success,python_interpreter,(none),(none),(none),(none),(none),(none),(none)
math-00701,success,python_interpreter,(none),(none),(none),(none),(none),(none),(none)
math-00702,success,star_operation,(none),(none),(none),(none),(none),(none),(none)
math-00703,success,lcm,(none),(none),(none),(none),(none),(none),(none)
math-00704,success,point,(none),(none),(none),(none),(none),(none),(none)
math-00705,success,is_prime,(none),(none),(none),(none),(none),(none),(none)
math-00706,success,symbols,cosh,(none),(none),(none),(none),(none),(none)
math-00707,success,Rational,(none),(none),(none),(none),(none),(none),(none)
math-00708,success,symbols,(none),(none),(none),(none),(none),(none),(none)
math-00709,success,factorial,(none),(none),(none),(none),(none),(none),(none)
math-00710,success,symbols,Eq,(none),(none),(none),(none),(none),(none)
math-00711,success,Rational,Rational,(none),(none),(none),(none),(none),(none)
math-00712,success,Fraction,Rational,(none),(none),(none),(none),(none),(none)
math-00713,success,f,(none),(none),(none),(none),(none),(none),(none)
math-00714,success,gcd,(none),(none),(none),(none),(none),(none),(none)
math-00715,success,symbols,(none),(none),(none),(none),(none),(none),(none)
math-00716,success,pow,(none),(none),(none),(none),(none),(none),(none)
math-00717,success,(none),(none),(none),(none),(none),(none),(none),(none)
math-00718,partial,(none),(none),(none),(none),(none),(none),(none),(none)
math-00719,success,symbols,(none),(none),(none),(none),(none),(none),(none)
math-00720,success,symbols,(none),(none),(none),(none),(none),(none),(none)
math-00721,success,(none),(none),(none),(none),(none),(none),(none),(none)
math-00722,success,symbols,(none),(none),(none),(none),(none),(none),(none)
math-00723,partial,simplify,(none),(none),(none),(none),(none),(none),(none)
math-00724,success,symbols,simplify,simplify,simplify,(none),(none),(none),(none)
math-00725,success,python_interpreter,(none),(none),(none),(none),(none),(none),(none)
math-00726,success,python_interpreter,(none),(none),(none),(none),(none),(none),(none)
math-00727,success,symbols,(none),(none),(none),(none),(none),(none),(none)
math-00728,success,python_interpreter,(none),(none),(none),(none),(none),(none),(none)
math-00729,partial,python_interpreter,(none),(none),(none),(none),(none),(none),(none)
math-00730,success,python_interpreter,(none),(none),(none),(none),(none),(none),(none)
math-00731,success,python_interpreter,(none),(none),(none),(none),(none),(none),(none)
math-00732,success,symbols,subs,(none),(none),(none),(none),(none),(none)
math-00733,success,symbols,python_interpreter,(none),(none),(none),(none),(none),(none)
math-00734,success,symbols,(none),(none),(none),(none),(none),(none),(none)
math-00735,success,sqrt,(none),(none),(none),(none),(none),(none),(none)
math-00736,partial,python_interpreter,(none),(none),(none),(none),(none),(none),(none)
math-00737,success,sqrt,(none),(none),(none),(none),(none),(none),(none)
math-00738,success,symbols,(none),(none),(none),(none),(none),(none),(none)
math-00739,success,conjugate,(none),(none),(none),(none),(none),(none),(none)
math-00740,success,python_interpreter,(none),(none),(none),(none),(none),(none),(none)
math-00741,success,python_interpreter,(none),(none),(none),(none),(none),(none),(none)
math-00742,fail,gcd,(none),(none),(none),(none),(none),(none),(none)
math-00743,success,symbols,(none),(none),(none),(none),(none),(none),(none)
math-00744,success,symbols,(none),(none),(none),(none),(none),(none),(none)
math-00745,success,cos,(none),(none),(none),(none),(none),(none),(none)
math-00746,success,find_divisors,(none),(none),(none),(none),(none),(none),(none)
math-00747,success,symbols,(none),(none),(none),(none),(none),(none),(none)
math-00748,success,(none),(none),(none),(none),(none),(none),(none),(none)
math-00749,success,python_interpreter,(none),(none),(none),(none),(none),(none),(none)
math-00750,success,sqrt,(none),(none),(none),(none),(none),(none),(none)
math-00751,success,python_interpreter,(none),(none),(none),(none),(none),(none),(none)
math-00752,success,python_interpreter,(none),(none),(none),(none),(none),(none),(none)
math-00753,fail,symbols,sqrt,(none),(none),(none),(none),(none),(none)
math-00754,success,(none),(none),(none),(none),(none),(none),(none),(none)
math-00755,success,Rational,Rational,Rational,python_interpreter,(none),(none),(none),(none)
math-00756,success,J,(none),(none),(none),(none),(none),(none),(none)
math-00757,success,symbols,(none),(none),(none),(none),(none),(none),(none)
math-00758,success,python_interpreter,(none),(none),(none),(none),(none),(none),(none)
math-00759,success,(none),(none),(none),(none),(none),(none),(none),(none)
math-00760,partial,symbols,python_interpreter,(none),(none),(none),(none),(none),(none)
math-00761,fail,array,limit_denominator,(none),(none),(none),(none),(none),(none)
math-00762,success,Rational,(none),(none),(none),(none),(none),(none),(none)
math-00763,success,factorint,python_interpreter,(none),(none),(none),(none),(none),(none)
math-00764,success,comb,comb,(none),(none),(none),(none),(none),(none)
math-00765,success,symbols,(none),(none),(none),(none),(none),(none),(none)
math-00766,fail,python_interpreter,ceil,(none),(none),(none),(none),(none),(none)
math-00767,success,gcd,(none),(none),(none),(none),(none),(none),(none)
math-00768,success,symbols,(none),(none),(none),(none),(none),(none),(none)
math-00769,partial,sqrt,(none),(none),(none),(none),(none),(none),(none)
math-00770,success,symbols,(none),(none),(none),(none),(none),(none),(none)
math-00771,success,floor,(none),(none),(none),(none),(none),(none),(none)
math-00772,success,python_interpreter,(none),(none),(none),(none),(none),(none),(none)
math-00773,success,python_interpreter,(none),(none),(none),(none),(none),(none),(none)
math-00774,success,factorial,(none),(none),(none),(none),(none),(none),(none)
math-00775,success,symbols,(none),(none),(none),(none),(none),(none),(none)
math-00776,success,python_interpreter,(none),(none),(none),(none),(none),(none),(none)
math-00777,partial,(none),(none),(none),(none),(none),(none),(none),(none)
math-00778,success,symbols,(none),(none),(none),(none),(none),(none),(none)
math-00779,success,test_sign,(none),(none),(none),(none),(none),(none),(none)
math-00780,success,radians,(none),(none),(none),(none),(none),(none),(none)
math-00781,success,python_interpreter,factorint,(none),(none),(none),(none),(none),(none)
math-00782,success,symbols,(none),(none),(none),(none),(none),(none),(none)
math-00783,success,symbols,(none),(none),(none),(none),(none),(none),(none)
math-00784,partial,symbols,(none),(none),(none),(none),(none),(none),(none)
math-00785,success,sqrt,(none),(none),(none),(none),(none),(none),(none)
math-00786,success,sqrt,(none),(none),(none),(none),(none),(none),(none)
math-00787,success,python_interpreter,(none),(none),(none),(none),(none),(none),(none)
math-00788,partial,expression,(none),(none),(none),(none),(none),(none),(none)
math-00789,success,endswith,(none),(none),(none),(none),(none),(none),(none)
math-00790,success,symbols,(none),(none),(none),(none),(none),(none),(none)
math-00791,partial,(none),(none),(none),(none),(none),(none),(none),(none)
math-00792,partial,symbols,(none),(none),(none),(none),(none),(none),(none)
math-00793,success,web_search,(none),(none),(none),(none),(none),(none),(none)
math-00794,success,python_interpreter,(none),(none),(none),(none),(none),(none),(none)
math-00795,success,ceil,(none),(none),(none),(none),(none),(none),(none)
math-00796,success,symbols,(none),(none),(none),(none),(none),(none),(none)
math-00797,success,python_interpreter,(none),(none),(none),(none),(none),(none),(none)
math-00798,success,python_interpreter,(none),(none),(none),(none),(none),(none),(none)
math-00799,success,Fraction,python_interpreter,python_interpreter,(none),(none),(none),(none),(none)
math-00800,partial,python_interpreter,(none),(none),(none),(none),(none),(none),(none)
math-00801,success,gcd,(none),(none),(none),(none),(none),(none),(none)
math-00802,success,python_interpreter,(none),(none),(none),(none),(none),(none),(none)
math-00803,success,Rational,(none),(none),(none),(none),(none),(none),(none)
math-00804,success,sqrt,(none),(none),(none),(none),(none),(none),(none)
math-00805,success,python_interpreter,(none),(none),(none),(none),(none),(none),(none)
math-00806,success,python_interpreter,(none),(none),(none),(none),(none),(none),(none)
math-00807,success,(none),(none),(none),(none),(none),(none),(none),(none)
math-00808,success,symbols,(none),(none),(none),(none),(none),(none),(none)
math-00809,success,python_interpreter,(none),(none),(none),(none),(none),(none),(none)
math-00810,success,is_prime,(none),(none),(none),(none),(none),(none),(none)
math-00811,partial,Interval,(none),(none),(none),(none),(none),(none),(none)
math-00812,success,symbols,(none),(none),(none),(none),(none),(none),(none)
math-00813,success,python_interpreter,(none),(none),(none),(none),(none),(none),(none)
math-00814,success,symbols,(none),(none),(none),(none),(none),(none),(none)
math-00815,success,python_interpreter,(none),(none),(none),(none),(none),(none),(none)
math-00816,success,python_interpreter,greatest_prime_factor,(none),(none),(none),(none),(none),(none)
math-00817,success,symbols,(none),(none),(none),(none),(none),(none),(none)
math-00818,success,Matrix,(none),(none),(none),(none),(none),(none),(none)
math-00819,partial,symbols,python_interpreter,(none),(none),(none),(none),(none),(none)
math-00820,success,symbols,symbols,symbols,(none),(none),(none),(none),(none)
math-00821,success,lcm,(none),(none),(none),(none),(none),(none),(none)
math-00822,success,python_interpreter,(none),(none),(none),(none),(none),(none),(none)
math-00823,success,(none),(none),(none),(none),(none),(none),(none),(none)
math-00824,success,factorint,(none),(none),(none),(none),(none),(none),(none)
math-00825,success,symbols,(none),(none),(none),(none),(none),(none),(none)
math-00826,success,symbols,(none),(none),(none),(none),(none),(none),(none)
math-00827,success,Fraction,rstrip,rstrip,gcd,(none),(none),(none),(none)
math-00828,success,python_interpreter,(none),(none),(none),(none),(none),(none),(none)
math-00829,success,python_interpreter,(none),(none),(none),(none),(none),(none),(none)
math-00830,partial,sqrt,(none),(none),(none),(none),(none),(none),(none)
math-00831,success,symbols,(none),(none),(none),(none),(none),(none),(none)
math-00832,success,symbols,(none),(none),(none),(none),(none),(none),(none)
math-00833,success,lcm,(none),(none),(none),(none),(none),(none),(none)
math-00834,success,python_interpreter,(none),(none),(none),(none),(none),(none),(none)
math-00835,success,array,(none),(none),(none),(none),(none),(none),(none)
math-00836,success,is,(none),(none),(none),(none),(none),(none),(none)
math-00837,fail,linspace,linspace,linspace,symbols,(none),(none),(none),(none)
math-00838,success,python_interpreter,(none),(none),(none),(none),(none),(none),(none)
math-00839,success,python_interpreter,(none),(none),(none),(none),(none),(none),(none)
math-00840,success,python_interpreter,(none),(none),(none),(none),(none),(none),(none)
math-00841,success,gcd,(none),(none),(none),(none),(none),(none),(none)
math-00842,success,python_interpreter,(none),(none),(none),(none),(none),(none),(none)
math-00843,partial,log,(none),(none),(none),(none),(none),(none),(none)
math-00844,success,simplify,simplify,simplify,(none),(none),(none),(none),(none)
math-00845,success,gcd,(none),(none),(none),(none),(none),(none),(none)
math-00846,fail,pow,ceil,(none),(none),(none),(none),(none),(none)
math-00847,success,python_interpreter,(none),(none),(none),(none),(none),(none),(none)
math-00848,success,python_interpreter,(none),(none),(none),(none),(none),(none),(none)
math-00849,partial,symbols,(none),(none),(none),(none),(none),(none),(none)
math-00850,success,primerange,(none),(none),(none),(none),(none),(none),(none)
math-00851,success,python_interpreter,(none),(none),(none),(none),(none),(none),(none)
math-00852,success,f,(none),(none),(none),(none),(none),(none),(none)
math-00853,success,symbols,(none),(none),(none),(none),(none),(none),(none)
math-00854,fail,(none),(none),(none),(none),(none),(none),(none),(none)
math-00855,success,sqrt,(none),(none),(none),(none),(none),(none),(none)
math-00856,success,symbols,symbols,symbols,(none),(none),(none),(none),(none)
math-00857,success,items,(none),(none),(none),(none),(none),(none),(none)
math-00858,success,python_interpreter,(none),(none),(none),(none),(none),(none),(none)
math-00859,success,symbols,python_interpreter,(none),(none),(none),(none),(none),(none)
math-00860,success,python_interpreter,(none),(none),(none),(none),(none),(none),(none)
math-00861,success,symbols,(none),(none),(none),(none),(none),(none),(none)
math-00862,success,symbols,sin,(none),(none),(none),(none),(none),(none)
math-00863,success,prod,(none),(none),(none),(none),(none),(none),(none)
math-00864,success,prime_factors,(none),(none),(none),(none),(none),(none),(none)
math-00865,success,comb,(none),(none),(none),(none),(none),(none),(none)
math-00866,success,symbols,(none),(none),(none),(none),(none),(none),(none)
math-00867,fail,decimal_to_base_four,decimal_to_base_four,decimal_to_base_four,(none),(none),(none),(none),(none)
math-00868,partial,symbols,(none),(none),(none),(none),(none),(none),(none)
math-00869,success,combinations,(none),(none),(none),(none),(none),(none),(none)
math-00870,success,python_interpreter,(none),(none),(none),(none),(none),(none),(none)
math-00871,fail,symbols,subs,subs,subs,subs,(none),(none),(none)
math-00872,success,cos,(none),(none),(none),(none),(none),(none),(none)
math-00873,fail,python_interpreter,limit_denominator,limit_denominator,(none),(none),(none),(none),(none)
math-00874,success,primefactors,(none),(none),(none),(none),(none),(none),(none)
math-00875,success,simplify,(none),(none),(none),(none),(none),(none),(none)
math-00876,success,gcd,(none),(none),(none),(none),(none),(none),(none)
math-00877,success,symbols,python_interpreter,symbols,symbols,(none),(none),(none),(none)
math-00878,success,sqrt,(none),(none),(none),(none),(none),(none),(none)
math-00879,success,symbols,(none),(none),(none),(none),(none),(none),(none)
math-00880,success,floor,(none),(none),(none),(none),(none),(none),(none)
math-00881,success,(none),(none),(none),(none),(none),(none),(none),(none)
math-00882,success,symbols,solveset,(none),(none),(none),(none),(none),(none)
math-00883,success,sqrt,(none),(none),(none),(none),(none),(none),(none)
math-00884,success,python_interpreter,(none),(none),(none),(none),(none),(none),(none)
math-00885,partial,cos,(none),(none),(none),(none),(none),(none),(none)
math-00886,success,symbols,(none),(none),(none),(none),(none),(none),(none)
math-00887,success,symbols,(none),(none),(none),(none),(none),(none),(none)
math-00888,success,symbols,(none),(none),(none),(none),(none),(none),(none)
math-00889,partial,symbols,limit,solve,(none),(none),(none),(none),(none)
math-00890,success,is_palindrome,(none),(none),(none),(none),(none),(none),(none)
math-00891,success,comb,(none),(none),(none),(none),(none),(none),(none)
math-00892,success,lcm,(none),(none),(none),(none),(none),(none),(none)
math-00893,success,symbols,(none),(none),(none),(none),(none),(none),(none)
math-00894,success,(none),(none),(none),(none),(none),(none),(none),(none)
math-00895,success,python_interpreter,(none),(none),(none),(none),(none),(none),(none)
math-00896,fail,factorial,gcd,(none),(none),(none),(none),(none),(none)
math-00897,success,symbols,(none),(none),(none),(none),(none),(none),(none)
math-00898,fail,(none),(none),(none),(none),(none),(none),(none),(none)
math-00899,success,isprime,python_interpreter,(none),(none),(none),(none),(none),(none)
math-00900,fail,simplify,Rational,Rational,(none),(none),(none),(none),(none)
math-00901,success,symbols,(none),(none),(none),(none),(none),(none),(none)
math-00902,success,symbols,(none),(none),(none),(none),(none),(none),(none)
math-00903,success,symbols,(none),(none),(none),(none),(none),(none),(none)
math-00904,fail,symbols,python_interpreter,solve,symbols,Rational,(none),(none),(none)
math-00905,success,symbols,Matrix,(none),(none),(none),(none),(none),(none)
math-00906,partial,Rational,root,(none),(none),(none),(none),(none),(none)
math-00907,success,symbols,symbols,(none),(none),(none),(none),(none),(none)
math-00908,partial,symbols,subs,(none),(none),(none),(none),(none),(none)
math-00909,success,python_interpreter,(none),(none),(none),(none),(none),(none),(none)
math-00910,partial,(none),(none),(none),(none),(none),(none),(none),(none)
math-00911,success,symbols,(none),(none),(none),(none),(none),(none),(none)
math-00912,success,symbols,(none),(none),(none),(none),(none),(none),(none)
math-00913,success,radians,(none),(none),(none),(none),(none),(none),(none)
math-00914,fail,f,Rational,(none),(none),(none),(none),(none),(none)
math-00915,success,python_interpreter,(none),(none),(none),(none),(none),(none),(none)
math-00916,success,symbols,p,(none),(none),(none),(none),(none),(none)
math-00917,success,find_period,(none),(none),(none),(none),(none),(none),(none)
math-00918,success,symbols,symbols,(none),(none),(none),(none),(none),(none)
math-00919,partial,symbols,factor,(none),(none),(none),(none),(none),(none)
math-00920,success,symbols,(none),(none),(none),(none),(none),(none),(none)
math-00921,success,python_interpreter,(none),(none),(none),(none),(none),(none),(none)
math-00922,success,gcd,(none),(none),(none),(none),(none),(none),(none)
math-00923,success,symbols,(none),(none),(none),(none),(none),(none),(none)
math-00924,success,symbols,(none),(none),(none),(none),(none),(none),(none)
math-00925,success,python_interpreter,(none),(none),(none),(none),(none),(none),(none)
math-00926,success,python_interpreter,(none),(none),(none),(none),(none),(none),(none)
math-00927,fail,Fraction,limit_denominator,(none),(none),(none),(none),(none),(none)
math-00928,success,symbols,(none),(none),(none),(none),(none),(none),(none)
math-00929,partial,(none),(none),(none),(none),(none),(none),(none),(none)
math-00930,fail,(none),(none),(none),(none),(none),(none),(none),(none)
math-00931,success,nextprime,(none),(none),(none),(none),(none),(none),(none)
math-00932,success,factorial,(none),(none),(none),(none),(none),(none),(none)
math-00933,success,sqrt,sqrt,(none),(none),(none),(none),(none),(none)
math-00934,success,python_interpreter,(none),(none),(none),(none),(none),(none),(none)
math-00935,success,is_prime,(none),(none),(none),(none),(none),(none),(none)
math-00936,success,python_interpreter,(none),(none),(none),(none),(none),(none),(none)
math-00937,success,sin,(none),(none),(none),(none),(none),(none),(none)
math-00938,success,lcm,(none),(none),(none),(none),(none),(none),(none)
math-00939,success,python_interpreter,python_interpreter,(none),(none),(none),(none),(none),(none)
math-00940,success,python_interpreter,(none),(none),(none),(none),(none),(none),(none)
math-00941,success,symbols,sqrt,simplify,(none),(none),(none),(none),(none)
math-00942,success,python_interpreter,(none),(none),(none),(none),(none),(none),(none)
math-00943,success,symbols,(none),(none),(none),(none),(none),(none),(none)
math-00944,success,symbols,Eq,(none),(none),(none),(none),(none),(none)
math-00945,success,base,(none),(none),(none),(none),(none),(none),(none)
math-00946,success,(none),(none),(none),(none),(none),(none),(none),(none)
math-00947,success,symbols,pairs,(none),(none),(none),(none),(none),(none)
math-00948,success,sqrt,(none),(none),(none),(none),(none),(none),(none)
math-00949,success,python_interpreter,(none),(none),(none),(none),(none),(none),(none)
math-00950,success,symbols,(none),(none),(none),(none),(none),(none),(none)
math-00951,success,(none),(none),(none),(none),(none),(none),(none),(none)
math-00952,partial,array,symbols,(none),(none),(none),(none),(none),(none)
math-00953,success,symbols,(none),(none),(none),(none),(none),(none),(none)
math-00954,success,gcd,(none),(none),(none),(none),(none),(none),(none)
math-00955,success,solve_congruence,(none),(none),(none),(none),(none),(none),(none)
math-00956,success,symbols,(none),(none),(none),(none),(none),(none),(none)
math-00957,success,largest_prime_factor,(none),(none),(none),(none),(none),(none),(none)
math-00958,success,python_interpreter,(none),(none),(none),(none),(none),(none),(none)
math-00959,fail,comb,Fraction,gcd,(none),(none),(none),(none),(none)
math-00960,success,Rational,(none),(none),(none),(none),(none),(none),(none)
math-00961,success,python_interpreter,(none),(none),(none),(none),(none),(none),(none)
math-00962,success,limit_denominator,gcd,gcd,(none),(none),(none),(none),(none)
math-00963,success,python_interpreter,(none),(none),(none),(none),(none),(none),(none)
math-00964,success,(none),(none),(none),(none),(none),(none),(none),(none)
math-00965,success,decimal_to_base4,(none),(none),(none),(none),(none),(none),(none)
math-00966,success,array,python_interpreter,(none),(none),(none),(none),(none),(none)
math-00967,success,symbols,(none),(none),(none),(none),(none),(none),(none)
math-00968,success,combinations,(none),(none),(none),(none),(none),(none),(none)
math-00969,success,web_search,(none),(none),(none),(none),(none),(none),(none)
math-00970,partial,symbols,(none),(none),(none),(none),(none),(none),(none)
math-00971,success,python_interpreter,(none),(none),(none),(none),(none),(none),(none)
math-00972,success,symbols,(none),(none),(none),(none),(none),(none),(none)
math-00973,success,symbols,symbols,symbols,python_interpreter,(none),(none),(none),(none)
math-00974,success,symbols,(none),(none),(none),(none),(none),(none),(none)
math-00975,partial,Rational,(none),(none),(none),(none),(none),(none),(none)
math-00976,success,rectangle,(none),(none),(none),(none),(none),(none),(none)
math-00977,success,count,(none),(none),(none),(none),(none),(none),(none)
math-00978,success,p,(none),(none),(none),(none),(none),(none),(none)
math-00979,success,python_interpreter,(none),(none),(none),(none),(none),(none),(none)
math-00980,success,digits,(none),(none),(none),(none),(none),(none),(none)
math-00981,success,symbols,(none),(none),(none),(none),(none),(none),(none)
math-00982,success,factorial,(none),(none),(none),(none),(none),(none),(none)
math-00983,success,(none),(none),(none),(none),(none),(none),(none),(none)
math-00984,success,symbols,python_interpreter,(none),(none),(none),(none),(none),(none)
math-00985,success,digit,(none),(none),(none),(none),(none),(none),(none)
math-00986,success,python_interpreter,(none),(none),(none),(none),(none),(none),(none)
math-00987,success,python_interpreter,(none),(none),(none),(none),(none),(none),(none)
math-00988,success,comb,(none),(none),(none),(none),(none),(none),(none)
math-00989,partial,(none),(none),(none),(none),(none),(none),(none),(none)
math-00990,success,python_interpreter,(none),(none),(none),(none),(none),(none),(none)
math-00991,success,point,(none),(none),(none),(none),(none),(none),(none)
math-00992,success,symbols,(none),(none),(none),(none),(none),(none),(none)
math-00993,success,python_interpreter,(none),(none),(none),(none),(none),(none),(none)
math-00994,success,python_interpreter,(none),(none),(none),(none),(none),(none),(none)
math-00995,partial,python_interpreter,(none),(none),(none),(none),(none),(none),(none)
math-00996,fail,Abs,latex,(none),(none),(none),(none),(none),(none)
math-00997,fail,sqrt,sqrt,(none),(none),(none),(none),(none),(none)
math-00998,success,python_interpreter,(none),(none),(none),(none),(none),(none),(none)
math-00999,partial,(none),(none),(none),(none),(none),(none),(none),(none)
math-01000,fail,symbols,symbols,(none),(none),(none),(none),(none),(none)
math-01001,success,symbols,solve,(none),(none),(none),(none),(none),(none)
math-01002,success,symbols,(none),(none),(none),(none),(none),(none),(none)
math-01003,success,python_interpreter,(none),(none),(none),(none),(none),(none),(none)
math-01004,success,python_interpreter,(none),(none),(none),(none),(none),(none),(none)
math-01005,success,symbols,(none),(none),(none),(none),(none),(none),(none)
math-01006,partial,gcd,(none),(none),(none),(none),(none),(none),(none)
math-01007,success,factorial,(none),(none),(none),(none),(none),(none),(none)
math-01008,partial,symbols,(none),(none),(none),(none),(none),(none),(none)
math-01009,success,symbols,(none),(none),(none),(none),(none),(none),(none)
math-01010,success,symbols,(none),(none),(none),(none),(none),(none),(none)
math-01011,partial,Rational,python_interpreter,python_interpreter,(none),(none),(none),(none),(none)
math-01012,success,symbols,(none),(none),(none),(none),(none),(none),(none)
math-01013,success,gcd,(none),(none),(none),(none),(none),(none),(none)
math-01014,success,python_interpreter,(none),(none),(none),(none),(none),(none),(none)
math-01015,success,factorial,(none),(none),(none),(none),(none),(none),(none)
math-01016,partial,python_interpreter,(none),(none),(none),(none),(none),(none),(none)
math-01017,success,permutations,(none),(none),(none),(none),(none),(none),(none)
math-01018,success,python_interpreter,(none),(none),(none),(none),(none),(none),(none)
math-01019,partial,symbols,(none),(none),(none),(none),(none),(none),(none)
math-01020,partial,symbols,(none),(none),(none),(none),(none),(none),(none)
math-01021,success,sqrt,(none),(none),(none),(none),(none),(none),(none)
math-01022,success,python_interpreter,(none),(none),(none),(none),(none),(none),(none)
math-01023,success,python_interpreter,(none),(none),(none),(none),(none),(none),(none)
math-01024,success,permutations,(none),(none),(none),(none),(none),(none),(none)
math-01025,success,factorial,factorial,(none),(none),(none),(none),(none),(none)
math-01026,success,python_interpreter,(none),(none),(none),(none),(none),(none),(none)
math-01027,partial,symbols,(none),(none),(none),(none),(none),(none),(none)
math-01028,partial,python_interpreter,(none),(none),(none),(none),(none),(none),(none)
math-01029,success,symbols,python_interpreter,(none),(none),(none),(none),(none),(none)
math-01030,partial,python_interpreter,(none),(none),(none),(none),(none),(none),(none)
math-01031,success,symbols,(none),(none),(none),(none),(none),(none),(none)
math-01032,success,symbols,(none),(none),(none),(none),(none),(none),(none)
math-01033,success,python_interpreter,(none),(none),(none),(none),(none),(none),(none)
math-01034,partial,symbols,Rational,(none),(none),(none),(none),(none),(none)
math-01035,success,symbols,(none),(none),(none),(none),(none),(none),(none)
math-01036,fail,comb,limit_denominator,gcd,(none),(none),(none),(none),(none)
math-01037,partial,combinations,python_interpreter,(none),(none),(none),(none),(none),(none)
math-01038,fail,symbols,python_interpreter,solve,symbols,symbols,(none),(none),(none)
math-01039,success,symbols,(none),(none),(none),(none),(none),(none),(none)
math-01040,success,python_interpreter,(none),(none),(none),(none),(none),(none),(none)
math-01041,success,factorial,(none),(none),(none),(none),(none),(none),(none)
math-01042,success,symbols,(none),(none),(none),(none),(none),(none),(none)
math-01043,success,array,python_interpreter,(none),(none),(none),(none),(none),(none)
math-01044,success,python_interpreter,(none),(none),(none),(none),(none),(none),(none)
math-01045,success,comb,(none),(none),(none),(none),(none),(none),(none)
math-01046,success,python_interpreter,(none),(none),(none),(none),(none),(none),(none)
math-01047,success,gcd,(none),(none),(none),(none),(none),(none),(none)
math-01048,success,python_interpreter,(none),(none),(none),(none),(none),(none),(none)
math-01049,success,python_interpreter,(none),(none),(none),(none),(none),(none),(none)
math-01050,fail,symbols,Eq,expand,Eq,Eq,(none),(none),(none)
math-01051,success,factorint,(none),(none),(none),(none),(none),(none),(none)
math-01052,success,sqrt,(none),(none),(none),(none),(none),(none),(none)
math-01053,success,symbols,(none),(none),(none),(none),(none),(none),(none)
math-01054,fail,(none),(none),(none),(none),(none),(none),(none),(none)
math-01055,success,python_interpreter,(none),(none),(none),(none),(none),(none),(none)
math-01056,success,python_interpreter,(none),(none),(none),(none),(none),(none),(none)
math-01057,partial,python_interpreter,(none),(none),(none),(none),(none),(none),(none)
math-01058,success,sqrt,(none),(none),(none),(none),(none),(none),(none)
math-01059,success,(none),(none),(none),(none),(none),(none),(none),(none)
math-01060,success,python_interpreter,python_interpreter,(none),(none),(none),(none),(none),(none)
math-01061,fail,simplify,limit_denominator,(none),(none),(none),(none),(none),(none)
math-01062,partial,symbols,(none),(none),(none),(none),(none),(none),(none)
math-01063,success,python_interpreter,(none),(none),(none),(none),(none),(none),(none)
math-01064,success,symbols,subs,(none),(none),(none),(none),(none),(none)
math-01065,success,python_interpreter,(none),(none),(none),(none),(none),(none),(none)
math-01066,success,log2,(none),(none),(none),(none),(none),(none),(none)
math-01067,success,array,cross,(none),(none),(none),(none),(none),(none)
math-01068,success,(none),(none),(none),(none),(none),(none),(none),(none)
math-01069,success,(none),(none),(none),(none),(none),(none),(none),(none)
math-01070,success,ceil,ceil,(none),(none),(none),(none),(none),(none)
math-01071,success,python_interpreter,(none),(none),(none),(none),(none),(none),(none)
math-01072,fail,symbols,symbols,symbols,symbols,(none),(none),(none),(none)
math-01073,success,symbols,(none),(none),(none),(none),(none),(none),(none)
math-01074,success,symbols,(none),(none),(none),(none),(none),(none),(none)
math-01075,partial,factorial,(none),(none),(none),(none),(none),(none),(none)
math-01076,success,symbols,solve,k,(none),(none),(none),(none),(none)
math-01077,success,symbols,symbols,(none),(none),(none),(none),(none),(none)
math-01078,success,median,(none),(none),(none),(none),(none),(none),(none)
math-01079,success,(none),(none),(none),(none),(none),(none),(none),(none)
math-01080,partial,cos,(none),(none),(none),(none),(none),(none),(none)
math-01081,fail,(none),(none),(none),(none),(none),(none),(none),(none)
math-01082,success,python_interpreter,(none),(none),(none),(none),(none),(none),(none)
math-01083,success,symbols,subs,(none),(none),(none),(none),(none),(none)
math-01084,success,gcd,(none),(none),(none),(none),(none),(none),(none)
math-01085,success,lcm,(none),(none),(none),(none),(none),(none),(none)
math-01086,fail,symbols,symbols,symbols,(none),(none),(none),(none),(none)
math-01087,success,symbols,(none),(none),(none),(none),(none),(none),(none)
math-01088,success,python_interpreter,(none),(none),(none),(none),(none),(none),(none)
math-01089,fail,lcm,strptime,(none),(none),(none),(none),(none),(none)
math-01090,success,symbols,(none),(none),(none),(none),(none),(none),(none)
math-01091,success,decimal_to_binary,(none),(none),(none),(none),(none),(none),(none)
math-01092,success,python_interpreter,(none),(none),(none),(none),(none),(none),(none)
math-01093,success,rectangle,(none),(none),(none),(none),(none),(none),(none)
math-01094,success,python_interpreter,(none),(none),(none),(none),(none),(none),(none)
math-01095,success,(none),(none),(none),(none),(none),(none),(none),(none)
math-01096,success,symbols,(none),(none),(none),(none),(none),(none),(none)
math-01097,fail,combinations,Fraction,simplify_fraction,(none),(none),(none),(none),(none)
math-01098,partial,Fraction,Rational,Rational,(none),(none),(none),(none),(none)
math-01099,success,factorint,(none),(none),(none),(none),(none),(none),(none)
math-01100,success,python_interpreter,(none),(none),(none),(none),(none),(none),(none)
math-01101,partial,symbols,(none),(none),(none),(none),(none),(none),(none)
math-01102,success,symbols,(none),(none),(none),(none),(none),(none),(none)
math-01103,success,time,(none),(none),(none),(none),(none),(none),(none)
math-01104,partial,symbols,symbols,symbols,(none),(none),(none),(none),(none)
math-01105,success,python_interpreter,(none),(none),(none),(none),(none),(none),(none)
math-01106,success,factorint,python_interpreter,(none),(none),(none),(none),(none),(none)
math-01107,partial,factorial,(none),(none),(none),(none),(none),(none),(none)
math-01108,success,f,(none),(none),(none),(none),(none),(none),(none)
math-01109,fail,(none),(none),(none),(none),(none),(none),(none),(none)
math-01110,success,python_interpreter,(none),(none),(none),(none),(none),(none),(none)
math-01111,success,symbols,subs,(none),(none),(none),(none),(none),(none)
math-01112,partial,python_interpreter,Rational,(none),(none),(none),(none),(none),(none)
math-01113,success,python_interpreter,(none),(none),(none),(none),(none),(none),(none)
math-01114,success,factorint,values,(none),(none),(none),(none),(none),(none)
math-01115,success,symbols,(none),(none),(none),(none),(none),(none),(none)
math-01116,success,symbols,python_interpreter,(none),(none),(none),(none),(none),(none)
math-01117,success,python_interpreter,python_interpreter,(none),(none),(none),(none),(none),(none)
math-01118,partial,symbols,(none),(none),(none),(none),(none),(none),(none)
math-01119,success,solutions,(none),(none),(none),(none),(none),(none),(none)
math-01120,partial,symbols,factor,(none),(none),(none),(none),(none),(none)
math-01121,success,symbols,(none),(none),(none),(none),(none),(none),(none)
math-01122,success,symbols,(none),(none),(none),(none),(none),(none),(none)
math-01123,success,Counter,(none),(none),(none),(none),(none),(none),(none)
math-01124,success,symbols,(none),(none),(none),(none),(none),(none),(none)
math-01125,fail,(none),(none),(none),(none),(none),(none),(none),(none)
math-01126,success,cos,sqrt,(none),(none),(none),(none),(none),(none)
math-01127,success,symbols,symbols,symbols,(none),(none),(none),(none),(none)
math-01128,success,factorint,python_interpreter,(none),(none),(none),(none),(none),(none)
math-01129,success,python_interpreter,(none),(none),(none),(none),(none),(none),(none)
math-01130,success,array,(none),(none),(none),(none),(none),(none),(none)
math-01131,fail,(none),(none),(none),(none),(none),(none),(none),(none)
math-01132,fail,python_interpreter,limit_denominator,gcd,(none),(none),(none),(none),(none)
math-01133,partial,symbols,(none),(none),(none),(none),(none),(none),(none)
math-01134,success,python_interpreter,(none),(none),(none),(none),(none),(none),(none)
math-01135,partial,sqrt,(none),(none),(none),(none),(none),(none),(none)
math-01136,success,points,(none),(none),(none),(none),(none),(none),(none)
math-01137,success,base5_to_base10,(none),(none),(none),(none),(none),(none),(none)
math-01138,success,symbols,symbols,(none),(none),(none),(none),(none),(none)
math-01139,success,python_interpreter,(none),(none),(none),(none),(none),(none),(none)
math-01140,success,(none),(none),(none),(none),(none),(none),(none),(none)
math-01141,success,symbols,(none),(none),(none),(none),(none),(none),(none)
math-01142,partial,sqrt,(none),(none),(none),(none),(none),(none),(none)
math-01143,success,f,(none),(none),(none),(none),(none),(none),(none)
math-01144,fail,python_interpreter,limit_denominator,floor,(none),(none),(none),(none),(none)
math-01145,success,factorial,(none),(none),(none),(none),(none),(none),(none)
math-01146,partial,combinations,python_interpreter,(none),(none),(none),(none),(none),(none)
math-01147,success,python_interpreter,(none),(none),(none),(none),(none),(none),(none)
math-01148,success,symbols,(none),(none),(none),(none),(none),(none),(none)
math-01149,success,python_interpreter,(none),(none),(none),(none),(none),(none),(none)
math-01150,fail,sqrt,Rational,(none),(none),(none),(none),(none),(none)
math-01151,success,python_interpreter,(none),(none),(none),(none),(none),(none),(none)
math-01152,success,python_interpreter,(none),(none),(none),(none),(none),(none),(none)
math-01153,success,radians,(none),(none),(none),(none),(none),(none),(none)
math-01154,success,python_interpreter,(none),(none),(none),(none),(none),(none),(none)
math-01155,success,python_interpreter,(none),(none),(none),(none),(none),(none),(none)
math-01156,success,python_interpreter,(none),(none),(none),(none),(none),(none),(none)
math-01157,success,python_interpreter,(none),(none),(none),(none),(none),(none),(none)
math-01158,success,python_interpreter,python_interpreter,(none),(none),(none),(none),(none),(none)
math-01159,success,python_interpreter,(none),(none),(none),(none),(none),(none),(none)
math-01160,success,python_interpreter,(none),(none),(none),(none),(none),(none),(none)
math-01161,success,python_interpreter,(none),(none),(none),(none),(none),(none),(none)
math-01162,success,python_interpreter,(none),(none),(none),(none),(none),(none),(none)
math-01163,success,symbols,(none),(none),(none),(none),(none),(none),(none)
math-01164,fail,(none),(none),(none),(none),(none),(none),(none),(none)
math-01165,success,python_interpreter,(none),(none),(none),(none),(none),(none),(none)
math-01166,success,python_interpreter,(none),(none),(none),(none),(none),(none),(none)
math-01167,success,(none),(none),(none),(none),(none),(none),(none),(none)
math-01168,partial,(none),(none),(none),(none),(none),(none),(none),(none)
math-01169,success,python_interpreter,(none),(none),(none),(none),(none),(none),(none)
math-01170,fail,symbols,python_interpreter,solve,symbols,symbols,(none),(none),(none)
math-01171,success,python_interpreter,(none),(none),(none),(none),(none),(none),(none)
math-01172,success,python_interpreter,(none),(none),(none),(none),(none),(none),(none)
math-01173,partial,sqrt,(none),(none),(none),(none),(none),(none),(none)
math-01174,success,comb,(none),(none),(none),(none),(none),(none),(none)
math-01175,success,symbols,(none),(none),(none),(none),(none),(none),(none)
math-01176,success,symbols,python_interpreter,(none),(none),(none),(none),(none),(none)
math-01177,success,python_interpreter,(none),(none),(none),(none),(none),(none),(none)
math-01178,success,python_interpreter,(none),(none),(none),(none),(none),(none),(none)
math-01179,success,append,(none),(none),(none),(none),(none),(none),(none)
math-01180,success,python_interpreter,(none),(none),(none),(none),(none),(none),(none)
math-01181,success,python_interpreter,(none),(none),(none),(none),(none),(none),(none)
math-01182,success,of,(none),(none),(none),(none),(none),(none),(none)
math-01183,success,array,matrix_multiply,python_interpreter,(none),(none),(none),(none),(none)
math-01184,success,python_interpreter,(none),(none),(none),(none),(none),(none),(none)
math-01185,success,floor,(none),(none),(none),(none),(none),(none),(none)
math-01186,success,log,(none),(none),(none),(none),(none),(none),(none)
math-01187,success,symbols,(none),(none),(none),(none),(none),(none),(none)
math-01188,success,comb,(none),(none),(none),(none),(none),(none),(none)
math-01189,success,symbols,(none),(none),(none),(none),(none),(none),(none)
math-01190,success,python_interpreter,(none),(none),(none),(none),(none),(none),(none)
math-01191,partial,sqrt,(none),(none),(none),(none),(none),(none),(none)
math-01192,success,cbrt,(none),(none),(none),(none),(none),(none),(none)
math-01193,success,python_interpreter,(none),(none),(none),(none),(none),(none),(none)
math-01194,success,terms,(none),(none),(none),(none),(none),(none),(none)
math-01195,fail,sqrt,ceil,(none),(none),(none),(none),(none),(none)
math-01196,success,python_interpreter,(none),(none),(none),(none),(none),(none),(none)
math-01197,success,python_interpreter,(none),(none),(none),(none),(none),(none),(none)
math-01198,partial,symbols,(none),(none),(none),(none),(none),(none),(none)
math-01199,success,sqrt,(none),(none),(none),(none),(none),(none),(none)
math-01200,success,is_prime,(none),(none),(none),(none),(none),(none),(none)
math-01201,fail,(none),(none),(none),(none),(none),(none),(none),(none)
math-01202,partial,symbols,(none),(none),(none),(none),(none),(none),(none)
math-01203,success,python_interpreter,(none),(none),(none),(none),(none),(none),(none)
math-01204,fail,python_interpreter,limit_denominator,limit_denominator,(none),(none),(none),(none),(none)
math-01205,success,python_interpreter,(none),(none),(none),(none),(none),(none),(none)
math-01206,success,python_interpreter,(none),(none),(none),(none),(none),(none),(none)
math-01207,fail,(none),(none),(none),(none),(none),(none),(none),(none)
math-01208,success,python_interpreter,(none),(none),(none),(none),(none),(none),(none)
math-01209,partial,symbols,(none),(none),(none),(none),(none),(none),(none)
math-01210,fail,factorial,(none),(none),(none),(none),(none),(none),(none)
math-01211,success,symbols,Eq,(none),(none),(none),(none),(none),(none)
math-01212,success,symbols,(none),(none),(none),(none),(none),(none),(none)
math-01213,success,python_interpreter,(none),(none),(none),(none),(none),(none),(none)
math-01214,success,(none),(none),(none),(none),(none),(none),(none),(none)
math-01215,success,Fraction,Rational,(none),(none),(none),(none),(none),(none)
math-01216,success,a,(none),(none),(none),(none),(none),(none),(none)
math-01217,success,count_factors_of_5,(none),(none),(none),(none),(none),(none),(none)
math-01218,success,of,(none),(none),(none),(none),(none),(none),(none)
math-01219,success,symbols,vertex,solve,(none),(none),(none),(none),(none)
math-01220,success,lcm,factorint,factorint,(none),(none),(none),(none),(none)
math-01221,success,gcd,(none),(none),(none),(none),(none),(none),(none)
math-01222,success,Rational,python_interpreter,(none),(none),(none),(none),(none),(none)
math-01223,partial,Rational,(none),(none),(none),(none),(none),(none),(none)
math-01224,success,symbols,python_interpreter,(none),(none),(none),(none),(none),(none)
math-01225,success,symbols,(none),(none),(none),(none),(none),(none),(none)
math-01226,success,python_interpreter,(none),(none),(none),(none),(none),(none),(none)
math-01227,success,symbols,python_interpreter,(none),(none),(none),(none),(none),(none)
math-01228,success,python_interpreter,(none),(none),(none),(none),(none),(none),(none)
math-01229,success,python_interpreter,(none),(none),(none),(none),(none),(none),(none)
math-01230,success,pow,(none),(none),(none),(none),(none),(none),(none)
math-01231,success,python_interpreter,(none),(none),(none),(none),(none),(none),(none)
math-01232,success,symbols,python_interpreter,(none),(none),(none),(none),(none),(none)
math-01233,fail,factorint,defaultdict,(none),(none),(none),(none),(none),(none)
math-01234,success,(none),(none),(none),(none),(none),(none),(none),(none)
math-01235,success,isprime,isprime,(none),(none),(none),(none),(none),(none)
math-01236,success,python_interpreter,(none),(none),(none),(none),(none),(none),(none)
math-01237,success,symbols,(none),(none),(none),(none),(none),(none),(none)
math-01238,partial,python_interpreter,(none),(none),(none),(none),(none),(none),(none)
math-01239,success,sqrt,(none),(none),(none),(none),(none),(none),(none)
math-01240,success,python_interpreter,(none),(none),(none),(none),(none),(none),(none)
math-01241,success,symbols,simplify,(none),(none),(none),(none),(none),(none)
math-01242,success,S,(none),(none),(none),(none),(none),(none),(none)
math-01243,success,ceil,(none),(none),(none),(none),(none),(none),(none)
math-01244,success,points,(none),(none),(none),(none),(none),(none),(none)
math-01245,success,factorial,(none),(none),(none),(none),(none),(none),(none)
math-01246,success,python_interpreter,(none),(none),(none),(none),(none),(none),(none)
math-01247,success,symbols,(none),(none),(none),(none),(none),(none),(none)
math-01248,success,sin,(none),(none),(none),(none),(none),(none),(none)
math-01249,success,python_interpreter,(none),(none),(none),(none),(none),(none),(none)
math-01250,success,Rational,simplify,(none),(none),(none),(none),(none),(none)
math-01251,success,python_interpreter,(none),(none),(none),(none),(none),(none),(none)
math-01252,partial,python_interpreter,(none),(none),(none),(none),(none),(none),(none)
math-01253,success,symbols,(none),(none),(none),(none),(none),(none),(none)
math-01254,success,symbols,(none),(none),(none),(none),(none),(none),(none)
math-01255,success,gcd,(none),(none),(none),(none),(none),(none),(none)
math-01256,success,python_interpreter,python_interpreter,(none),(none),(none),(none),(none),(none)
math-01257,success,symbols,(none),(none),(none),(none),(none),(none),(none)
math-01258,fail,symbols,floor,(none),(none),(none),(none),(none),(none)
math-01259,success,comb,(none),(none),(none),(none),(none),(none),(none)
math-01260,partial,Rational,(none),(none),(none),(none),(none),(none),(none)
math-01261,fail,(none),(none),(none),(none),(none),(none),(none),(none)
math-01262,success,python_interpreter,(none),(none),(none),(none),(none),(none),(none)
math-01263,success,python_interpreter,(none),(none),(none),(none),(none),(none),(none)
math-01264,success,python_interpreter,(none),(none),(none),(none),(none),(none),(none)
math-01265,fail,(none),(none),(none),(none),(none),(none),(none),(none)
math-01266,success,(none),(none),(none),(none),(none),(none),(none),(none)
math-01267,success,array,(none),(none),(none),(none),(none),(none),(none)
math-01268,success,python_interpreter,(none),(none),(none),(none),(none),(none),(none)
math-01269,partial,Rational,(none),(none),(none),(none),(none),(none),(none)
math-01270,success,symbols,(none),(none),(none),(none),(none),(none),(none)
math-01271,success,symbols,(none),(none),(none),(none),(none),(none),(none)
math-01272,success,(none),(none),(none),(none),(none),(none),(none),(none)
math-01273,success,log,(none),(none),(none),(none),(none),(none),(none)
math-01274,success,symbols,(none),(none),(none),(none),(none),(none),(none)
math-01275,success,python_interpreter,(none),(none),(none),(none),(none),(none),(none)
math-01276,success,sqrt,(none),(none),(none),(none),(none),(none),(none)
math-01277,success,python_interpreter,(none),(none),(none),(none),(none),(none),(none)
math-01278,fail,python_interpreter,join,(none),(none),(none),(none),(none),(none)
math-01279,fail,symbols,symbols,symbols,symbols,cos,(none),(none),(none)
math-01280,success,symbols,(none),(none),(none),(none),(none),(none),(none)
math-01281,success,symbols,(none),(none),(none),(none),(none),(none),(none)
math-01282,success,symbols,(none),(none),(none),(none),(none),(none),(none)
math-01283,success,python_interpreter,(none),(none),(none),(none),(none),(none),(none)
math-01284,success,symbols,solve,(none),(none),(none),(none),(none),(none)
math-01285,success,symbols,symbols,(none),(none),(none),(none),(none),(none)
math-01286,fail,symbols,symbols,Rational,(none),(none),(none),(none),(none)
math-01287,fail,(none),(none),(none),(none),(none),(none),(none),(none)
math-01288,success,symbols,subs,subs,(none),(none),(none),(none),(none)
math-01289,success,symbols,simplify,(none),(none),(none),(none),(none),(none)
math-01290,success,floor,(none),(none),(none),(none),(none),(none),(none)
math-01291,partial,array,sqrt,(none),(none),(none),(none),(none),(none)
math-01292,success,f,(none),(none),(none),(none),(none),(none),(none)
math-01293,partial,symbols,(none),(none),(none),(none),(none),(none),(none)
math-01294,success,python_interpreter,(none),(none),(none),(none),(none),(none),(none)
math-01295,success,python_interpreter,(none),(none),(none),(none),(none),(none),(none)
math-01296,success,sqrt,(none),(none),(none),(none),(none),(none),(none)
math-01297,success,python_interpreter,(none),(none),(none),(none),(none),(none),(none)
math-01298,success,symbols,(none),(none),(none),(none),(none),(none),(none)
math-01299,partial,cos,cos,(none),(none),(none),(none),(none),(none)
math-01300,success,factorial,(none),(none),(none),(none),(none),(none),(none)
math-01301,success,array,python_interpreter,(none),(none),(none),(none),(none),(none)
math-01302,fail,(none),(none),(none),(none),(none),(none),(none),(none)
math-01303,partial,symbols,(none),(none),(none),(none),(none),(none),(none)
math-01304,success,python_interpreter,(none),(none),(none),(none),(none),(none),(none)
math-01305,success,python_interpreter,(none),(none),(none),(none),(none),(none),(none)
math-01306,success,solve_congruence,(none),(none),(none),(none),(none),(none),(none)
math-01307,success,symbols,(none),(none),(none),(none),(none),(none),(none)
math-01308,fail,symbols,ceil,ceil,(none),(none),(none),(none),(none)
math-01309,success,ceil,(none),(none),(none),(none),(none),(none),(none)
math-01310,success,python_interpreter,python_interpreter,(none),(none),(none),(none),(none),(none)
math-01311,success,python_interpreter,(none),(none),(none),(none),(none),(none),(none)
math-01312,success,Fraction,gcd,(none),(none),(none),(none),(none),(none)
math-01313,success,symbols,(none),(none),(none),(none),(none),(none),(none)
math-01314,success,mod_inverse,(none),(none),(none),(none),(none),(none),(none)
math-01315,success,(none),(none),(none),(none),(none),(none),(none),(none)
math-01316,success,python_interpreter,(none),(none),(none),(none),(none),(none),(none)
math-01317,success,count,(none),(none),(none),(none),(none),(none),(none)
math-01318,success,symbols,(none),(none),(none),(none),(none),(none),(none)
math-01319,fail,(none),(none),(none),(none),(none),(none),(none),(none)
math-01320,success,(none),(none),(none),(none),(none),(none),(none),(none)
math-01321,success,symbols,python_interpreter,(none),(none),(none),(none),(none),(none)
math-01322,success,gcd,(none),(none),(none),(none),(none),(none),(none)
math-01323,success,python_interpreter,(none),(none),(none),(none),(none),(none),(none)
math-01324,success,python_interpreter,(none),(none),(none),(none),(none),(none),(none)
math-01325,success,python_interpreter,(none),(none),(none),(none),(none),(none),(none)
math-01326,success,gcd,(none),(none),(none),(none),(none),(none),(none)
math-01327,success,python_interpreter,(none),(none),(none),(none),(none),(none),(none)
math-01328,success,python_interpreter,(none),(none),(none),(none),(none),(none),(none)
math-01329,success,sqrt,(none),(none),(none),(none),(none),(none),(none)
math-01330,success,python_interpreter,(none),(none),(none),(none),(none),(none),(none)
math-01331,success,python_interpreter,(none),(none),(none),(none),(none),(none),(none)
math-01332,success,symbols,(none),(none),(none),(none),(none),(none),(none)
math-01333,success,sqrt,(none),(none),(none),(none),(none),(none),(none)
math-01334,success,symbols,symbols,(none),(none),(none),(none),(none),(none)
math-01335,fail,symbols,limit_denominator,simplify,limit_denominator,limit_denominator,(none),(none),(none)
math-01336,success,sqrt,(none),(none),(none),(none),(none),(none),(none)
math-01337,success,floor,(none),(none),(none),(none),(none),(none),(none)
math-01338,success,symbols,(none),(none),(none),(none),(none),(none),(none)
math-01339,success,python_interpreter,(none),(none),(none),(none),(none),(none),(none)
math-01340,success,Rational,Rational,(none),(none),(none),(none),(none),(none)
math-01341,partial,array,Matrix,(none),(none),(none),(none),(none),(none)
math-01342,success,symbols,(none),(none),(none),(none),(none),(none),(none)
math-01343,fail,python_interpreter,limit_denominator,limit_denominator,(none),(none),(none),(none),(none)
math-01344,success,symbols,symbols,symbols,(none),(none),(none),(none),(none)
math-01345,partial,symbols,(none),(none),(none),(none),(none),(none),(none)
math-01346,partial,symbols,(none),(none),(none),(none),(none),(none),(none)
math-01347,success,python_interpreter,python_interpreter,(none),(none),(none),(none),(none),(none)
math-01348,success,python_interpreter,(none),(none),(none),(none),(none),(none),(none)
math-01349,success,symbols,simplify,(none),(none),(none),(none),(none),(none)
math-01350,success,symbols,(none),(none),(none),(none),(none),(none),(none)
math-01351,success,python_interpreter,(none),(none),(none),(none),(none),(none),(none)
math-01352,success,symbols,(none),(none),(none),(none),(none),(none),(none)
math-01353,success,factorial,(none),(none),(none),(none),(none),(none),(none)
math-01354,success,factorial,(none),(none),(none),(none),(none),(none),(none)
math-01355,success,python_interpreter,(none),(none),(none),(none),(none),(none),(none)
math-01356,success,number,(none),(none),(none),(none),(none),(none),(none)
math-01357,success,symbols,(none),(none),(none),(none),(none),(none),(none)
math-01358,success,Rational,(none),(none),(none),(none),(none),(none),(none)
math-01359,success,python_interpreter,(none),(none),(none),(none),(none),(none),(none)
math-01360,success,python_interpreter,(none),(none),(none),(none),(none),(none),(none)
math-01361,success,symbols,(none),(none),(none),(none),(none),(none),(none)
math-01362,success,python_interpreter,(none),(none),(none),(none),(none),(none),(none)
math-01363,success,array,python_interpreter,(none),(none),(none),(none),(none),(none)
math-01364,success,symbols,(none),(none),(none),(none),(none),(none),(none)
math-01365,success,python_interpreter,(none),(none),(none),(none),(none),(none),(none)
math-01366,success,(none),(none),(none),(none),(none),(none),(none),(none)
math-01367,success,python_interpreter,(none),(none),(none),(none),(none),(none),(none)
math-01368,success,python_interpreter,(none),(none),(none),(none),(none),(none),(none)
math-01369,partial,python_interpreter,(none),(none),(none),(none),(none),(none),(none)
math-01370,partial,symbols,(none),(none),(none),(none),(none),(none),(none)
math-01371,success,log,(none),(none),(none),(none),(none),(none),(none)
math-01372,success,python_interpreter,(none),(none),(none),(none),(none),(none),(none)
math-01373,success,python_interpreter,(none),(none),(none),(none),(none),(none),(none)
math-01374,success,symbols,(none),(none),(none),(none),(none),(none),(none)
math-01375,success,symbols,(none),(none),(none),(none),(none),(none),(none)
math-01376,success,python_interpreter,(none),(none),(none),(none),(none),(none),(none)
math-01377,success,symbols,python_interpreter,(none),(none),(none),(none),(none),(none)
math-01378,partial,python_interpreter,(none),(none),(none),(none),(none),(none),(none)
math-01379,fail,(none),(none),(none),(none),(none),(none),(none),(none)
math-01380,fail,symbols,symbols,(none),(none),(none),(none),(none),(none)
math-01381,success,find_largest_median,(none),(none),(none),(none),(none),(none),(none)
math-01382,success,python_interpreter,(none),(none),(none),(none),(none),(none),(none)
math-01383,partial,symbols,(none),(none),(none),(none),(none),(none),(none)
math-01384,partial,python_interpreter,(none),(none),(none),(none),(none),(none),(none)
math-01385,partial,factorial,(none),(none),(none),(none),(none),(none),(none)
math-01386,success,permutations,(none),(none),(none),(none),(none),(none),(none)
math-01387,partial,sqrt,(none),(none),(none),(none),(none),(none),(none)
math-01388,success,symbols,symbols,subs,(none),(none),(none),(none),(none)
math-01389,success,symbols,python_interpreter,(none),(none),(none),(none),(none),(none)
math-01390,success,pow,(none),(none),(none),(none),(none),(none),(none)
math-01391,success,symbols,(none),(none),(none),(none),(none),(none),(none)
math-01392,success,python_interpreter,python_interpreter,(none),(none),(none),(none),(none),(none)
math-01393,success,symbols,(none),(none),(none),(none),(none),(none),(none)
math-01394,success,tan,(none),(none),(none),(none),(none),(none),(none)
math-01395,partial,symbols,simplify,(none),(none),(none),(none),(none),(none)
math-01396,success,symbols,(none),(none),(none),(none),(none),(none),(none)
math-01397,success,python_interpreter,(none),(none),(none),(none),(none),(none),(none)
math-01398,success,(none),(none),(none),(none),(none),(none),(none),(none)
math-01399,success,sqrt,(none),(none),(none),(none),(none),(none),(none)
math-01400,success,symbols,expand,(none),(none),(none),(none),(none),(none)
math-01401,partial,gcd,(none),(none),(none),(none),(none),(none),(none)
math-01402,fail,(none),(none),(none),(none),(none),(none),(none),(none)
math-01403,success,symbols,(none),(none),(none),(none),(none),(none),(none)
math-01404,success,array,(none),(none),(none),(none),(none),(none),(none)
math-01405,fail,python_interpreter,gcd,(none),(none),(none),(none),(none),(none)
math-01406,success,symbols,(none),(none),(none),(none),(none),(none),(none)
math-01407,success,python_interpreter,(none),(none),(none),(none),(none),(none),(none)
math-01408,success,symbols,(none),(none),(none),(none),(none),(none),(none)
math-01409,fail,symbols,simplify,log,Rational,(none),(none),(none),(none)
math-01410,success,python_interpreter,(none),(none),(none),(none),(none),(none),(none)
math-01411,success,permutations,(none),(none),(none),(none),(none),(none),(none)
math-01412,success,largest_prime_factor,(none),(none),(none),(none),(none),(none),(none)
math-01413,partial,(none),(none),(none),(none),(none),(none),(none),(none)
math-01414,success,python_interpreter,(none),(none),(none),(none),(none),(none),(none)
math-01415,success,lcm,(none),(none),(none),(none),(none),(none),(none)
math-01416,fail,Rational,latex,(none),(none),(none),(none),(none),(none)
math-01417,success,symbols,(none),(none),(none),(none),(none),(none),(none)
math-01418,success,factorial,factorial,(none),(none),(none),(none),(none),(none)
math-01419,success,count,(none),(none),(none),(none),(none),(none),(none)
math-01420,success,python_interpreter,(none),(none),(none),(none),(none),(none),(none)
math-01421,success,gcd,(none),(none),(none),(none),(none),(none),(none)
math-01422,success,symbols,python_interpreter,limit_denominator,limit_denominator,(none),(none),(none),(none)
math-01423,success,python_interpreter,(none),(none),(none),(none),(none),(none),(none)
math-01424,success,Rational,(none),(none),(none),(none),(none),(none),(none)
math-01425,success,lcm,(none),(none),(none),(none),(none),(none),(none)
math-01426,success,(none),(none),(none),(none),(none),(none),(none),(none)
math-01427,success,Abs,(none),(none),(none),(none),(none),(none),(none)
math-01428,success,symbols,(none),(none),(none),(none),(none),(none),(none)
math-01429,success,symbols,(none),(none),(none),(none),(none),(none),(none)
math-01430,success,python_interpreter,(none),(none),(none),(none),(none),(none),(none)
math-01431,success,python_interpreter,(none),(none),(none),(none),(none),(none),(none)
math-01432,success,python_interpreter,(none),(none),(none),(none),(none),(none),(none)
math-01433,fail,f,gcd,(none),(none),(none),(none),(none),(none)
math-01434,success,symbols,(none),(none),(none),(none),(none),(none),(none)
math-01435,success,symbols,(none),(none),(none),(none),(none),(none),(none)
math-01436,success,symbols,(none),(none),(none),(none),(none),(none),(none)
math-01437,success,python_interpreter,(none),(none),(none),(none),(none),(none),(none)
math-01438,success,(none),(none),(none),(none),(none),(none),(none),(none)
math-01439,success,number_of_divisors,(none),(none),(none),(none),(none),(none),(none)
math-01440,success,ceil,(none),(none),(none),(none),(none),(none),(none)
math-01441,success,symbols,(none),(none),(none),(none),(none),(none),(none)
math-01442,success,ceil,(none),(none),(none),(none),(none),(none),(none)
math-01443,partial,symbols,(none),(none),(none),(none),(none),(none),(none)
math-01444,partial,symbols,(none),(none),(none),(none),(none),(none),(none)
math-01445,partial,symbols,(none),(none),(none),(none),(none),(none),(none)
math-01446,success,python_interpreter,(none),(none),(none),(none),(none),(none),(none)
math-01447,success,python_interpreter,(none),(none),(none),(none),(none),(none),(none)
math-01448,success,append,(none),(none),(none),(none),(none),(none),(none)
math-01449,success,python_interpreter,python_interpreter,python_interpreter,(none),(none),(none),(none),(none)
math-01450,fail,(none),(none),(none),(none),(none),(none),(none),(none)
math-01451,success,symbols,(none),(none),(none),(none),(none),(none),(none)
math-01452,success,symbols,(none),(none),(none),(none),(none),(none),(none)
math-01453,success,python_interpreter,(none),(none),(none),(none),(none),(none),(none)
math-01454,success,comb,(none),(none),(none),(none),(none),(none),(none)
math-01455,success,append,(none),(none),(none),(none),(none),(none),(none)
math-01456,success,append,python_interpreter,(none),(none),(none),(none),(none),(none)
math-01457,success,sum_of_proper_divisors,(none),(none),(none),(none),(none),(none),(none)
math-01458,success,symbols,(none),(none),(none),(none),(none),(none),(none)
math-01459,fail,(none),(none),(none),(none),(none),(none),(none),(none)
math-01460,fail,is_integer,limit_denominator,gcd,(none),(none),(none),(none),(none)
math-01461,partial,symbols,(none),(none),(none),(none),(none),(none),(none)
math-01462,success,python_interpreter,(none),(none),(none),(none),(none),(none),(none)
math-01463,success,permutations,(none),(none),(none),(none),(none),(none),(none)
math-01464,success,comb,(none),(none),(none),(none),(none),(none),(none)
math-01465,success,symbols,(none),(none),(none),(none),(none),(none),(none)
math-01466,success,symbols,(none),(none),(none),(none),(none),(none),(none)
math-01467,success,is,(none),(none),(none),(none),(none),(none),(none)
math-01468,fail,symbols,symbols,symbols,symbols,symbols,(none),(none),(none)
math-01469,success,mod_inverse,(none),(none),(none),(none),(none),(none),(none)
math-01470,partial,symbols,(none),(none),(none),(none),(none),(none),(none)
math-01471,success,permutations,(none),(none),(none),(none),(none),(none),(none)
math-01472,success,symbols,(none),(none),(none),(none),(none),(none),(none)
math-01473,success,python_interpreter,(none),(none),(none),(none),(none),(none),(none)
math-01474,success,symbols,Rational,(none),(none),(none),(none),(none),(none)
math-01475,success,python_interpreter,(none),(none),(none),(none),(none),(none),(none)
math-01476,success,python_interpreter,(none),(none),(none),(none),(none),(none),(none)
math-01477,fail,symbols,symbols,symbols,symbols,symbols,(none),(none),(none)
math-01478,success,python_interpreter,(none),(none),(none),(none),(none),(none),(none)
math-01479,success,symbols,(none),(none),(none),(none),(none),(none),(none)
math-01480,success,python_interpreter,(none),(none),(none),(none),(none),(none),(none)
math-01481,success,ceil,(none),(none),(none),(none),(none),(none),(none)
math-01482,success,python_interpreter,(none),(none),(none),(none),(none),(none),(none)
math-01483,fail,combinations,Fraction,gcd,(none),(none),(none),(none),(none)
math-01484,partial,Rational,nsimplify,(none),(none),(none),(none),(none),(none)
math-01485,success,symbols,(none),(none),(none),(none),(none),(none),(none)
math-01486,success,python_interpreter,python_interpreter,python_interpreter,(none),(none),(none),(none),(none)
math-01487,success,highest_power,(none),(none),(none),(none),(none),(none),(none)
math-01488,success,symbols,(none),(none),(none),(none),(none),(none),(none)
math-01489,success,python_interpreter,(none),(none),(none),(none),(none),(none),(none)
math-01490,success,python_interpreter,(none),(none),(none),(none),(none),(none),(none)
math-01491,success,symbols,(none),(none),(none),(none),(none),(none),(none)
math-01492,fail,symbols,latex,(none),(none),(none),(none),(none),(none)
math-01493,success,symbols,(none),(none),(none),(none),(none),(none),(none)
math-01494,success,symbols,(none),(none),(none),(none),(none),(none),(none)
math-01495,success,cap,(none),(none),(none),(none),(none),(none),(none)
math-01496,partial,python_interpreter,(none),(none),(none),(none),(none),(none),(none)
math-01497,success,python_interpreter,limit_denominator,gcd,(none),(none),(none),(none),(none)
math-01498,success,append,limit_denominator,limit_denominator,(none),(none),(none),(none),(none)
math-01499,partial,array,sqrt,(none),(none),(none),(none),(none),(none)
math-01500,success,mod_inverse,(none),(none),(none),(none),(none),(none),(none)
math-01501,partial,symbols,(none),(none),(none),(none),(none),(none),(none)
math-01502,fail,Rational,Rational,Rational,Rational,Rational,(none),(none),(none)
math-01503,success,Rational,(none),(none),(none),(none),(none),(none),(none)
math-01504,success,(none),(none),(none),(none),(none),(none),(none),(none)
math-01505,success,find_primes_with_units_digit_7,(none),(none),(none),(none),(none),(none),(none)
math-01506,success,Rational,(none),(none),(none),(none),(none),(none),(none)
math-01507,success,sqrt,sqrt,(none),(none),(none),(none),(none),(none)
math-01508,success,symbols,(none),(none),(none),(none),(none),(none),(none)
math-01509,success,symbols,(none),(none),(none),(none),(none),(none),(none)
math-01510,success,find_gcd,(none),(none),(none),(none),(none),(none),(none)
math-01511,success,symbols,symbols,(none),(none),(none),(none),(none),(none)
math-01512,success,comb,limit_denominator,(none),(none),(none),(none),(none),(none)
math-01513,partial,sqrt,(none),(none),(none),(none),(none),(none),(none)
math-01514,success,(none),(none),(none),(none),(none),(none),(none),(none)
math-01515,success,python_interpreter,(none),(none),(none),(none),(none),(none),(none)
math-01516,success,python_interpreter,python_interpreter,(none),(none),(none),(none),(none),(none)
math-01517,success,symbols,expand,(none),(none),(none),(none),(none),(none)
math-01518,fail,(none),(none),(none),(none),(none),(none),(none),(none)
math-01519,success,python_interpreter,count_numbers_with_digit_sum,(none),(none),(none),(none),(none),(none)
math-01520,success,sqrt,(none),(none),(none),(none),(none),(none),(none)
math-01521,partial,append,(none),(none),(none),(none),(none),(none),(none)
math-01522,success,symbols,extend,extend,extend,(none),(none),(none),(none)
math-01523,success,symbols,(none),(none),(none),(none),(none),(none),(none)
math-01524,fail,symbols,symbols,symbols,symbols,symbols,(none),(none),(none)
math-01525,success,simplify,python_interpreter,(none),(none),(none),(none),(none),(none)
math-01526,success,python_interpreter,(none),(none),(none),(none),(none),(none),(none)
math-01527,success,gcd,(none),(none),(none),(none),(none),(none),(none)
math-01528,success,sqrt,(none),(none),(none),(none),(none),(none),(none)
math-01529,fail,symbols,simplify,subs,subs,subs,(none),(none),(none)
math-01530,success,count,(none),(none),(none),(none),(none),(none),(none)
math-01531,success,symbols,python_interpreter,(none),(none),(none),(none),(none),(none)
math-01532,success,floor,(none),(none),(none),(none),(none),(none),(none)
math-01533,partial,symbols,solveset,(none),(none),(none),(none),(none),(none)
math-01534,success,python_interpreter,python_interpreter,(none),(none),(none),(none),(none),(none)
math-01535,success,count_non_factorial_tails,(none),(none),(none),(none),(none),(none),(none)
math-01536,success,python_interpreter,(none),(none),(none),(none),(none),(none),(none)
math-01537,success,symbols,(none),(none),(none),(none),(none),(none),(none)
math-01538,success,sqrt,(none),(none),(none),(none),(none),(none),(none)
math-01539,success,python_interpreter,(none),(none),(none),(none),(none),(none),(none)
math-01540,success,(none),(none),(none),(none),(none),(none),(none),(none)
math-01541,success,apples,(none),(none),(none),(none),(none),(none),(none)
math-01542,success,symbols,simplify,(none),(none),(none),(none),(none),(none)
math-01543,success,symbols,(none),(none),(none),(none),(none),(none),(none)
math-01544,success,primerange,(none),(none),(none),(none),(none),(none),(none)
math-01545,success,python_interpreter,(none),(none),(none),(none),(none),(none),(none)
math-01546,success,symbols,(none),(none),(none),(none),(none),(none),(none)
math-01547,success,pascals_triangle,python_interpreter,(none),(none),(none),(none),(none),(none)
math-01548,success,symbols,Eq,Eq,python_interpreter,(none),(none),(none),(none)
math-01549,partial,comb,(none),(none),(none),(none),(none),(none),(none)
math-01550,partial,python_interpreter,(none),(none),(none),(none),(none),(none),(none)
math-01551,partial,symbols,(none),(none),(none),(none),(none),(none),(none)
math-01552,success,sqrt,sqrt,(none),(none),(none),(none),(none),(none)
math-01553,success,symbols,(none),(none),(none),(none),(none),(none),(none)
math-01554,success,python_interpreter,(none),(none),(none),(none),(none),(none),(none)
math-01555,success,python_interpreter,(none),(none),(none),(none),(none),(none),(none)
math-01556,success,sqrt,(none),(none),(none),(none),(none),(none),(none)
math-01557,success,symbols,f,(none),(none),(none),(none),(none),(none)
math-01558,partial,python_interpreter,python_interpreter,python_interpreter,(none),(none),(none),(none),(none)
math-01559,success,symbols,evalf,(none),(none),(none),(none),(none),(none)
math-01560,fail,(none),(none),(none),(none),(none),(none),(none),(none)
math-01561,success,python_interpreter,python_interpreter,(none),(none),(none),(none),(none),(none)
math-01562,partial,comb,(none),(none),(none),(none),(none),(none),(none)
math-01563,success,symbols,(none),(none),(none),(none),(none),(none),(none)
math-01564,success,symbols,(none),(none),(none),(none),(none),(none),(none)
math-01565,success,count,(none),(none),(none),(none),(none),(none),(none)
math-01566,fail,primes,limit_denominator,limit_denominator,(none),(none),(none),(none),(none)
math-01567,partial,symbols,(none),(none),(none),(none),(none),(none),(none)
math-01568,fail,(none),(none),(none),(none),(none),(none),(none),(none)
math-01569,success,symbols,python_interpreter,(none),(none),(none),(none),(none),(none)
math-01570,partial,fibonacci,(none),(none),(none),(none),(none),(none),(none)
math-01571,success,Rational,python_interpreter,(none),(none),(none),(none),(none),(none)
math-01572,partial,sqrt,(none),(none),(none),(none),(none),(none),(none)
math-01573,success,symbols,(none),(none),(none),(none),(none),(none),(none)
math-01574,success,symbols,python_interpreter,(none),(none),(none),(none),(none),(none)
math-01575,success,factorint,gcd,(none),(none),(none),(none),(none),(none)
math-01576,partial,symbols,(none),(none),(none),(none),(none),(none),(none)
math-01577,fail,(none),(none),(none),(none),(none),(none),(none),(none)
math-01578,success,symbols,(none),(none),(none),(none),(none),(none),(none)
math-01579,success,symbols,(none),(none),(none),(none),(none),(none),(none)
math-01580,partial,cup,(none),(none),(none),(none),(none),(none),(none)
math-01581,success,spacy_subsets,(none),(none),(none),(none),(none),(none),(none)
math-01582,success,sum_of_proper_divisors,(none),(none),(none),(none),(none),(none),(none)
math-01583,success,symbols,(none),(none),(none),(none),(none),(none),(none)
math-01584,success,python_interpreter,(none),(none),(none),(none),(none),(none),(none)
math-01585,partial,symbols,python_interpreter,(none),(none),(none),(none),(none),(none)
math-01586,success,sqrt,(none),(none),(none),(none),(none),(none),(none)
math-01587,success,append,(none),(none),(none),(none),(none),(none),(none)
math-01588,success,symbols,Interval,(none),(none),(none),(none),(none),(none)
math-01589,success,append,(none),(none),(none),(none),(none),(none),(none)
math-01590,success,python_interpreter,(none),(none),(none),(none),(none),(none),(none)
math-01591,success,Point,(none),(none),(none),(none),(none),(none),(none)
math-01592,success,sqrt,(none),(none),(none),(none),(none),(none),(none)
math-01593,success,symbols,(none),(none),(none),(none),(none),(none),(none)
math-01594,partial,simplify,(none),(none),(none),(none),(none),(none),(none)
math-01595,success,sqrt,(none),(none),(none),(none),(none),(none),(none)
math-01596,success,symbols,(none),(none),(none),(none),(none),(none),(none)
math-01597,success,gcd,(none),(none),(none),(none),(none),(none),(none)
math-01598,partial,symbols,solve,(none),(none),(none),(none),(none),(none)
math-01599,partial,sqrt,(none),(none),(none),(none),(none),(none),(none)
math-01600,partial,symbols,solve,subs,(none),(none),(none),(none),(none)
math-01601,success,simplify,arg,simplify,(none),(none),(none),(none),(none)
math-01602,success,p,(none),(none),(none),(none),(none),(none),(none)
math-01603,success,symbols,simplify,(none),(none),(none),(none),(none),(none)
math-01604,success,symbols,symbols,(none),(none),(none),(none),(none),(none)
math-01605,success,python_interpreter,(none),(none),(none),(none),(none),(none),(none)
math-01606,success,python_interpreter,(none),(none),(none),(none),(none),(none),(none)
math-01607,success,extended_gcd,(none),(none),(none),(none),(none),(none),(none)
math-01608,success,mod_inverse,(none),(none),(none),(none),(none),(none),(none)
math-01609,success,python_interpreter,(none),(none),(none),(none),(none),(none),(none)
math-01610,success,symbols,(none),(none),(none),(none),(none),(none),(none)
math-01611,fail,symbols,symbols,symbols,(none),(none),(none),(none),(none)
math-01612,success,gcd,(none),(none),(none),(none),(none),(none),(none)
math-01613,partial,symbols,simplify,solve,subs,(none),(none),(none),(none)
math-01614,success,symbols,(none),(none),(none),(none),(none),(none),(none)
math-01615,success,are,(none),(none),(none),(none),(none),(none),(none)
math-01616,success,factorint,(none),(none),(none),(none),(none),(none),(none)
math-01617,fail,(none),(none),(none),(none),(none),(none),(none),(none)
math-01618,success,python_interpreter,(none),(none),(none),(none),(none),(none),(none)
math-01619,fail,reduce,python_interpreter,limit_denominator,limit_denominator,(none),(none),(none),(none)
math-01620,success,symbols,(none),(none),(none),(none),(none),(none),(none)
math-01621,success,count_ways,gcd,(none),(none),(none),(none),(none),(none)
math-01622,partial,symbols,symbols,symbols,(none),(none),(none),(none),(none)
math-01623,success,symbols,(none),(none),(none),(none),(none),(none),(none)
math-01624,success,symbols,(none),(none),(none),(none),(none),(none),(none)
math-01625,success,python_interpreter,(none),(none),(none),(none),(none),(none),(none)
math-01626,partial,symbols,solve,(none),(none),(none),(none),(none),(none)
math-01627,success,symbols,tan,(none),(none),(none),(none),(none),(none)
math-01628,success,python_interpreter,(none),(none),(none),(none),(none),(none),(none)
math-01629,partial,comb,(none),(none),(none),(none),(none),(none),(none)
math-01630,success,sqrt,sqrt,(none),(none),(none),(none),(none),(none)
math-01631,success,symbols,sqrt,(none),(none),(none),(none),(none),(none)
math-01632,success,symbols,subs,(none),(none),(none),(none),(none),(none)
math-01633,success,factorial,(none),(none),(none),(none),(none),(none),(none)
math-01634,success,(none),(none),(none),(none),(none),(none),(none),(none)
math-01635,success,simplify,(none),(none),(none),(none),(none),(none),(none)
math-01636,success,(none),(none),(none),(none),(none),(none),(none),(none)
math-01637,fail,(none),(none),(none),(none),(none),(none),(none),(none)
math-01638,success,(none),(none),(none),(none),(none),(none),(none),(none)
math-01639,success,python_interpreter,(none),(none),(none),(none),(none),(none),(none)
math-01640,success,comb,(none),(none),(none),(none),(none),(none),(none)
math-01641,success,mod_inverse,(none),(none),(none),(none),(none),(none),(none)
math-01642,success,gcd,(none),(none),(none),(none),(none),(none),(none)
math-01643,success,python_interpreter,(none),(none),(none),(none),(none),(none),(none)
math-01644,success,symbols,is_integer,is_integer,python_interpreter,(none),(none),(none),(none)
math-01645,success,floor,ceil,floor,(none),(none),(none),(none),(none)
math-01646,success,floor,(none),(none),(none),(none),(none),(none),(none)
math-01647,success,symbols,is_integer,(none),(none),(none),(none),(none),(none)
math-01648,fail,combinations,combinations,combinations,combinations,combinations,(none),(none),(none)
math-01649,success,mod_inverse,python_interpreter,python_interpreter,(none),(none),(none),(none),(none)
math-01650,success,symbols,mod_inverse,(none),(none),(none),(none),(none),(none)
math-01651,success,append,(none),(none),(none),(none),(none),(none),(none)
math-01652,fail,(none),(none),(none),(none),(none),(none),(none),(none)
math-01653,success,asin,(none),(none),(none),(none),(none),(none),(none)
math-01654,partial,symbols,(none),(none),(none),(none),(none),(none),(none)
math-01655,success,python_interpreter,(none),(none),(none),(none),(none),(none),(none)
math-01656,success,sqrt,(none),(none),(none),(none),(none),(none),(none)
math-01657,success,symbols,(none),(none),(none),(none),(none),(none),(none)
math-01658,success,Rational,(none),(none),(none),(none),(none),(none),(none)
math-01659,fail,(none),(none),(none),(none),(none),(none),(none),(none)
math-01660,success,python_interpreter,(none),(none),(none),(none),(none),(none),(none)
math-01661,partial,symbols,(none),(none),(none),(none),(none),(none),(none)
math-01662,success,symbols,(none),(none),(none),(none),(none),(none),(none)
math-01663,partial,python_interpreter,(none),(none),(none),(none),(none),(none),(none)
math-01664,success,python_interpreter,(none),(none),(none),(none),(none),(none),(none)
math-01665,success,symbols,python_interpreter,(none),(none),(none),(none),(none),(none)
math-01666,success,Rational,(none),(none),(none),(none),(none),(none),(none)
math-01667,success,combinations,(none),(none),(none),(none),(none),(none),(none)
math-01668,success,sqrt,(none),(none),(none),(none),(none),(none),(none)
math-01669,fail,f,latex,(none),(none),(none),(none),(none),(none)
math-01670,success,python_interpreter,python_interpreter,(none),(none),(none),(none),(none),(none)
math-01671,success,comb,(none),(none),(none),(none),(none),(none),(none)
math-01672,success,symbols,(none),(none),(none),(none),(none),(none),(none)
math-01673,success,valid,valid,(none),(none),(none),(none),(none),(none)
math-01674,success,sqrt,(none),(none),(none),(none),(none),(none),(none)
math-01675,success,symbols,(none),(none),(none),(none),(none),(none),(none)
math-01676,partial,symbols,(none),(none),(none),(none),(none),(none),(none)
math-01677,success,symbols,(none),(none),(none),(none),(none),(none),(none)
math-01678,partial,symbols,(none),(none),(none),(none),(none),(none),(none)
math-01679,success,has_prime_factors_other_than_2_and_5,(none),(none),(none),(none),(none),(none),(none)
math-01680,success,comb,(none),(none),(none),(none),(none),(none),(none)
math-01681,partial,symbols,factor,(none),(none),(none),(none),(none),(none)
math-01682,success,python_interpreter,(none),(none),(none),(none),(none),(none),(none)
math-01683,success,find_smallest_n,(none),(none),(none),(none),(none),(none),(none)
math-01684,success,sqrt,python_interpreter,(none),(none),(none),(none),(none),(none)
math-01685,fail,python_interpreter,limit_denominator,limit_denominator,(none),(none),(none),(none),(none)
math-01686,success,array,(none),(none),(none),(none),(none),(none),(none)
math-01687,fail,symbols,symbols,symbols,symbols,(none),(none),(none),(none)
math-01688,success,simplify,(none),(none),(none),(none),(none),(none),(none)
math-01689,fail,sqrt,sqrt,sqrt,(none),(none),(none),(none),(none)
math-01690,success,gcd_list,gcd_list,(none),(none),(none),(none),(none),(none)
math-01691,success,factorint,(none),(none),(none),(none),(none),(none),(none)
math-01692,partial,Rational,(none),(none),(none),(none),(none),(none),(none)
math-01693,partial,python_interpreter,(none),(none),(none),(none),(none),(none),(none)
math-01694,success,python_interpreter,(none),(none),(none),(none),(none),(none),(none)
math-01695,success,python_interpreter,(none),(none),(none),(none),(none),(none),(none)
math-01696,success,limit_denominator,(none),(none),(none),(none),(none),(none),(none)
math-01697,success,symbols,(none),(none),(none),(none),(none),(none),(none)
math-01698,success,ceil,(none),(none),(none),(none),(none),(none),(none)
math-01699,success,python_interpreter,(none),(none),(none),(none),(none),(none),(none)
math-01700,success,symbols,(none),(none),(none),(none),(none),(none),(none)
math-01701,success,symbols,python_interpreter,(none),(none),(none),(none),(none),(none)
math-01702,success,symbols,simplify,(none),(none),(none),(none),(none),(none)
math-01703,success,sin,(none),(none),(none),(none),(none),(none),(none)
math-01704,success,symbols,python_interpreter,(none),(none),(none),(none),(none),(none)
math-01705,success,comb,(none),(none),(none),(none),(none),(none),(none)
math-01706,success,array,sqrt,(none),(none),(none),(none),(none),(none)
math-01707,success,is_palindrome,(none),(none),(none),(none),(none),(none),(none)
math-01708,success,python_interpreter,(none),(none),(none),(none),(none),(none),(none)
math-01709,success,symbols,subs,(none),(none),(none),(none),(none),(none)
math-01710,success,symbols,(none),(none),(none),(none),(none),(none),(none)
math-01711,fail,symbols,python_interpreter,join,(none),(none),(none),(none),(none)
math-01712,success,python_interpreter,(none),(none),(none),(none),(none),(none),(none)
math-01713,success,python_interpreter,(none),(none),(none),(none),(none),(none),(none)
math-01714,success,symbols,symbols,(none),(none),(none),(none),(none),(none)
math-01715,success,symbols,solve,(none),(none),(none),(none),(none),(none)
math-01716,partial,floor,(none),(none),(none),(none),(none),(none),(none)
math-01717,partial,symbols,(none),(none),(none),(none),(none),(none),(none)
math-01718,success,python_interpreter,(none),(none),(none),(none),(none),(none),(none)
math-01719,success,Fraction,python_interpreter,(none),(none),(none),(none),(none),(none)
math-01720,success,ceil,(none),(none),(none),(none),(none),(none),(none)
math-01721,success,python_interpreter,python_interpreter,to_base9,(none),(none),(none),(none),(none)
math-01722,partial,symbols,(none),(none),(none),(none),(none),(none),(none)
math-01723,fail,symbols,sqrt,re,(none),(none),(none),(none),(none)
math-01724,success,sqrt,(none),(none),(none),(none),(none),(none),(none)
math-01725,success,all_digits_different,(none),(none),(none),(none),(none),(none),(none)
math-01726,success,python_interpreter,(none),(none),(none),(none),(none),(none),(none)
math-01727,success,permutations,(none),(none),(none),(none),(none),(none),(none)
math-01728,success,sqrt,(none),(none),(none),(none),(none),(none),(none)
math-01729,success,symbols,(none),(none),(none),(none),(none),(none),(none)
math-01730,success,python_interpreter,(none),(none),(none),(none),(none),(none),(none)
math-01731,partial,python_interpreter,(none),(none),(none),(none),(none),(none),(none)
math-01732,success,python_interpreter,python_interpreter,python_interpreter,(none),(none),(none),(none),(none)
math-01733,success,symbols,solve,(none),(none),(none),(none),(none),(none)
math-01734,success,mod_inverse,(none),(none),(none),(none),(none),(none),(none)
math-01735,success,sqrt,(none),(none),(none),(none),(none),(none),(none)
math-01736,success,add,(none),(none),(none),(none),(none),(none),(none)
math-01737,success,symbols,(none),(none),(none),(none),(none),(none),(none)
math-01738,success,python_interpreter,python_interpreter,python_interpreter,(none),(none),(none),(none),(none)
math-01739,success,pow,pow,(none),(none),(none),(none),(none),(none)
math-01740,partial,python_interpreter,(none),(none),(none),(none),(none),(none),(none)
math-01741,success,symbols,(none),(none),(none),(none),(none),(none),(none)
math-01742,success,symbols,(none),(none),(none),(none),(none),(none),(none)
math-01743,partial,symbols,(none),(none),(none),(none),(none),(none),(none)
math-01744,success,count_factors_of_5,(none),(none),(none),(none),(none),(none),(none)
math-01745,success,symbols,(none),(none),(none),(none),(none),(none),(none)
math-01746,success,(none),(none),(none),(none),(none),(none),(none),(none)
math-01747,success,radians,(none),(none),(none),(none),(none),(none),(none)
math-01748,success,python_interpreter,(none),(none),(none),(none),(none),(none),(none)
math-01749,success,symbols,(none),(none),(none),(none),(none),(none),(none)
math-01750,success,python_interpreter,limit_denominator,floor,(none),(none),(none),(none),(none)
math-01751,success,symbols,symbols,(none),(none),(none),(none),(none),(none)
math-01752,success,ceil,(none),(none),(none),(none),(none),(none),(none)
math-01753,fail,python_interpreter,Fraction,gcd,(none),(none),(none),(none),(none)
math-01754,success,sqrt,(none),(none),(none),(none),(none),(none),(none)
math-01755,success,Fraction,gcd,(none),(none),(none),(none),(none),(none)
math-01756,success,python_interpreter,(none),(none),(none),(none),(none),(none),(none)
math-01757,success,isprime,(none),(none),(none),(none),(none),(none),(none)
math-01758,partial,symbols,(none),(none),(none),(none),(none),(none),(none)
math-01759,success,python_interpreter,(none),(none),(none),(none),(none),(none),(none)
math-01760,success,pow,(none),(none),(none),(none),(none),(none),(none)
math-01761,success,symbols,symbols,(none),(none),(none),(none),(none),(none)
math-01762,success,sqrt,(none),(none),(none),(none),(none),(none),(none)
math-01763,success,Rational,(none),(none),(none),(none),(none),(none),(none)
math-01764,success,symbols,symbols,(none),(none),(none),(none),(none),(none)
math-01765,success,comb,(none),(none),(none),(none),(none),(none),(none)
math-01766,success,symbols,(none),(none),(none),(none),(none),(none),(none)
math-01767,partial,comb,(none),(none),(none),(none),(none),(none),(none)
math-01768,success,symbols,(none),(none),(none),(none),(none),(none),(none)
math-01769,success,python_interpreter,(none),(none),(none),(none),(none),(none),(none)
math-01770,success,rate,(none),(none),(none),(none),(none),(none),(none)
math-01771,fail,(none),(none),(none),(none),(none),(none),(none),(none)
math-01772,fail,comb,Fraction,gcd,(none),(none),(none),(none),(none)
math-01773,success,symbols,is_integer,(none),(none),(none),(none),(none),(none)
math-01774,success,symbols,(none),(none),(none),(none),(none),(none),(none)
math-01775,success,python_interpreter,(none),(none),(none),(none),(none),(none),(none)
math-01776,success,symbols,(none),(none),(none),(none),(none),(none),(none)
math-01777,success,python_interpreter,(none),(none),(none),(none),(none),(none),(none)
math-01778,success,reduce,gcd,(none),(none),(none),(none),(none),(none)
math-01779,partial,symbols,Matrix,(none),(none),(none),(none),(none),(none)
math-01780,success,add,(none),(none),(none),(none),(none),(none),(none)
math-01781,partial,symbols,(none),(none),(none),(none),(none),(none),(none)
math-01782,success,symbols,(none),(none),(none),(none),(none),(none),(none)
math-01783,success,symbols,(none),(none),(none),(none),(none),(none),(none)
math-01784,success,factorial,(none),(none),(none),(none),(none),(none),(none)
math-01785,success,symbols,(none),(none),(none),(none),(none),(none),(none)
math-01786,success,probability,limit_denominator,limit_denominator,(none),(none),(none),(none),(none)
math-01787,partial,symbols,(none),(none),(none),(none),(none),(none),(none)
math-01788,success,symbols,diff,subs,(none),(none),(none),(none),(none)
math-01789,success,python_interpreter,(none),(none),(none),(none),(none),(none),(none)
math-01790,success,cbrt,(none),(none),(none),(none),(none),(none),(none)
math-01791,success,sqrt,(none),(none),(none),(none),(none),(none),(none)
math-01792,success,factorint,items,(none),(none),(none),(none),(none),(none)
math-01793,success,no_carry_pairs,(none),(none),(none),(none),(none),(none),(none)
math-01794,success,(none),(none),(none),(none),(none),(none),(none),(none)
math-01795,success,factorint,python_interpreter,(none),(none),(none),(none),(none),(none)
math-01796,success,python_interpreter,(none),(none),(none),(none),(none),(none),(none)
math-01797,success,python_interpreter,(none),(none),(none),(none),(none),(none),(none)
math-01798,fail,symbols,Eq,solve,Eq,subs,(none),(none),(none)
math-01799,fail,symbols,sqrt,(none),(none),(none),(none),(none),(none)
math-01800,partial,symbols,(none),(none),(none),(none),(none),(none),(none)
math-01801,success,comb,(none),(none),(none),(none),(none),(none),(none)
math-01802,success,python_interpreter,(none),(none),(none),(none),(none),(none),(none)
math-01803,success,log2,(none),(none),(none),(none),(none),(none),(none)
math-01804,success,ceil,(none),(none),(none),(none),(none),(none),(none)
math-01805,success,python_interpreter,(none),(none),(none),(none),(none),(none),(none)
math-01806,partial,array,cross,sqrt,(none),(none),(none),(none),(none)
math-01807,partial,factorial,(none),(none),(none),(none),(none),(none),(none)
math-01808,success,symbols,(none),(none),(none),(none),(none),(none),(none)
math-01809,success,combinations,(none),(none),(none),(none),(none),(none),(none)
math-01810,success,symbols,symbols,(none),(none),(none),(none),(none),(none)
math-01811,success,(none),(none),(none),(none),(none),(none),(none),(none)
math-01812,fail,comb,limit_denominator,gcd,(none),(none),(none),(none),(none)
math-01813,success,symbols,python_interpreter,(none),(none),(none),(none),(none),(none)
math-01814,success,symbols,symbols,(none),(none),(none),(none),(none),(none)
math-01815,success,python_interpreter,(none),(none),(none),(none),(none),(none),(none)
math-01816,success,python_interpreter,(none),(none),(none),(none),(none),(none),(none)
math-01817,success,python_interpreter,(none),(none),(none),(none),(none),(none),(none)
math-01818,fail,symbols,latex,(none),(none),(none),(none),(none),(none)
math-01819,success,symbols,(none),(none),(none),(none),(none),(none),(none)
math-01820,partial,symbols,(none),(none),(none),(none),(none),(none),(none)
math-01821,success,sqrt,(none),(none),(none),(none),(none),(none),(none)
math-01822,success,python_interpreter,(none),(none),(none),(none),(none),(none),(none)
math-01823,success,python_interpreter,(none),(none),(none),(none),(none),(none),(none)
math-01824,success,symbols,(none),(none),(none),(none),(none),(none),(none)
math-01825,success,python_interpreter,(none),(none),(none),(none),(none),(none),(none)
math-01826,partial,(none),(none),(none),(none),(none),(none),(none),(none)
math-01827,success,pow,(none),(none),(none),(none),(none),(none),(none)
math-01828,fail,(none),(none),(none),(none),(none),(none),(none),(none)
math-01829,success,binomial,(none),(none),(none),(none),(none),(none),(none)
math-01830,success,symbols,diff,(none),(none),(none),(none),(none),(none)
math-01831,success,Rational,python_interpreter,(none),(none),(none),(none),(none),(none)
math-01832,success,symbols,symbols,symbols,(none),(none),(none),(none),(none)
math-01833,success,python_interpreter,(none),(none),(none),(none),(none),(none),(none)
math-01834,success,symbols,(none),(none),(none),(none),(none),(none),(none)
math-01835,success,factorint,python_interpreter,(none),(none),(none),(none),(none),(none)
math-01836,fail,symbols,symbols,sqrt,sqrt,sqrt,(none),(none),(none)
math-01837,success,Rational,(none),(none),(none),(none),(none),(none),(none)
math-01838,success,is_lucky_integer,(none),(none),(none),(none),(none),(none),(none)
math-01839,partial,symbols,Eq,(none),(none),(none),(none),(none),(none)
math-01840,success,comb,(none),(none),(none),(none),(none),(none),(none)
math-01841,success,expression_value,expression_value,(none),(none),(none),(none),(none),(none)
math-01842,success,ceil,(none),(none),(none),(none),(none),(none),(none)
math-01843,success,python_interpreter,(none),(none),(none),(none),(none),(none),(none)
math-01844,fail,symbols,limit_denominator,(none),(none),(none),(none),(none),(none)
math-01845,success,f,(none),(none),(none),(none),(none),(none),(none)
math-01846,success,symbols,(none),(none),(none),(none),(none),(none),(none)
math-01847,success,python_interpreter,(none),(none),(none),(none),(none),(none),(none)
math-01848,success,sqrt,(none),(none),(none),(none),(none),(none),(none)
math-01849,success,symbols,symbols,(none),(none),(none),(none),(none),(none)
math-01850,partial,symbols,solve,(none),(none),(none),(none),(none),(none)
math-01851,partial,symbols,Union,(none),(none),(none),(none),(none),(none)
math-01852,success,Rational,(none),(none),(none),(none),(none),(none),(none)
math-01853,success,comb,(none),(none),(none),(none),(none),(none),(none)
math-01854,success,python_interpreter,(none),(none),(none),(none),(none),(none),(none)
math-01855,success,sqrt,(none),(none),(none),(none),(none),(none),(none)
math-01856,success,cos,(none),(none),(none),(none),(none),(none),(none)
math-01857,success,python_interpreter,(none),(none),(none),(none),(none),(none),(none)
math-01858,success,python_interpreter,(none),(none),(none),(none),(none),(none),(none)
math-01859,success,python_interpreter,(none),(none),(none),(none),(none),(none),(none)
math-01860,fail,as_integer_ratio,gcd,(none),(none),(none),(none),(none),(none)
math-01861,fail,comb,limit_denominator,(none),(none),(none),(none),(none),(none)
math-01862,partial,symbols,(none),(none),(none),(none),(none),(none),(none)
math-01863,success,combinations,(none),(none),(none),(none),(none),(none),(none)
math-01864,success,Fraction,add,(none),(none),(none),(none),(none),(none)
math-01865,partial,symbols,Eq,subs,(none),(none),(none),(none),(none)
math-01866,success,append,(none),(none),(none),(none),(none),(none),(none)
math-01867,fail,python_interpreter,python_interpreter,python_interpreter,python_interpreter,python_interpreter,(none),(none),(none)
math-01868,success,num_words_with_A,(none),(none),(none),(none),(none),(none),(none)
math-01869,success,symbols,(none),(none),(none),(none),(none),(none),(none)
math-01870,success,comb,(none),(none),(none),(none),(none),(none),(none)
math-01871,success,generate_integer,(none),(none),(none),(none),(none),(none),(none)
math-01872,success,elif,(none),(none),(none),(none),(none),(none),(none)
math-01873,success,symbols,python_interpreter,(none),(none),(none),(none),(none),(none)
math-01874,success,symbols,is_integer,(none),(none),(none),(none),(none),(none)
math-01875,success,python_interpreter,(none),(none),(none),(none),(none),(none),(none)
math-01876,success,symbols,python_interpreter,(none),(none),(none),(none),(none),(none)
math-01877,success,sqrt,(none),(none),(none),(none),(none),(none),(none)
math-01878,fail,(none),(none),(none),(none),(none),(none),(none),(none)
math-01879,partial,binomial_coefficient,binomial_coefficient,binomial_coefficient,(none),(none),(none),(none),(none)
math-01880,partial,symbols,symbols,(none),(none),(none),(none),(none),(none)
math-01881,partial,log2,(none),(none),(none),(none),(none),(none),(none)
math-01882,partial,exp,sqrt,(none),(none),(none),(none),(none),(none)
math-01883,success,comb,comb,(none),(none),(none),(none),(none),(none)
math-01884,success,symbols,python_interpreter,(none),(none),(none),(none),(none),(none)
math-01885,fail,combinations,limit_denominator,gcd,gcd,(none),(none),(none),(none)
math-01886,fail,comb,(none),(none),(none),(none),(none),(none),(none)
math-01887,success,symbols,(none),(none),(none),(none),(none),(none),(none)
math-01888,success,python_interpreter,(none),(none),(none),(none),(none),(none),(none)
math-01889,success,sqrt,(none),(none),(none),(none),(none),(none),(none)
math-01890,success,python_interpreter,(none),(none),(none),(none),(none),(none),(none)
math-01891,success,factorint,(none),(none),(none),(none),(none),(none),(none)
math-01892,partial,symbols,(none),(none),(none),(none),(none),(none),(none)
math-01893,success,symbols,python_interpreter,python_interpreter,python_interpreter,(none),(none),(none),(none)
math-01894,success,symbols,(none),(none),(none),(none),(none),(none),(none)
math-01895,success,python_interpreter,(none),(none),(none),(none),(none),(none),(none)
math-01896,partial,python_interpreter,(none),(none),(none),(none),(none),(none),(none)
math-01897,success,python_interpreter,(none),(none),(none),(none),(none),(none),(none)
math-01898,success,symbols,(none),(none),(none),(none),(none),(none),(none)
math-01899,fail,python_interpreter,limit_denominator,limit_denominator,(none),(none),(none),(none),(none)
math-01900,success,f,(none),(none),(none),(none),(none),(none),(none)
math-01901,success,symbols,(none),(none),(none),(none),(none),(none),(none)
math-01902,partial,array,(none),(none),(none),(none),(none),(none),(none)
math-01903,success,symbols,(none),(none),(none),(none),(none),(none),(none)
math-01904,success,comb,(none),(none),(none),(none),(none),(none),(none)
math-01905,success,symbols,Rational,simplify,Rational,(none),(none),(none),(none)
math-01906,success,symbols,python_interpreter,(none),(none),(none),(none),(none),(none)
math-01907,fail,python_interpreter,limit_denominator,limit_denominator,(none),(none),(none),(none),(none)
math-01908,success,symbols,(none),(none),(none),(none),(none),(none),(none)
math-01909,success,python_interpreter,(none),(none),(none),(none),(none),(none),(none)
math-01910,success,sqrt,sqrt,(none),(none),(none),(none),(none),(none)
math-01911,success,symbols,python_interpreter,python_interpreter,(none),(none),(none),(none),(none)
math-01912,success,symbols,(none),(none),(none),(none),(none),(none),(none)
math-01913,success,symbols,python_interpreter,(none),(none),(none),(none),(none),(none)
math-01914,fail,symbols,limit_denominator,(none),(none),(none),(none),(none),(none)
math-01915,fail,(none),(none),(none),(none),(none),(none),(none),(none)
math-01916,success,extended_gcd,python_interpreter,(none),(none),(none),(none),(none),(none)
math-01917,success,symbols,subs,(none),(none),(none),(none),(none),(none)
math-01918,success,symbols,(none),(none),(none),(none),(none),(none),(none)
math-01919,success,python_interpreter,(none),(none),(none),(none),(none),(none),(none)
math-01920,fail,combinations,limit_denominator,Rational,(none),(none),(none),(none),(none)
math-01921,success,python_interpreter,(none),(none),(none),(none),(none),(none),(none)
math-01922,success,sqrt,sqrt,(none),(none),(none),(none),(none),(none)
math-01923,fail,(none),(none),(none),(none),(none),(none),(none),(none)
math-01924,success,symbols,(none),(none),(none),(none),(none),(none),(none)
math-01925,success,python_interpreter,python_interpreter,(none),(none),(none),(none),(none),(none)
math-01926,success,array,reduce,gcd,(none),(none),(none),(none),(none)
math-01927,success,python_interpreter,(none),(none),(none),(none),(none),(none),(none)
math-01928,partial,symbols,(none),(none),(none),(none),(none),(none),(none)
math-01929,success,symbols,(none),(none),(none),(none),(none),(none),(none)
math-01930,success,append,(none),(none),(none),(none),(none),(none),(none)
math-01931,success,python_interpreter,(none),(none),(none),(none),(none),(none),(none)
math-01932,success,symbols,(none),(none),(none),(none),(none),(none),(none)
math-01933,success,python_interpreter,(none),(none),(none),(none),(none),(none),(none)
math-01934,success,symbols,(none),(none),(none),(none),(none),(none),(none)
math-01935,success,python_interpreter,(none),(none),(none),(none),(none),(none),(none)
math-01936,partial,python_interpreter,limit_denominator,limit_denominator,(none),(none),(none),(none),(none)
math-01937,success,python_interpreter,(none),(none),(none),(none),(none),(none),(none)
math-01938,fail,(none),(none),(none),(none),(none),(none),(none),(none)
math-01939,success,symbols,(none),(none),(none),(none),(none),(none),(none)
math-01940,success,symbols,symbols,(none),(none),(none),(none),(none),(none)
math-01941,success,comb,(none),(none),(none),(none),(none),(none),(none)
math-01942,partial,symbols,tan,(none),(none),(none),(none),(none),(none)
math-01943,fail,(none),(none),(none),(none),(none),(none),(none),(none)
math-01944,success,symbols,solve,python_interpreter,(none),(none),(none),(none),(none)
math-01945,success,python_interpreter,(none),(none),(none),(none),(none),(none),(none)
math-01946,success,acos,(none),(none),(none),(none),(none),(none),(none)
math-01947,success,python_interpreter,(none),(none),(none),(none),(none),(none),(none)
math-01948,partial,symbols,(none),(none),(none),(none),(none),(none),(none)
math-01949,success,symbols,solve,python_interpreter,(none),(none),(none),(none),(none)
math-01950,success,hash_op,(none),(none),(none),(none),(none),(none),(none)
math-01951,success,python_interpreter,(none),(none),(none),(none),(none),(none),(none)
math-01952,success,(none),(none),(none),(none),(none),(none),(none),(none)
math-01953,success,Is,symbols,(none),(none),(none),(none),(none),(none)
math-01954,success,symbols,(none),(none),(none),(none),(none),(none),(none)
math-01955,success,sqrt,sqrt,(none),(none),(none),(none),(none),(none)
math-01956,success,append,(none),(none),(none),(none),(none),(none),(none)
math-01957,fail,(none),(none),(none),(none),(none),(none),(none),(none)
math-01958,fail,symbols,expand,simplify,(none),(none),(none),(none),(none)
math-01959,success,symbols,symbols,(none),(none),(none),(none),(none),(none)
math-01960,success,comb,(none),(none),(none),(none),(none),(none),(none)
math-01961,success,symbols,python_interpreter,(none),(none),(none),(none),(none),(none)
math-01962,partial,symbols,(none),(none),(none),(none),(none),(none),(none)
math-01963,success,g,(none),(none),(none),(none),(none),(none),(none)
math-01964,success,python_interpreter,(none),(none),(none),(none),(none),(none),(none)
math-01965,success,symbols,(none),(none),(none),(none),(none),(none),(none)
math-01966,success,symbols,limit_denominator,(none),(none),(none),(none),(none),(none)
math-01967,success,python_interpreter,(none),(none),(none),(none),(none),(none),(none)
math-01968,success,symbols,(none),(none),(none),(none),(none),(none),(none)
math-01969,success,symbols,(none),(none),(none),(none),(none),(none),(none)
math-01970,success,gcd,(none),(none),(none),(none),(none),(none),(none)
math-01971,success,symbols,(none),(none),(none),(none),(none),(none),(none)
math-01972,success,symbols,(none),(none),(none),(none),(none),(none),(none)
math-01973,success,python_interpreter,(none),(none),(none),(none),(none),(none),(none)
math-01974,success,python_interpreter,(none),(none),(none),(none),(none),(none),(none)
math-01975,success,python_interpreter,(none),(none),(none),(none),(none),(none),(none)
math-01976,success,x23,(none),(none),(none),(none),(none),(none),(none)
math-01977,success,python_interpreter,(none),(none),(none),(none),(none),(none),(none)
math-01978,success,Rational,(none),(none),(none),(none),(none),(none),(none)
math-01979,success,append,(none),(none),(none),(none),(none),(none),(none)
math-01980,success,python_interpreter,(none),(none),(none),(none),(none),(none),(none)
math-01981,partial,symbols,(none),(none),(none),(none),(none),(none),(none)
math-01982,success,symbols,symbols,(none),(none),(none),(none),(none),(none)
math-01983,success,combinations,(none),(none),(none),(none),(none),(none),(none)
math-01984,success,gcd,(none),(none),(none),(none),(none),(none),(none)
math-01985,success,and,(none),(none),(none),(none),(none),(none),(none)
math-01986,success,python_interpreter,(none),(none),(none),(none),(none),(none),(none)
math-01987,success,symbols,symbols,(none),(none),(none),(none),(none),(none)
math-01988,success,comb,comb,(none),(none),(none),(none),(none),(none)
math-01989,success,symbols,simplify,subs,(none),(none),(none),(none),(none)
math-01990,fail,simplify,simplify,simplify,symbols,symbols,(none),(none),(none)
math-01991,success,symbols,limit_denominator,(none),(none),(none),(none),(none),(none)
math-01992,fail,(none),(none),(none),(none),(none),(none),(none),(none)
math-01993,success,symbols,(none),(none),(none),(none),(none),(none),(none)
math-01994,success,python_interpreter,(none),(none),(none),(none),(none),(none),(none)
math-01995,success,symbols,is_integer,(none),(none),(none),(none),(none),(none)
math-01996,success,gcd,(none),(none),(none),(none),(none),(none),(none)
math-01997,partial,python_interpreter,(none),(none),(none),(none),(none),(none),(none)
math-01998,success,gcd,(none),(none),(none),(none),(none),(none),(none)
math-01999,fail,comb,Fraction,gcd,(none),(none),(none),(none),(none)
math-02000,success,python_interpreter,(none),(none),(none),(none),(none),(none),(none)
math-02001,success,append,(none),(none),(none),(none),(none),(none),(none)
math-02002,success,symbols,(none),(none),(none),(none),(none),(none),(none)
math-02003,partial,symbols,(none),(none),(none),(none),(none),(none),(none)
math-02004,success,factorial,(none),(none),(none),(none),(none),(none),(none)
math-02005,success,symbols,(none),(none),(none),(none),(none),(none),(none)
math-02006,success,python_interpreter,(none),(none),(none),(none),(none),(none),(none)
math-02007,success,comb,(none),(none),(none),(none),(none),(none),(none)
math-02008,partial,symbols,symbols,solve,Eq,(none),(none),(none),(none)
math-02009,success,strip,(none),(none),(none),(none),(none),(none),(none)
math-02010,success,python_interpreter,Rational,(none),(none),(none),(none),(none),(none)
math-02011,fail,Rational,(none),(none),(none),(none),(none),(none),(none)
math-02012,success,symbols,limit_denominator,(none),(none),(none),(none),(none),(none)
math-02013,success,symbols,solve,(none),(none),(none),(none),(none),(none)
math-02014,success,symbols,solve,gcd,(none),(none),(none),(none),(none)
math-02015,success,python_interpreter,(none),(none),(none),(none),(none),(none),(none)
math-02016,success,symbols,split,(none),(none),(none),(none),(none),(none)
math-02017,success,cost_option_1,cost_option_1,(none),(none),(none),(none),(none),(none)
math-02018,success,pow,(none),(none),(none),(none),(none),(none),(none)
math-02019,success,symbols,is_integer,solve,(none),(none),(none),(none),(none)
math-02020,success,ceil,(none),(none),(none),(none),(none),(none),(none)
math-02021,fail,(none),(none),(none),(none),(none),(none),(none),(none)
math-02022,fail,symbols,subs,solve,python_interpreter,solve,(none),(none),(none)
math-02023,fail,tan,Rational,(none),(none),(none),(none),(none),(none)
math-02024,success,python_interpreter,(none),(none),(none),(none),(none),(none),(none)
math-02025,success,python_interpreter,(none),(none),(none),(none),(none),(none),(none)
math-02026,partial,append,append,(none),(none),(none),(none),(none),(none)
math-02027,success,symbols,(none),(none),(none),(none),(none),(none),(none)
math-02028,success,factorial,find_largest_number,(none),(none),(none),(none),(none),(none)
math-02029,success,(none),(none),(none),(none),(none),(none),(none),(none)
math-02030,success,python_interpreter,(none),(none),(none),(none),(none),(none),(none)
math-02031,success,python_interpreter,python_interpreter,python_interpreter,(none),(none),(none),(none),(none)
math-02032,success,python_interpreter,(none),(none),(none),(none),(none),(none),(none)
math-02033,fail,sqrt,python_interpreter,python_interpreter,sqrt,(none),(none),(none),(none)
math-02034,success,python_interpreter,(none),(none),(none),(none),(none),(none),(none)
math-02035,success,python_interpreter,ceil,(none),(none),(none),(none),(none),(none)
math-02036,success,(none),(none),(none),(none),(none),(none),(none),(none)
math-02037,success,mod_inverse,(none),(none),(none),(none),(none),(none),(none)
math-02038,partial,symbols,symbols,(none),(none),(none),(none),(none),(none)
math-02039,success,python_interpreter,(none),(none),(none),(none),(none),(none),(none)
math-02040,success,sqrt,(none),(none),(none),(none),(none),(none),(none)
math-02041,success,find_100th_negative_index,(none),(none),(none),(none),(none),(none),(none)
math-02042,success,python_interpreter,(none),(none),(none),(none),(none),(none),(none)
math-02043,success,symbols,python_interpreter,(none),(none),(none),(none),(none),(none)
math-02044,success,symbols,simplify,expand,(none),(none),(none),(none),(none)
math-02045,partial,symbols,(none),(none),(none),(none),(none),(none),(none)
math-02046,partial,symbols,(none),(none),(none),(none),(none),(none),(none)
math-02047,partial,python_interpreter,(none),(none),(none),(none),(none),(none),(none)
math-02048,partial,symbols,(none),(none),(none),(none),(none),(none),(none)
math-02049,success,symbols,(none),(none),(none),(none),(none),(none),(none)
math-02050,success,symbols,solve,python_interpreter,(none),(none),(none),(none),(none)
math-02051,success,comb,(none),(none),(none),(none),(none),(none),(none)
math-02052,success,python_interpreter,python_interpreter,python_interpreter,python_interpreter,(none),(none),(none),(none)
math-02053,success,ceil,(none),(none),(none),(none),(none),(none),(none)
math-02054,success,symbols,solveset,(none),(none),(none),(none),(none),(none)
math-02055,success,python_interpreter,(none),(none),(none),(none),(none),(none),(none)
math-02056,success,is_prime,(none),(none),(none),(none),(none),(none),(none)
math-02057,partial,symbols,symbols,sqrt,(none),(none),(none),(none),(none)
math-02058,success,decimal_to_base4,base4_to_decimal,(none),(none),(none),(none),(none),(none)
math-02059,success,symbols,(none),(none),(none),(none),(none),(none),(none)
math-02060,fail,sqrt,sqrt,sqrt,(none),(none),(none),(none),(none)
math-02061,fail,(none),(none),(none),(none),(none),(none),(none),(none)
math-02062,fail,comb,limit_denominator,limit_denominator,(none),(none),(none),(none),(none)
math-02063,success,symbols,solve,symbols,symbols,(none),(none),(none),(none)
math-02064,success,lhs,(none),(none),(none),(none),(none),(none),(none)
math-02065,success,mod_inverse,(none),(none),(none),(none),(none),(none),(none)
math-02066,success,symbols,(none),(none),(none),(none),(none),(none),(none)
math-02067,fail,(none),(none),(none),(none),(none),(none),(none),(none)
math-02068,success,symbols,simplify,(none),(none),(none),(none),(none),(none)
math-02069,success,python_interpreter,(none),(none),(none),(none),(none),(none),(none)
math-02070,success,symbols,(none),(none),(none),(none),(none),(none),(none)
math-02071,success,symbols,(none),(none),(none),(none),(none),(none),(none)
math-02072,success,symbols,symbols,(none),(none),(none),(none),(none),(none)
math-02073,success,sqrt,(none),(none),(none),(none),(none),(none),(none)
math-02074,fail,factorint,prod,(none),(none),(none),(none),(none),(none)
math-02075,success,symbols,f,(none),(none),(none),(none),(none),(none)
math-02076,fail,pairs,python_interpreter,gcd,(none),(none),(none),(none),(none)
math-02077,fail,python_interpreter,Rational,(none),(none),(none),(none),(none),(none)
math-02078,partial,cos,python_interpreter,(none),(none),(none),(none),(none),(none)
math-02079,success,gcd,(none),(none),(none),(none),(none),(none),(none)
math-02080,fail,symbols,subs,latex,(none),(none),(none),(none),(none)
math-02081,success,symbols,(none),(none),(none),(none),(none),(none),(none)
math-02082,success,add,(none),(none),(none),(none),(none),(none),(none)
math-02083,fail,comb,comb,(none),(none),(none),(none),(none),(none)
math-02084,partial,(none),(none),(none),(none),(none),(none),(none),(none)
math-02085,success,symbols,simplify,(none),(none),(none),(none),(none),(none)
math-02086,fail,comb,limit_denominator,limit_denominator,(none),(none),(none),(none),(none)
math-02087,success,valid,(none),(none),(none),(none),(none),(none),(none)
math-02088,partial,symbols,python_interpreter,(none),(none),(none),(none),(none),(none)
math-02089,success,python_interpreter,(none),(none),(none),(none),(none),(none),(none)
math-02090,success,symbols,is_integer,(none),(none),(none),(none),(none),(none)
math-02091,fail,symbols,symbols,symbols,symbols,symbols,(none),(none),(none)
math-02092,partial,symbols,(none),(none),(none),(none),(none),(none),(none)
math-02093,fail,symbols,(none),(none),(none),(none),(none),(none),(none)
math-02094,success,symbols,(none),(none),(none),(none),(none),(none),(none)
math-02095,success,python_interpreter,(none),(none),(none),(none),(none),(none),(none)
math-02096,success,python_interpreter,python_interpreter,python_interpreter,(none),(none),(none),(none),(none)
math-02097,fail,comb,(none),(none),(none),(none),(none),(none),(none)
math-02098,success,find_smallest_integer,(none),(none),(none),(none),(none),(none),(none)
math-02099,success,symbols,(none),(none),(none),(none),(none),(none),(none)
math-02100,success,python_interpreter,(none),(none),(none),(none),(none),(none),(none)
math-02101,success,permutations,(none),(none),(none),(none),(none),(none),(none)
math-02102,success,x,python_interpreter,(none),(none),(none),(none),(none),(none)
math-02103,fail,(none),(none),(none),(none),(none),(none),(none),(none)
math-02104,success,log,sqrt,simplify,(none),(none),(none),(none),(none)
math-02105,success,comb,(none),(none),(none),(none),(none),(none),(none)
math-02106,success,python_interpreter,python_interpreter,(none),(none),(none),(none),(none),(none)
math-02107,fail,(none),(none),(none),(none),(none),(none),(none),(none)
math-02108,success,(none),(none),(none),(none),(none),(none),(none),(none)
math-02109,success,(none),(none),(none),(none),(none),(none),(none),(none)
math-02110,success,python_interpreter,(none),(none),(none),(none),(none),(none),(none)
math-02111,success,and,(none),(none),(none),(none),(none),(none),(none)
math-02112,success,Rational,(none),(none),(none),(none),(none),(none),(none)
